0
SECTION
2
HEADER
9
$ACADVER
1
AC1015
9
$INSUNITS
70
6
0
ENDSEC
0
SECTION
2
BLOCKS
0
BLOCK
8
0
2
UMG_DEBY_LOD2_4001
70
0
10
0
20
0
30
0
3
UMG_DEBY_LOD2_4001
0
3DFACE
8
S_UMGEBUNG_BODEN
10
-145.3238
20
-7.0000
30
-1.7145
11
-134.6762
21
-7.0000
31
-1.7145
12
-134.6762
22
2.0000
32
-1.7145
13
-145.3238
23
2.0000
33
-1.7145
0
3DFACE
8
S_UMGEBUNG_WAND
10
-145.3238
20
-7.0000
30
-1.7145
11
-134.6762
21
-7.0000
31
-1.7145
12
-134.6762
22
-7.0000
32
4.4363
13
-145.3238
23
-7.0000
33
4.4363
0
3DFACE
8
S_UMGEBUNG_WAND
10
-134.6762
20
-7.0000
30
-1.7145
11
-134.6762
21
2.0000
31
-1.7145
12
-134.6762
22
2.0000
32
4.4363
13
-134.6762
23
-7.0000
33
4.4363
0
3DFACE
8
S_UMGEBUNG_WAND
10
-134.6762
20
2.0000
30
-1.7145
11
-145.3238
21
2.0000
31
-1.7145
12
-145.3238
22
2.0000
32
4.4363
13
-134.6762
23
2.0000
33
4.4363
0
3DFACE
8
S_UMGEBUNG_WAND
10
-145.3238
20
2.0000
30
-1.7145
11
-145.3238
21
-7.0000
31
-1.7145
12
-145.3238
22
-7.0000
32
4.4363
13
-145.3238
23
2.0000
33
4.4363
0
3DFACE
8
S_UMGEBUNG_DACH
10
-145.3238
20
-7.0000
30
4.4363
11
-134.6762
21
-7.0000
31
4.4363
12
-134.6762
22
-2.5000
32
8.2619
13
-145.3238
23
-2.5000
33
8.2619
0
3DFACE
8
S_UMGEBUNG_DACH
10
-145.3238
20
-2.5000
30
8.2619
11
-134.6762
21
-2.5000
31
8.2619
12
-134.6762
22
2.0000
32
4.4363
13
-145.3238
23
2.0000
33
4.4363
0
3DFACE
8
S_UMGEBUNG_WAND
10
-134.6762
20
-7.0000
30
4.4363
11
-134.6762
21
2.0000
31
4.4363
12
-134.6762
22
-2.5000
32
8.2619
13
-134.6762
23
-2.5000
33
8.2619
0
3DFACE
8
S_UMGEBUNG_WAND
10
-145.3238
20
2.0000
30
4.4363
11
-145.3238
21
-7.0000
31
4.4363
12
-145.3238
22
-2.5000
32
8.2619
13
-145.3238
23
-2.5000
33
8.2619
0
ENDBLK
8
0
0
BLOCK
8
0
2
UMG_DEBY_LOD2_4002
70
0
10
0
20
0
30
0
3
UMG_DEBY_LOD2_4002
0
3DFACE
8
S_UMGEBUNG_BODEN
10
-141.5000
20
-40.7500
30
-2.3267
11
-130.5000
21
-40.7500
31
-2.3267
12
-130.5000
22
-31.2500
32
-2.3267
13
-141.5000
23
-31.2500
33
-2.3267
0
3DFACE
8
S_UMGEBUNG_WAND
10
-141.5000
20
-40.7500
30
-2.3267
11
-130.5000
21
-40.7500
31
-2.3267
12
-130.5000
22
-40.7500
32
3.2458
13
-141.5000
23
-40.7500
33
3.2458
0
3DFACE
8
S_UMGEBUNG_WAND
10
-130.5000
20
-40.7500
30
-2.3267
11
-130.5000
21
-31.2500
31
-2.3267
12
-130.5000
22
-31.2500
32
3.2458
13
-130.5000
23
-40.7500
33
3.2458
0
3DFACE
8
S_UMGEBUNG_WAND
10
-130.5000
20
-31.2500
30
-2.3267
11
-141.5000
21
-31.2500
31
-2.3267
12
-141.5000
22
-31.2500
32
3.2458
13
-130.5000
23
-31.2500
33
3.2458
0
3DFACE
8
S_UMGEBUNG_WAND
10
-141.5000
20
-31.2500
30
-2.3267
11
-141.5000
21
-40.7500
31
-2.3267
12
-141.5000
22
-40.7500
32
3.2458
13
-141.5000
23
-31.2500
33
3.2458
0
3DFACE
8
S_UMGEBUNG_DACH
10
-141.5000
20
-40.7500
30
3.2458
11
-130.5000
21
-40.7500
31
3.2458
12
-130.5000
22
-36.0000
32
7.2771
13
-141.5000
23
-36.0000
33
7.2771
0
3DFACE
8
S_UMGEBUNG_DACH
10
-141.5000
20
-36.0000
30
7.2771
11
-130.5000
21
-36.0000
31
7.2771
12
-130.5000
22
-31.2500
32
3.2458
13
-141.5000
23
-31.2500
33
3.2458
0
3DFACE
8
S_UMGEBUNG_WAND
10
-130.5000
20
-40.7500
30
3.2458
11
-130.5000
21
-31.2500
31
3.2458
12
-130.5000
22
-36.0000
32
7.2771
13
-130.5000
23
-36.0000
33
7.2771
0
3DFACE
8
S_UMGEBUNG_WAND
10
-141.5000
20
-31.2500
30
3.2458
11
-141.5000
21
-40.7500
31
3.2458
12
-141.5000
22
-36.0000
32
7.2771
13
-141.5000
23
-36.0000
33
7.2771
0
ENDBLK
8
0
0
BLOCK
8
0
2
UMG_DEBY_LOD2_4003
70
0
10
0
20
0
30
0
3
UMG_DEBY_LOD2_4003
0
3DFACE
8
S_UMGEBUNG_BODEN
10
-128.3657
20
-7.0000
30
-1.7609
11
-117.6343
21
-7.0000
31
-1.7609
12
-117.6343
22
2.0000
32
-1.7609
13
-128.3657
23
2.0000
33
-1.7609
0
3DFACE
8
S_UMGEBUNG_WAND
10
-128.3657
20
-7.0000
30
-1.7609
11
-117.6343
21
-7.0000
31
-1.7609
12
-117.6343
22
-7.0000
32
4.2971
13
-128.3657
23
-7.0000
33
4.2971
0
3DFACE
8
S_UMGEBUNG_WAND
10
-117.6343
20
-7.0000
30
-1.7609
11
-117.6343
21
2.0000
31
-1.7609
12
-117.6343
22
2.0000
32
4.2971
13
-117.6343
23
-7.0000
33
4.2971
0
3DFACE
8
S_UMGEBUNG_WAND
10
-117.6343
20
2.0000
30
-1.7609
11
-128.3657
21
2.0000
31
-1.7609
12
-128.3657
22
2.0000
32
4.2971
13
-117.6343
23
2.0000
33
4.2971
0
3DFACE
8
S_UMGEBUNG_WAND
10
-128.3657
20
2.0000
30
-1.7609
11
-128.3657
21
-7.0000
31
-1.7609
12
-128.3657
22
-7.0000
32
4.2971
13
-128.3657
23
2.0000
33
4.2971
0
3DFACE
8
S_UMGEBUNG_DACH
10
-128.3657
20
-7.0000
30
4.2971
11
-117.6343
21
-7.0000
31
4.2971
12
-117.6343
22
-2.5000
32
8.0002
13
-128.3657
23
-2.5000
33
8.0002
0
3DFACE
8
S_UMGEBUNG_DACH
10
-128.3657
20
-2.5000
30
8.0002
11
-117.6343
21
-2.5000
31
8.0002
12
-117.6343
22
2.0000
32
4.2971
13
-128.3657
23
2.0000
33
4.2971
0
3DFACE
8
S_UMGEBUNG_WAND
10
-117.6343
20
-7.0000
30
4.2971
11
-117.6343
21
2.0000
31
4.2971
12
-117.6343
22
-2.5000
32
8.0002
13
-117.6343
23
-2.5000
33
8.0002
0
3DFACE
8
S_UMGEBUNG_WAND
10
-128.3657
20
2.0000
30
4.2971
11
-128.3657
21
-7.0000
31
4.2971
12
-128.3657
22
-2.5000
32
8.0002
13
-128.3657
23
-2.5000
33
8.0002
0
ENDBLK
8
0
0
BLOCK
8
0
2
UMG_DEBY_LOD2_4004
70
0
10
0
20
0
30
0
3
UMG_DEBY_LOD2_4004
0
3DFACE
8
S_UMGEBUNG_BODEN
10
-124.5000
20
-40.7500
30
-2.3755
11
-113.5000
21
-40.7500
31
-2.3755
12
-113.5000
22
-31.2500
32
-2.3755
13
-124.5000
23
-31.2500
33
-2.3755
0
3DFACE
8
S_UMGEBUNG_WAND
10
-124.5000
20
-40.7500
30
-2.3755
11
-113.5000
21
-40.7500
31
-2.3755
12
-113.5000
22
-40.7500
32
3.1620
13
-124.5000
23
-40.7500
33
3.1620
0
3DFACE
8
S_UMGEBUNG_WAND
10
-113.5000
20
-40.7500
30
-2.3755
11
-113.5000
21
-31.2500
31
-2.3755
12
-113.5000
22
-31.2500
32
3.1620
13
-113.5000
23
-40.7500
33
3.1620
0
3DFACE
8
S_UMGEBUNG_WAND
10
-113.5000
20
-31.2500
30
-2.3755
11
-124.5000
21
-31.2500
31
-2.3755
12
-124.5000
22
-31.2500
32
3.1620
13
-113.5000
23
-31.2500
33
3.1620
0
3DFACE
8
S_UMGEBUNG_WAND
10
-124.5000
20
-31.2500
30
-2.3755
11
-124.5000
21
-40.7500
31
-2.3755
12
-124.5000
22
-40.7500
32
3.1620
13
-124.5000
23
-31.2500
33
3.1620
0
3DFACE
8
S_UMGEBUNG_DACH
10
-124.5000
20
-40.7500
30
3.1620
11
-113.5000
21
-40.7500
31
3.1620
12
-113.5000
22
-36.0000
32
7.0750
13
-124.5000
23
-36.0000
33
7.0750
0
3DFACE
8
S_UMGEBUNG_DACH
10
-124.5000
20
-36.0000
30
7.0750
11
-113.5000
21
-36.0000
31
7.0750
12
-113.5000
22
-31.2500
32
3.1620
13
-124.5000
23
-31.2500
33
3.1620
0
3DFACE
8
S_UMGEBUNG_WAND
10
-113.5000
20
-40.7500
30
3.1620
11
-113.5000
21
-31.2500
31
3.1620
12
-113.5000
22
-36.0000
32
7.0750
13
-113.5000
23
-36.0000
33
7.0750
0
3DFACE
8
S_UMGEBUNG_WAND
10
-124.5000
20
-31.2500
30
3.1620
11
-124.5000
21
-40.7500
31
3.1620
12
-124.5000
22
-36.0000
32
7.0750
13
-124.5000
23
-36.0000
33
7.0750
0
ENDBLK
8
0
0
BLOCK
8
0
2
UMG_DEBY_LOD2_4005
70
0
10
0
20
0
30
0
3
UMG_DEBY_LOD2_4005
0
3DFACE
8
S_UMGEBUNG_BODEN
10
-111.0699
20
-7.0000
30
-1.8002
11
-100.9301
21
-7.0000
31
-1.8002
12
-100.9301
22
2.0000
32
-1.8002
13
-111.0699
23
2.0000
33
-1.8002
0
3DFACE
8
S_UMGEBUNG_WAND
10
-111.0699
20
-7.0000
30
-1.8002
11
-100.9301
21
-7.0000
31
-1.8002
12
-100.9301
22
-7.0000
32
4.2905
13
-111.0699
23
-7.0000
33
4.2905
0
3DFACE
8
S_UMGEBUNG_WAND
10
-100.9301
20
-7.0000
30
-1.8002
11
-100.9301
21
2.0000
31
-1.8002
12
-100.9301
22
2.0000
32
4.2905
13
-100.9301
23
-7.0000
33
4.2905
0
3DFACE
8
S_UMGEBUNG_WAND
10
-100.9301
20
2.0000
30
-1.8002
11
-111.0699
21
2.0000
31
-1.8002
12
-111.0699
22
2.0000
32
4.2905
13
-100.9301
23
2.0000
33
4.2905
0
3DFACE
8
S_UMGEBUNG_WAND
10
-111.0699
20
2.0000
30
-1.8002
11
-111.0699
21
-7.0000
31
-1.8002
12
-111.0699
22
-7.0000
32
4.2905
13
-111.0699
23
2.0000
33
4.2905
0
3DFACE
8
S_UMGEBUNG_DACH
10
-111.0699
20
-7.0000
30
4.2905
11
-100.9301
21
-7.0000
31
4.2905
12
-100.9301
22
-2.5000
32
7.8366
13
-111.0699
23
-2.5000
33
7.8366
0
3DFACE
8
S_UMGEBUNG_DACH
10
-111.0699
20
-2.5000
30
7.8366
11
-100.9301
21
-2.5000
31
7.8366
12
-100.9301
22
2.0000
32
4.2905
13
-111.0699
23
2.0000
33
4.2905
0
3DFACE
8
S_UMGEBUNG_WAND
10
-100.9301
20
-7.0000
30
4.2905
11
-100.9301
21
2.0000
31
4.2905
12
-100.9301
22
-2.5000
32
7.8366
13
-100.9301
23
-2.5000
33
7.8366
0
3DFACE
8
S_UMGEBUNG_WAND
10
-111.0699
20
2.0000
30
4.2905
11
-111.0699
21
-7.0000
31
4.2905
12
-111.0699
22
-2.5000
32
7.8366
13
-111.0699
23
-2.5000
33
7.8366
0
ENDBLK
8
0
0
BLOCK
8
0
2
UMG_DEBY_LOD2_4006
70
0
10
0
20
0
30
0
3
UMG_DEBY_LOD2_4006
0
3DFACE
8
S_UMGEBUNG_BODEN
10
-107.5000
20
-40.7500
30
-2.4066
11
-96.5000
21
-40.7500
31
-2.4066
12
-96.5000
22
-31.2500
32
-2.4066
13
-107.5000
23
-31.2500
33
-2.4066
0
3DFACE
8
S_UMGEBUNG_WAND
10
-107.5000
20
-40.7500
30
-2.4066
11
-96.5000
21
-40.7500
31
-2.4066
12
-96.5000
22
-40.7500
32
3.9202
13
-107.5000
23
-40.7500
33
3.9202
0
3DFACE
8
S_UMGEBUNG_WAND
10
-96.5000
20
-40.7500
30
-2.4066
11
-96.5000
21
-31.2500
31
-2.4066
12
-96.5000
22
-31.2500
32
3.9202
13
-96.5000
23
-40.7500
33
3.9202
0
3DFACE
8
S_UMGEBUNG_WAND
10
-96.5000
20
-31.2500
30
-2.4066
11
-107.5000
21
-31.2500
31
-2.4066
12
-107.5000
22
-31.2500
32
3.9202
13
-96.5000
23
-31.2500
33
3.9202
0
3DFACE
8
S_UMGEBUNG_WAND
10
-107.5000
20
-31.2500
30
-2.4066
11
-107.5000
21
-40.7500
31
-2.4066
12
-107.5000
22
-40.7500
32
3.9202
13
-107.5000
23
-31.2500
33
3.9202
0
3DFACE
8
S_UMGEBUNG_DACH
10
-107.5000
20
-40.7500
30
3.9202
11
-96.5000
21
-40.7500
31
3.9202
12
-96.5000
22
-36.0000
32
6.5791
13
-107.5000
23
-36.0000
33
6.5791
0
3DFACE
8
S_UMGEBUNG_DACH
10
-107.5000
20
-36.0000
30
6.5791
11
-96.5000
21
-36.0000
31
6.5791
12
-96.5000
22
-31.2500
32
3.9202
13
-107.5000
23
-31.2500
33
3.9202
0
3DFACE
8
S_UMGEBUNG_WAND
10
-96.5000
20
-40.7500
30
3.9202
11
-96.5000
21
-31.2500
31
3.9202
12
-96.5000
22
-36.0000
32
6.5791
13
-96.5000
23
-36.0000
33
6.5791
0
3DFACE
8
S_UMGEBUNG_WAND
10
-107.5000
20
-31.2500
30
3.9202
11
-107.5000
21
-40.7500
31
3.9202
12
-107.5000
22
-36.0000
32
6.5791
13
-107.5000
23
-36.0000
33
6.5791
0
ENDBLK
8
0
0
BLOCK
8
0
2
UMG_DEBY_LOD2_4007
70
0
10
0
20
0
30
0
3
UMG_DEBY_LOD2_4007
0
3DFACE
8
S_UMGEBUNG_BODEN
10
-94.2232
20
-7.0000
30
-1.7891
11
-83.7768
21
-7.0000
31
-1.7891
12
-83.7768
22
2.0000
32
-1.7891
13
-94.2232
23
2.0000
33
-1.7891
0
3DFACE
8
S_UMGEBUNG_WAND
10
-94.2232
20
-7.0000
30
-1.7891
11
-83.7768
21
-7.0000
31
-1.7891
12
-83.7768
22
-7.0000
32
4.8383
13
-94.2232
23
-7.0000
33
4.8383
0
3DFACE
8
S_UMGEBUNG_WAND
10
-83.7768
20
-7.0000
30
-1.7891
11
-83.7768
21
2.0000
31
-1.7891
12
-83.7768
22
2.0000
32
4.8383
13
-83.7768
23
-7.0000
33
4.8383
0
3DFACE
8
S_UMGEBUNG_WAND
10
-83.7768
20
2.0000
30
-1.7891
11
-94.2232
21
2.0000
31
-1.7891
12
-94.2232
22
2.0000
32
4.8383
13
-83.7768
23
2.0000
33
4.8383
0
3DFACE
8
S_UMGEBUNG_WAND
10
-94.2232
20
2.0000
30
-1.7891
11
-94.2232
21
-7.0000
31
-1.7891
12
-94.2232
22
-7.0000
32
4.8383
13
-94.2232
23
2.0000
33
4.8383
0
3DFACE
8
S_UMGEBUNG_DACH
10
-94.2232
20
-7.0000
30
4.8383
11
-83.7768
21
-7.0000
31
4.8383
12
-83.7768
22
-2.5000
32
8.6324
13
-94.2232
23
-2.5000
33
8.6324
0
3DFACE
8
S_UMGEBUNG_DACH
10
-94.2232
20
-2.5000
30
8.6324
11
-83.7768
21
-2.5000
31
8.6324
12
-83.7768
22
2.0000
32
4.8383
13
-94.2232
23
2.0000
33
4.8383
0
3DFACE
8
S_UMGEBUNG_WAND
10
-83.7768
20
-7.0000
30
4.8383
11
-83.7768
21
2.0000
31
4.8383
12
-83.7768
22
-2.5000
32
8.6324
13
-83.7768
23
-2.5000
33
8.6324
0
3DFACE
8
S_UMGEBUNG_WAND
10
-94.2232
20
2.0000
30
4.8383
11
-94.2232
21
-7.0000
31
4.8383
12
-94.2232
22
-2.5000
32
8.6324
13
-94.2232
23
-2.5000
33
8.6324
0
ENDBLK
8
0
0
BLOCK
8
0
2
UMG_DEBY_LOD2_4008
70
0
10
0
20
0
30
0
3
UMG_DEBY_LOD2_4008
0
3DFACE
8
S_UMGEBUNG_BODEN
10
-90.5000
20
-40.7500
30
-2.3782
11
-79.5000
21
-40.7500
31
-2.3782
12
-79.5000
22
-31.2500
32
-2.3782
13
-90.5000
23
-31.2500
33
-2.3782
0
3DFACE
8
S_UMGEBUNG_WAND
10
-90.5000
20
-40.7500
30
-2.3782
11
-79.5000
21
-40.7500
31
-2.3782
12
-79.5000
22
-40.7500
32
3.6989
13
-90.5000
23
-40.7500
33
3.6989
0
3DFACE
8
S_UMGEBUNG_WAND
10
-79.5000
20
-40.7500
30
-2.3782
11
-79.5000
21
-31.2500
31
-2.3782
12
-79.5000
22
-31.2500
32
3.6989
13
-79.5000
23
-40.7500
33
3.6989
0
3DFACE
8
S_UMGEBUNG_WAND
10
-79.5000
20
-31.2500
30
-2.3782
11
-90.5000
21
-31.2500
31
-2.3782
12
-90.5000
22
-31.2500
32
3.6989
13
-79.5000
23
-31.2500
33
3.6989
0
3DFACE
8
S_UMGEBUNG_WAND
10
-90.5000
20
-31.2500
30
-2.3782
11
-90.5000
21
-40.7500
31
-2.3782
12
-90.5000
22
-40.7500
32
3.6989
13
-90.5000
23
-31.2500
33
3.6989
0
3DFACE
8
S_UMGEBUNG_DACH
10
-90.5000
20
-40.7500
30
3.6989
11
-79.5000
21
-40.7500
31
3.6989
12
-79.5000
22
-36.0000
32
7.0168
13
-90.5000
23
-36.0000
33
7.0168
0
3DFACE
8
S_UMGEBUNG_DACH
10
-90.5000
20
-36.0000
30
7.0168
11
-79.5000
21
-36.0000
31
7.0168
12
-79.5000
22
-31.2500
32
3.6989
13
-90.5000
23
-31.2500
33
3.6989
0
3DFACE
8
S_UMGEBUNG_WAND
10
-79.5000
20
-40.7500
30
3.6989
11
-79.5000
21
-31.2500
31
3.6989
12
-79.5000
22
-36.0000
32
7.0168
13
-79.5000
23
-36.0000
33
7.0168
0
3DFACE
8
S_UMGEBUNG_WAND
10
-90.5000
20
-31.2500
30
3.6989
11
-90.5000
21
-40.7500
31
3.6989
12
-90.5000
22
-36.0000
32
7.0168
13
-90.5000
23
-36.0000
33
7.0168
0
ENDBLK
8
0
0
BLOCK
8
0
2
UMG_DEBY_LOD2_4009
70
0
10
0
20
0
30
0
3
UMG_DEBY_LOD2_4009
0
3DFACE
8
S_UMGEBUNG_BODEN
10
-60.9763
20
-7.0000
30
-1.4935
11
-49.0237
21
-7.0000
31
-1.4935
12
-49.0237
22
2.0000
32
-1.4935
13
-60.9763
23
2.0000
33
-1.4935
0
3DFACE
8
S_UMGEBUNG_WAND
10
-60.9763
20
-7.0000
30
-1.4935
11
-49.0237
21
-7.0000
31
-1.4935
12
-49.0237
22
-7.0000
32
4.5530
13
-60.9763
23
-7.0000
33
4.5530
0
3DFACE
8
S_UMGEBUNG_WAND
10
-49.0237
20
-7.0000
30
-1.4935
11
-49.0237
21
2.0000
31
-1.4935
12
-49.0237
22
2.0000
32
4.5530
13
-49.0237
23
-7.0000
33
4.5530
0
3DFACE
8
S_UMGEBUNG_WAND
10
-49.0237
20
2.0000
30
-1.4935
11
-60.9763
21
2.0000
31
-1.4935
12
-60.9763
22
2.0000
32
4.5530
13
-49.0237
23
2.0000
33
4.5530
0
3DFACE
8
S_UMGEBUNG_WAND
10
-60.9763
20
2.0000
30
-1.4935
11
-60.9763
21
-7.0000
31
-1.4935
12
-60.9763
22
-7.0000
32
4.5530
13
-60.9763
23
2.0000
33
4.5530
0
3DFACE
8
S_UMGEBUNG_DACH
10
-60.9763
20
-7.0000
30
4.5530
11
-49.0237
21
-7.0000
31
4.5530
12
-49.0237
22
-2.5000
32
8.7942
13
-60.9763
23
-2.5000
33
8.7942
0
3DFACE
8
S_UMGEBUNG_DACH
10
-60.9763
20
-2.5000
30
8.7942
11
-49.0237
21
-2.5000
31
8.7942
12
-49.0237
22
2.0000
32
4.5530
13
-60.9763
23
2.0000
33
4.5530
0
3DFACE
8
S_UMGEBUNG_WAND
10
-49.0237
20
-7.0000
30
4.5530
11
-49.0237
21
2.0000
31
4.5530
12
-49.0237
22
-2.5000
32
8.7942
13
-49.0237
23
-2.5000
33
8.7942
0
3DFACE
8
S_UMGEBUNG_WAND
10
-60.9763
20
2.0000
30
4.5530
11
-60.9763
21
-7.0000
31
4.5530
12
-60.9763
22
-2.5000
32
8.7942
13
-60.9763
23
-2.5000
33
8.7942
0
ENDBLK
8
0
0
BLOCK
8
0
2
UMG_DEBY_LOD2_4010
70
0
10
0
20
0
30
0
3
UMG_DEBY_LOD2_4010
0
3DFACE
8
S_UMGEBUNG_BODEN
10
-56.5000
20
-40.7500
30
-2.0339
11
-45.5000
21
-40.7500
31
-2.0339
12
-45.5000
22
-31.2500
32
-2.0339
13
-56.5000
23
-31.2500
33
-2.0339
0
3DFACE
8
S_UMGEBUNG_WAND
10
-56.5000
20
-40.7500
30
-2.0339
11
-45.5000
21
-40.7500
31
-2.0339
12
-45.5000
22
-40.7500
32
3.7557
13
-56.5000
23
-40.7500
33
3.7557
0
3DFACE
8
S_UMGEBUNG_WAND
10
-45.5000
20
-40.7500
30
-2.0339
11
-45.5000
21
-31.2500
31
-2.0339
12
-45.5000
22
-31.2500
32
3.7557
13
-45.5000
23
-40.7500
33
3.7557
0
3DFACE
8
S_UMGEBUNG_WAND
10
-45.5000
20
-31.2500
30
-2.0339
11
-56.5000
21
-31.2500
31
-2.0339
12
-56.5000
22
-31.2500
32
3.7557
13
-45.5000
23
-31.2500
33
3.7557
0
3DFACE
8
S_UMGEBUNG_WAND
10
-56.5000
20
-31.2500
30
-2.0339
11
-56.5000
21
-40.7500
31
-2.0339
12
-56.5000
22
-40.7500
32
3.7557
13
-56.5000
23
-31.2500
33
3.7557
0
3DFACE
8
S_UMGEBUNG_DACH
10
-56.5000
20
-40.7500
30
3.7557
11
-45.5000
21
-40.7500
31
3.7557
12
-45.5000
22
-36.0000
32
6.9824
13
-56.5000
23
-36.0000
33
6.9824
0
3DFACE
8
S_UMGEBUNG_DACH
10
-56.5000
20
-36.0000
30
6.9824
11
-45.5000
21
-36.0000
31
6.9824
12
-45.5000
22
-31.2500
32
3.7557
13
-56.5000
23
-31.2500
33
3.7557
0
3DFACE
8
S_UMGEBUNG_WAND
10
-45.5000
20
-40.7500
30
3.7557
11
-45.5000
21
-31.2500
31
3.7557
12
-45.5000
22
-36.0000
32
6.9824
13
-45.5000
23
-36.0000
33
6.9824
0
3DFACE
8
S_UMGEBUNG_WAND
10
-56.5000
20
-31.2500
30
3.7557
11
-56.5000
21
-40.7500
31
3.7557
12
-56.5000
22
-36.0000
32
6.9824
13
-56.5000
23
-36.0000
33
6.9824
0
ENDBLK
8
0
0
BLOCK
8
0
2
UMG_DEBY_LOD2_4011
70
0
10
0
20
0
30
0
3
UMG_DEBY_LOD2_4011
0
3DFACE
8
S_UMGEBUNG_BODEN
10
-43.1178
20
-7.0000
30
-1.1890
11
-32.8822
21
-7.0000
31
-1.1890
12
-32.8822
22
2.0000
32
-1.1890
13
-43.1178
23
2.0000
33
-1.1890
0
3DFACE
8
S_UMGEBUNG_WAND
10
-43.1178
20
-7.0000
30
-1.1890
11
-32.8822
21
-7.0000
31
-1.1890
12
-32.8822
22
-7.0000
32
5.1194
13
-43.1178
23
-7.0000
33
5.1194
0
3DFACE
8
S_UMGEBUNG_WAND
10
-32.8822
20
-7.0000
30
-1.1890
11
-32.8822
21
2.0000
31
-1.1890
12
-32.8822
22
2.0000
32
5.1194
13
-32.8822
23
-7.0000
33
5.1194
0
3DFACE
8
S_UMGEBUNG_WAND
10
-32.8822
20
2.0000
30
-1.1890
11
-43.1178
21
2.0000
31
-1.1890
12
-43.1178
22
2.0000
32
5.1194
13
-32.8822
23
2.0000
33
5.1194
0
3DFACE
8
S_UMGEBUNG_WAND
10
-43.1178
20
2.0000
30
-1.1890
11
-43.1178
21
-7.0000
31
-1.1890
12
-43.1178
22
-7.0000
32
5.1194
13
-43.1178
23
2.0000
33
5.1194
0
3DFACE
8
S_UMGEBUNG_DACH
10
-43.1178
20
-7.0000
30
5.1194
11
-32.8822
21
-7.0000
31
5.1194
12
-32.8822
22
-2.5000
32
9.0351
13
-43.1178
23
-2.5000
33
9.0351
0
3DFACE
8
S_UMGEBUNG_DACH
10
-43.1178
20
-2.5000
30
9.0351
11
-32.8822
21
-2.5000
31
9.0351
12
-32.8822
22
2.0000
32
5.1194
13
-43.1178
23
2.0000
33
5.1194
0
3DFACE
8
S_UMGEBUNG_WAND
10
-32.8822
20
-7.0000
30
5.1194
11
-32.8822
21
2.0000
31
5.1194
12
-32.8822
22
-2.5000
32
9.0351
13
-32.8822
23
-2.5000
33
9.0351
0
3DFACE
8
S_UMGEBUNG_WAND
10
-43.1178
20
2.0000
30
5.1194
11
-43.1178
21
-7.0000
31
5.1194
12
-43.1178
22
-2.5000
32
9.0351
13
-43.1178
23
-2.5000
33
9.0351
0
ENDBLK
8
0
0
BLOCK
8
0
2
UMG_DEBY_LOD2_4012
70
0
10
0
20
0
30
0
3
UMG_DEBY_LOD2_4012
0
3DFACE
8
S_UMGEBUNG_BODEN
10
-39.5000
20
-40.7500
30
-1.7068
11
-28.5000
21
-40.7500
31
-1.7068
12
-28.5000
22
-31.2500
32
-1.7068
13
-39.5000
23
-31.2500
33
-1.7068
0
3DFACE
8
S_UMGEBUNG_WAND
10
-39.5000
20
-40.7500
30
-1.7068
11
-28.5000
21
-40.7500
31
-1.7068
12
-28.5000
22
-40.7500
32
3.9740
13
-39.5000
23
-40.7500
33
3.9740
0
3DFACE
8
S_UMGEBUNG_WAND
10
-28.5000
20
-40.7500
30
-1.7068
11
-28.5000
21
-31.2500
31
-1.7068
12
-28.5000
22
-31.2500
32
3.9740
13
-28.5000
23
-40.7500
33
3.9740
0
3DFACE
8
S_UMGEBUNG_WAND
10
-28.5000
20
-31.2500
30
-1.7068
11
-39.5000
21
-31.2500
31
-1.7068
12
-39.5000
22
-31.2500
32
3.9740
13
-28.5000
23
-31.2500
33
3.9740
0
3DFACE
8
S_UMGEBUNG_WAND
10
-39.5000
20
-31.2500
30
-1.7068
11
-39.5000
21
-40.7500
31
-1.7068
12
-39.5000
22
-40.7500
32
3.9740
13
-39.5000
23
-31.2500
33
3.9740
0
3DFACE
8
S_UMGEBUNG_DACH
10
-39.5000
20
-40.7500
30
3.9740
11
-28.5000
21
-40.7500
31
3.9740
12
-28.5000
22
-36.0000
32
7.9656
13
-39.5000
23
-36.0000
33
7.9656
0
3DFACE
8
S_UMGEBUNG_DACH
10
-39.5000
20
-36.0000
30
7.9656
11
-28.5000
21
-36.0000
31
7.9656
12
-28.5000
22
-31.2500
32
3.9740
13
-39.5000
23
-31.2500
33
3.9740
0
3DFACE
8
S_UMGEBUNG_WAND
10
-28.5000
20
-40.7500
30
3.9740
11
-28.5000
21
-31.2500
31
3.9740
12
-28.5000
22
-36.0000
32
7.9656
13
-28.5000
23
-36.0000
33
7.9656
0
3DFACE
8
S_UMGEBUNG_WAND
10
-39.5000
20
-31.2500
30
3.9740
11
-39.5000
21
-40.7500
31
3.9740
12
-39.5000
22
-36.0000
32
7.9656
13
-39.5000
23
-36.0000
33
7.9656
0
ENDBLK
8
0
0
BLOCK
8
0
2
UMG_DEBY_LOD2_4013
70
0
10
0
20
0
30
0
3
UMG_DEBY_LOD2_4013
0
3DFACE
8
S_UMGEBUNG_BODEN
10
-26.6389
20
-7.0000
30
-0.7977
11
-15.3611
21
-7.0000
31
-0.7977
12
-15.3611
22
2.0000
32
-0.7977
13
-26.6389
23
2.0000
33
-0.7977
0
3DFACE
8
S_UMGEBUNG_WAND
10
-26.6389
20
-7.0000
30
-0.7977
11
-15.3611
21
-7.0000
31
-0.7977
12
-15.3611
22
-7.0000
32
5.5747
13
-26.6389
23
-7.0000
33
5.5747
0
3DFACE
8
S_UMGEBUNG_WAND
10
-15.3611
20
-7.0000
30
-0.7977
11
-15.3611
21
2.0000
31
-0.7977
12
-15.3611
22
2.0000
32
5.5747
13
-15.3611
23
-7.0000
33
5.5747
0
3DFACE
8
S_UMGEBUNG_WAND
10
-15.3611
20
2.0000
30
-0.7977
11
-26.6389
21
2.0000
31
-0.7977
12
-26.6389
22
2.0000
32
5.5747
13
-15.3611
23
2.0000
33
5.5747
0
3DFACE
8
S_UMGEBUNG_WAND
10
-26.6389
20
2.0000
30
-0.7977
11
-26.6389
21
-7.0000
31
-0.7977
12
-26.6389
22
-7.0000
32
5.5747
13
-26.6389
23
2.0000
33
5.5747
0
3DFACE
8
S_UMGEBUNG_DACH
10
-26.6389
20
-7.0000
30
5.5747
11
-15.3611
21
-7.0000
31
5.5747
12
-15.3611
22
-2.5000
32
9.0239
13
-26.6389
23
-2.5000
33
9.0239
0
3DFACE
8
S_UMGEBUNG_DACH
10
-26.6389
20
-2.5000
30
9.0239
11
-15.3611
21
-2.5000
31
9.0239
12
-15.3611
22
2.0000
32
5.5747
13
-26.6389
23
2.0000
33
5.5747
0
3DFACE
8
S_UMGEBUNG_WAND
10
-15.3611
20
-7.0000
30
5.5747
11
-15.3611
21
2.0000
31
5.5747
12
-15.3611
22
-2.5000
32
9.0239
13
-15.3611
23
-2.5000
33
9.0239
0
3DFACE
8
S_UMGEBUNG_WAND
10
-26.6389
20
2.0000
30
5.5747
11
-26.6389
21
-7.0000
31
5.5747
12
-26.6389
22
-2.5000
32
9.0239
13
-26.6389
23
-2.5000
33
9.0239
0
ENDBLK
8
0
0
BLOCK
8
0
2
UMG_DEBY_LOD2_4014
70
0
10
0
20
0
30
0
3
UMG_DEBY_LOD2_4014
0
3DFACE
8
S_UMGEBUNG_BODEN
10
-22.5000
20
-40.7500
30
-1.2994
11
-11.5000
21
-40.7500
31
-1.2994
12
-11.5000
22
-31.2500
32
-1.2994
13
-22.5000
23
-31.2500
33
-1.2994
0
3DFACE
8
S_UMGEBUNG_WAND
10
-22.5000
20
-40.7500
30
-1.2994
11
-11.5000
21
-40.7500
31
-1.2994
12
-11.5000
22
-40.7500
32
4.2634
13
-22.5000
23
-40.7500
33
4.2634
0
3DFACE
8
S_UMGEBUNG_WAND
10
-11.5000
20
-40.7500
30
-1.2994
11
-11.5000
21
-31.2500
31
-1.2994
12
-11.5000
22
-31.2500
32
4.2634
13
-11.5000
23
-40.7500
33
4.2634
0
3DFACE
8
S_UMGEBUNG_WAND
10
-11.5000
20
-31.2500
30
-1.2994
11
-22.5000
21
-31.2500
31
-1.2994
12
-22.5000
22
-31.2500
32
4.2634
13
-11.5000
23
-31.2500
33
4.2634
0
3DFACE
8
S_UMGEBUNG_WAND
10
-22.5000
20
-31.2500
30
-1.2994
11
-22.5000
21
-40.7500
31
-1.2994
12
-22.5000
22
-40.7500
32
4.2634
13
-22.5000
23
-31.2500
33
4.2634
0
3DFACE
8
S_UMGEBUNG_DACH
10
-22.5000
20
-40.7500
30
4.2634
11
-11.5000
21
-40.7500
31
4.2634
12
-11.5000
22
-36.0000
32
7.5900
13
-22.5000
23
-36.0000
33
7.5900
0
3DFACE
8
S_UMGEBUNG_DACH
10
-22.5000
20
-36.0000
30
7.5900
11
-11.5000
21
-36.0000
31
7.5900
12
-11.5000
22
-31.2500
32
4.2634
13
-22.5000
23
-31.2500
33
4.2634
0
3DFACE
8
S_UMGEBUNG_WAND
10
-11.5000
20
-40.7500
30
4.2634
11
-11.5000
21
-31.2500
31
4.2634
12
-11.5000
22
-36.0000
32
7.5900
13
-11.5000
23
-36.0000
33
7.5900
0
3DFACE
8
S_UMGEBUNG_WAND
10
-22.5000
20
-31.2500
30
4.2634
11
-22.5000
21
-40.7500
31
4.2634
12
-22.5000
22
-36.0000
32
7.5900
13
-22.5000
23
-36.0000
33
7.5900
0
ENDBLK
8
0
0
BLOCK
8
0
2
UMG_DEBY_LOD2_4015
70
0
10
0
20
0
30
0
3
UMG_DEBY_LOD2_4015
0
3DFACE
8
S_UMGEBUNG_BODEN
10
24.7940
20
-7.0000
30
0.5240
11
35.2060
21
-7.0000
31
0.5240
12
35.2060
22
2.0000
32
0.5240
13
24.7940
23
2.0000
33
0.5240
0
3DFACE
8
S_UMGEBUNG_WAND
10
24.7940
20
-7.0000
30
0.5240
11
35.2060
21
-7.0000
31
0.5240
12
35.2060
22
-7.0000
32
7.2044
13
24.7940
23
-7.0000
33
7.2044
0
3DFACE
8
S_UMGEBUNG_WAND
10
35.2060
20
-7.0000
30
0.5240
11
35.2060
21
2.0000
31
0.5240
12
35.2060
22
2.0000
32
7.2044
13
35.2060
23
-7.0000
33
7.2044
0
3DFACE
8
S_UMGEBUNG_WAND
10
35.2060
20
2.0000
30
0.5240
11
24.7940
21
2.0000
31
0.5240
12
24.7940
22
2.0000
32
7.2044
13
35.2060
23
2.0000
33
7.2044
0
3DFACE
8
S_UMGEBUNG_WAND
10
24.7940
20
2.0000
30
0.5240
11
24.7940
21
-7.0000
31
0.5240
12
24.7940
22
-7.0000
32
7.2044
13
24.7940
23
2.0000
33
7.2044
0
3DFACE
8
S_UMGEBUNG_DACH
10
24.7940
20
-7.0000
30
7.2044
11
35.2060
21
-7.0000
31
7.2044
12
35.2060
22
-2.5000
32
10.1654
13
24.7940
23
-2.5000
33
10.1654
0
3DFACE
8
S_UMGEBUNG_DACH
10
24.7940
20
-2.5000
30
10.1654
11
35.2060
21
-2.5000
31
10.1654
12
35.2060
22
2.0000
32
7.2044
13
24.7940
23
2.0000
33
7.2044
0
3DFACE
8
S_UMGEBUNG_WAND
10
35.2060
20
-7.0000
30
7.2044
11
35.2060
21
2.0000
31
7.2044
12
35.2060
22
-2.5000
32
10.1654
13
35.2060
23
-2.5000
33
10.1654
0
3DFACE
8
S_UMGEBUNG_WAND
10
24.7940
20
2.0000
30
7.2044
11
24.7940
21
-7.0000
31
7.2044
12
24.7940
22
-2.5000
32
10.1654
13
24.7940
23
-2.5000
33
10.1654
0
ENDBLK
8
0
0
BLOCK
8
0
2
UMG_DEBY_LOD2_4016
70
0
10
0
20
0
30
0
3
UMG_DEBY_LOD2_4016
0
3DFACE
8
S_UMGEBUNG_BODEN
10
28.5000
20
-40.7500
30
0.0108
11
39.5000
21
-40.7500
31
0.0108
12
39.5000
22
-31.2500
32
0.0108
13
28.5000
23
-31.2500
33
0.0108
0
3DFACE
8
S_UMGEBUNG_WAND
10
28.5000
20
-40.7500
30
0.0108
11
39.5000
21
-40.7500
31
0.0108
12
39.5000
22
-40.7500
32
5.8249
13
28.5000
23
-40.7500
33
5.8249
0
3DFACE
8
S_UMGEBUNG_WAND
10
39.5000
20
-40.7500
30
0.0108
11
39.5000
21
-31.2500
31
0.0108
12
39.5000
22
-31.2500
32
5.8249
13
39.5000
23
-40.7500
33
5.8249
0
3DFACE
8
S_UMGEBUNG_WAND
10
39.5000
20
-31.2500
30
0.0108
11
28.5000
21
-31.2500
31
0.0108
12
28.5000
22
-31.2500
32
5.8249
13
39.5000
23
-31.2500
33
5.8249
0
3DFACE
8
S_UMGEBUNG_WAND
10
28.5000
20
-31.2500
30
0.0108
11
28.5000
21
-40.7500
31
0.0108
12
28.5000
22
-40.7500
32
5.8249
13
28.5000
23
-31.2500
33
5.8249
0
3DFACE
8
S_UMGEBUNG_DACH
10
28.5000
20
-40.7500
30
5.8249
11
39.5000
21
-40.7500
31
5.8249
12
39.5000
22
-36.0000
32
9.6891
13
28.5000
23
-36.0000
33
9.6891
0
3DFACE
8
S_UMGEBUNG_DACH
10
28.5000
20
-36.0000
30
9.6891
11
39.5000
21
-36.0000
31
9.6891
12
39.5000
22
-31.2500
32
5.8249
13
28.5000
23
-31.2500
33
5.8249
0
3DFACE
8
S_UMGEBUNG_WAND
10
39.5000
20
-40.7500
30
5.8249
11
39.5000
21
-31.2500
31
5.8249
12
39.5000
22
-36.0000
32
9.6891
13
39.5000
23
-36.0000
33
9.6891
0
3DFACE
8
S_UMGEBUNG_WAND
10
28.5000
20
-31.2500
30
5.8249
11
28.5000
21
-40.7500
31
5.8249
12
28.5000
22
-36.0000
32
9.6891
13
28.5000
23
-36.0000
33
9.6891
0
ENDBLK
8
0
0
BLOCK
8
0
2
UMG_DEBY_LOD2_4017
70
0
10
0
20
0
30
0
3
UMG_DEBY_LOD2_4017
0
3DFACE
8
S_UMGEBUNG_BODEN
10
41.5468
20
-7.0000
30
0.8726
11
52.4532
21
-7.0000
31
0.8726
12
52.4532
22
2.0000
32
0.8726
13
41.5468
23
2.0000
33
0.8726
0
3DFACE
8
S_UMGEBUNG_WAND
10
41.5468
20
-7.0000
30
0.8726
11
52.4532
21
-7.0000
31
0.8726
12
52.4532
22
-7.0000
32
7.1724
13
41.5468
23
-7.0000
33
7.1724
0
3DFACE
8
S_UMGEBUNG_WAND
10
52.4532
20
-7.0000
30
0.8726
11
52.4532
21
2.0000
31
0.8726
12
52.4532
22
2.0000
32
7.1724
13
52.4532
23
-7.0000
33
7.1724
0
3DFACE
8
S_UMGEBUNG_WAND
10
52.4532
20
2.0000
30
0.8726
11
41.5468
21
2.0000
31
0.8726
12
41.5468
22
2.0000
32
7.1724
13
52.4532
23
2.0000
33
7.1724
0
3DFACE
8
S_UMGEBUNG_WAND
10
41.5468
20
2.0000
30
0.8726
11
41.5468
21
-7.0000
31
0.8726
12
41.5468
22
-7.0000
32
7.1724
13
41.5468
23
2.0000
33
7.1724
0
3DFACE
8
S_UMGEBUNG_DACH
10
41.5468
20
-7.0000
30
7.1724
11
52.4532
21
-7.0000
31
7.1724
12
52.4532
22
-2.5000
32
11.0642
13
41.5468
23
-2.5000
33
11.0642
0
3DFACE
8
S_UMGEBUNG_DACH
10
41.5468
20
-2.5000
30
11.0642
11
52.4532
21
-2.5000
31
11.0642
12
52.4532
22
2.0000
32
7.1724
13
41.5468
23
2.0000
33
7.1724
0
3DFACE
8
S_UMGEBUNG_WAND
10
52.4532
20
-7.0000
30
7.1724
11
52.4532
21
2.0000
31
7.1724
12
52.4532
22
-2.5000
32
11.0642
13
52.4532
23
-2.5000
33
11.0642
0
3DFACE
8
S_UMGEBUNG_WAND
10
41.5468
20
2.0000
30
7.1724
11
41.5468
21
-7.0000
31
7.1724
12
41.5468
22
-2.5000
32
11.0642
13
41.5468
23
-2.5000
33
11.0642
0
ENDBLK
8
0
0
BLOCK
8
0
2
UMG_DEBY_LOD2_4018
70
0
10
0
20
0
30
0
3
UMG_DEBY_LOD2_4018
0
3DFACE
8
S_UMGEBUNG_BODEN
10
45.5000
20
-40.7500
30
0.3379
11
56.5000
21
-40.7500
31
0.3379
12
56.5000
22
-31.2500
32
0.3379
13
45.5000
23
-31.2500
33
0.3379
0
3DFACE
8
S_UMGEBUNG_WAND
10
45.5000
20
-40.7500
30
0.3379
11
56.5000
21
-40.7500
31
0.3379
12
56.5000
22
-40.7500
32
6.5369
13
45.5000
23
-40.7500
33
6.5369
0
3DFACE
8
S_UMGEBUNG_WAND
10
56.5000
20
-40.7500
30
0.3379
11
56.5000
21
-31.2500
31
0.3379
12
56.5000
22
-31.2500
32
6.5369
13
56.5000
23
-40.7500
33
6.5369
0
3DFACE
8
S_UMGEBUNG_WAND
10
56.5000
20
-31.2500
30
0.3379
11
45.5000
21
-31.2500
31
0.3379
12
45.5000
22
-31.2500
32
6.5369
13
56.5000
23
-31.2500
33
6.5369
0
3DFACE
8
S_UMGEBUNG_WAND
10
45.5000
20
-31.2500
30
0.3379
11
45.5000
21
-40.7500
31
0.3379
12
45.5000
22
-40.7500
32
6.5369
13
45.5000
23
-31.2500
33
6.5369
0
3DFACE
8
S_UMGEBUNG_DACH
10
45.5000
20
-40.7500
30
6.5369
11
56.5000
21
-40.7500
31
6.5369
12
56.5000
22
-36.0000
32
9.5041
13
45.5000
23
-36.0000
33
9.5041
0
3DFACE
8
S_UMGEBUNG_DACH
10
45.5000
20
-36.0000
30
9.5041
11
56.5000
21
-36.0000
31
9.5041
12
56.5000
22
-31.2500
32
6.5369
13
45.5000
23
-31.2500
33
6.5369
0
3DFACE
8
S_UMGEBUNG_WAND
10
56.5000
20
-40.7500
30
6.5369
11
56.5000
21
-31.2500
31
6.5369
12
56.5000
22
-36.0000
32
9.5041
13
56.5000
23
-36.0000
33
9.5041
0
3DFACE
8
S_UMGEBUNG_WAND
10
45.5000
20
-31.2500
30
6.5369
11
45.5000
21
-40.7500
31
6.5369
12
45.5000
22
-36.0000
32
9.5041
13
45.5000
23
-36.0000
33
9.5041
0
ENDBLK
8
0
0
BLOCK
8
0
2
UMG_DEBY_LOD2_4019
70
0
10
0
20
0
30
0
3
UMG_DEBY_LOD2_4019
0
3DFACE
8
S_UMGEBUNG_BODEN
10
58.4256
20
-7.0000
30
1.1227
11
69.5744
21
-7.0000
31
1.1227
12
69.5744
22
2.0000
32
1.1227
13
58.4256
23
2.0000
33
1.1227
0
3DFACE
8
S_UMGEBUNG_WAND
10
58.4256
20
-7.0000
30
1.1227
11
69.5744
21
-7.0000
31
1.1227
12
69.5744
22
-7.0000
32
7.6479
13
58.4256
23
-7.0000
33
7.6479
0
3DFACE
8
S_UMGEBUNG_WAND
10
69.5744
20
-7.0000
30
1.1227
11
69.5744
21
2.0000
31
1.1227
12
69.5744
22
2.0000
32
7.6479
13
69.5744
23
-7.0000
33
7.6479
0
3DFACE
8
S_UMGEBUNG_WAND
10
69.5744
20
2.0000
30
1.1227
11
58.4256
21
2.0000
31
1.1227
12
58.4256
22
2.0000
32
7.6479
13
69.5744
23
2.0000
33
7.6479
0
3DFACE
8
S_UMGEBUNG_WAND
10
58.4256
20
2.0000
30
1.1227
11
58.4256
21
-7.0000
31
1.1227
12
58.4256
22
-7.0000
32
7.6479
13
58.4256
23
2.0000
33
7.6479
0
3DFACE
8
S_UMGEBUNG_DACH
10
58.4256
20
-7.0000
30
7.6479
11
69.5744
21
-7.0000
31
7.6479
12
69.5744
22
-2.5000
32
11.4355
13
58.4256
23
-2.5000
33
11.4355
0
3DFACE
8
S_UMGEBUNG_DACH
10
58.4256
20
-2.5000
30
11.4355
11
69.5744
21
-2.5000
31
11.4355
12
69.5744
22
2.0000
32
7.6479
13
58.4256
23
2.0000
33
7.6479
0
3DFACE
8
S_UMGEBUNG_WAND
10
69.5744
20
-7.0000
30
7.6479
11
69.5744
21
2.0000
31
7.6479
12
69.5744
22
-2.5000
32
11.4355
13
69.5744
23
-2.5000
33
11.4355
0
3DFACE
8
S_UMGEBUNG_WAND
10
58.4256
20
2.0000
30
7.6479
11
58.4256
21
-7.0000
31
7.6479
12
58.4256
22
-2.5000
32
11.4355
13
58.4256
23
-2.5000
33
11.4355
0
ENDBLK
8
0
0
BLOCK
8
0
2
UMG_DEBY_LOD2_4020
70
0
10
0
20
0
30
0
3
UMG_DEBY_LOD2_4020
0
3DFACE
8
S_UMGEBUNG_BODEN
10
62.5000
20
-40.7500
30
0.5630
11
73.5000
21
-40.7500
31
0.5630
12
73.5000
22
-31.2500
32
0.5630
13
62.5000
23
-31.2500
33
0.5630
0
3DFACE
8
S_UMGEBUNG_WAND
10
62.5000
20
-40.7500
30
0.5630
11
73.5000
21
-40.7500
31
0.5630
12
73.5000
22
-40.7500
32
6.7924
13
62.5000
23
-40.7500
33
6.7924
0
3DFACE
8
S_UMGEBUNG_WAND
10
73.5000
20
-40.7500
30
0.5630
11
73.5000
21
-31.2500
31
0.5630
12
73.5000
22
-31.2500
32
6.7924
13
73.5000
23
-40.7500
33
6.7924
0
3DFACE
8
S_UMGEBUNG_WAND
10
73.5000
20
-31.2500
30
0.5630
11
62.5000
21
-31.2500
31
0.5630
12
62.5000
22
-31.2500
32
6.7924
13
73.5000
23
-31.2500
33
6.7924
0
3DFACE
8
S_UMGEBUNG_WAND
10
62.5000
20
-31.2500
30
0.5630
11
62.5000
21
-40.7500
31
0.5630
12
62.5000
22
-40.7500
32
6.7924
13
62.5000
23
-31.2500
33
6.7924
0
3DFACE
8
S_UMGEBUNG_DACH
10
62.5000
20
-40.7500
30
6.7924
11
73.5000
21
-40.7500
31
6.7924
12
73.5000
22
-36.0000
32
9.7949
13
62.5000
23
-36.0000
33
9.7949
0
3DFACE
8
S_UMGEBUNG_DACH
10
62.5000
20
-36.0000
30
9.7949
11
73.5000
21
-36.0000
31
9.7949
12
73.5000
22
-31.2500
32
6.7924
13
62.5000
23
-31.2500
33
6.7924
0
3DFACE
8
S_UMGEBUNG_WAND
10
73.5000
20
-40.7500
30
6.7924
11
73.5000
21
-31.2500
31
6.7924
12
73.5000
22
-36.0000
32
9.7949
13
73.5000
23
-36.0000
33
9.7949
0
3DFACE
8
S_UMGEBUNG_WAND
10
62.5000
20
-31.2500
30
6.7924
11
62.5000
21
-40.7500
31
6.7924
12
62.5000
22
-36.0000
32
9.7949
13
62.5000
23
-36.0000
33
9.7949
0
ENDBLK
8
0
0
BLOCK
8
0
2
UMG_DEBY_LOD2_4021
70
0
10
0
20
0
30
0
3
UMG_DEBY_LOD2_4021
0
3DFACE
8
S_UMGEBUNG_BODEN
10
75.0198
20
-7.0000
30
1.2662
11
86.9802
21
-7.0000
31
1.2662
12
86.9802
22
2.0000
32
1.2662
13
75.0198
23
2.0000
33
1.2662
0
3DFACE
8
S_UMGEBUNG_WAND
10
75.0198
20
-7.0000
30
1.2662
11
86.9802
21
-7.0000
31
1.2662
12
86.9802
22
-7.0000
32
7.3842
13
75.0198
23
-7.0000
33
7.3842
0
3DFACE
8
S_UMGEBUNG_WAND
10
86.9802
20
-7.0000
30
1.2662
11
86.9802
21
2.0000
31
1.2662
12
86.9802
22
2.0000
32
7.3842
13
86.9802
23
-7.0000
33
7.3842
0
3DFACE
8
S_UMGEBUNG_WAND
10
86.9802
20
2.0000
30
1.2662
11
75.0198
21
2.0000
31
1.2662
12
75.0198
22
2.0000
32
7.3842
13
86.9802
23
2.0000
33
7.3842
0
3DFACE
8
S_UMGEBUNG_WAND
10
75.0198
20
2.0000
30
1.2662
11
75.0198
21
-7.0000
31
1.2662
12
75.0198
22
-7.0000
32
7.3842
13
75.0198
23
2.0000
33
7.3842
0
3DFACE
8
S_UMGEBUNG_DACH
10
75.0198
20
-7.0000
30
7.3842
11
86.9802
21
-7.0000
31
7.3842
12
86.9802
22
-2.5000
32
10.8934
13
75.0198
23
-2.5000
33
10.8934
0
3DFACE
8
S_UMGEBUNG_DACH
10
75.0198
20
-2.5000
30
10.8934
11
86.9802
21
-2.5000
31
10.8934
12
86.9802
22
2.0000
32
7.3842
13
75.0198
23
2.0000
33
7.3842
0
3DFACE
8
S_UMGEBUNG_WAND
10
86.9802
20
-7.0000
30
7.3842
11
86.9802
21
2.0000
31
7.3842
12
86.9802
22
-2.5000
32
10.8934
13
86.9802
23
-2.5000
33
10.8934
0
3DFACE
8
S_UMGEBUNG_WAND
10
75.0198
20
2.0000
30
7.3842
11
75.0198
21
-7.0000
31
7.3842
12
75.0198
22
-2.5000
32
10.8934
13
75.0198
23
-2.5000
33
10.8934
0
ENDBLK
8
0
0
BLOCK
8
0
2
UMG_DEBY_LOD2_4022
70
0
10
0
20
0
30
0
3
UMG_DEBY_LOD2_4022
0
3DFACE
8
S_UMGEBUNG_BODEN
10
79.5000
20
-40.7500
30
0.6822
11
90.5000
21
-40.7500
31
0.6822
12
90.5000
22
-31.2500
32
0.6822
13
79.5000
23
-31.2500
33
0.6822
0
3DFACE
8
S_UMGEBUNG_WAND
10
79.5000
20
-40.7500
30
0.6822
11
90.5000
21
-40.7500
31
0.6822
12
90.5000
22
-40.7500
32
6.9393
13
79.5000
23
-40.7500
33
6.9393
0
3DFACE
8
S_UMGEBUNG_WAND
10
90.5000
20
-40.7500
30
0.6822
11
90.5000
21
-31.2500
31
0.6822
12
90.5000
22
-31.2500
32
6.9393
13
90.5000
23
-40.7500
33
6.9393
0
3DFACE
8
S_UMGEBUNG_WAND
10
90.5000
20
-31.2500
30
0.6822
11
79.5000
21
-31.2500
31
0.6822
12
79.5000
22
-31.2500
32
6.9393
13
90.5000
23
-31.2500
33
6.9393
0
3DFACE
8
S_UMGEBUNG_WAND
10
79.5000
20
-31.2500
30
0.6822
11
79.5000
21
-40.7500
31
0.6822
12
79.5000
22
-40.7500
32
6.9393
13
79.5000
23
-31.2500
33
6.9393
0
3DFACE
8
S_UMGEBUNG_DACH
10
79.5000
20
-40.7500
30
6.9393
11
90.5000
21
-40.7500
31
6.9393
12
90.5000
22
-36.0000
32
9.7102
13
79.5000
23
-36.0000
33
9.7102
0
3DFACE
8
S_UMGEBUNG_DACH
10
79.5000
20
-36.0000
30
9.7102
11
90.5000
21
-36.0000
31
9.7102
12
90.5000
22
-31.2500
32
6.9393
13
79.5000
23
-31.2500
33
6.9393
0
3DFACE
8
S_UMGEBUNG_WAND
10
90.5000
20
-40.7500
30
6.9393
11
90.5000
21
-31.2500
31
6.9393
12
90.5000
22
-36.0000
32
9.7102
13
90.5000
23
-36.0000
33
9.7102
0
3DFACE
8
S_UMGEBUNG_WAND
10
79.5000
20
-31.2500
30
6.9393
11
79.5000
21
-40.7500
31
6.9393
12
79.5000
22
-36.0000
32
9.7102
13
79.5000
23
-36.0000
33
9.7102
0
ENDBLK
8
0
0
BLOCK
8
0
2
UMG_DEBY_LOD2_4023
70
0
10
0
20
0
30
0
3
UMG_DEBY_LOD2_4023
0
3DFACE
8
S_UMGEBUNG_BODEN
10
92.5110
20
-7.0000
30
1.3137
11
103.4890
21
-7.0000
31
1.3137
12
103.4890
22
2.0000
32
1.3137
13
92.5110
23
2.0000
33
1.3137
0
3DFACE
8
S_UMGEBUNG_WAND
10
92.5110
20
-7.0000
30
1.3137
11
103.4890
21
-7.0000
31
1.3137
12
103.4890
22
-7.0000
32
7.3529
13
92.5110
23
-7.0000
33
7.3529
0
3DFACE
8
S_UMGEBUNG_WAND
10
103.4890
20
-7.0000
30
1.3137
11
103.4890
21
2.0000
31
1.3137
12
103.4890
22
2.0000
32
7.3529
13
103.4890
23
-7.0000
33
7.3529
0
3DFACE
8
S_UMGEBUNG_WAND
10
103.4890
20
2.0000
30
1.3137
11
92.5110
21
2.0000
31
1.3137
12
92.5110
22
2.0000
32
7.3529
13
103.4890
23
2.0000
33
7.3529
0
3DFACE
8
S_UMGEBUNG_WAND
10
92.5110
20
2.0000
30
1.3137
11
92.5110
21
-7.0000
31
1.3137
12
92.5110
22
-7.0000
32
7.3529
13
92.5110
23
2.0000
33
7.3529
0
3DFACE
8
S_UMGEBUNG_DACH
10
92.5110
20
-7.0000
30
7.3529
11
103.4890
21
-7.0000
31
7.3529
12
103.4890
22
-2.5000
32
11.3160
13
92.5110
23
-2.5000
33
11.3160
0
3DFACE
8
S_UMGEBUNG_DACH
10
92.5110
20
-2.5000
30
11.3160
11
103.4890
21
-2.5000
31
11.3160
12
103.4890
22
2.0000
32
7.3529
13
92.5110
23
2.0000
33
7.3529
0
3DFACE
8
S_UMGEBUNG_WAND
10
103.4890
20
-7.0000
30
7.3529
11
103.4890
21
2.0000
31
7.3529
12
103.4890
22
-2.5000
32
11.3160
13
103.4890
23
-2.5000
33
11.3160
0
3DFACE
8
S_UMGEBUNG_WAND
10
92.5110
20
2.0000
30
7.3529
11
92.5110
21
-7.0000
31
7.3529
12
92.5110
22
-2.5000
32
11.3160
13
92.5110
23
-2.5000
33
11.3160
0
ENDBLK
8
0
0
BLOCK
8
0
2
UMG_DEBY_LOD2_4024
70
0
10
0
20
0
30
0
3
UMG_DEBY_LOD2_4024
0
3DFACE
8
S_UMGEBUNG_BODEN
10
96.5000
20
-40.7500
30
0.7106
11
107.5000
21
-40.7500
31
0.7106
12
107.5000
22
-31.2500
32
0.7106
13
96.5000
23
-31.2500
33
0.7106
0
3DFACE
8
S_UMGEBUNG_WAND
10
96.5000
20
-40.7500
30
0.7106
11
107.5000
21
-40.7500
31
0.7106
12
107.5000
22
-40.7500
32
6.9752
13
96.5000
23
-40.7500
33
6.9752
0
3DFACE
8
S_UMGEBUNG_WAND
10
107.5000
20
-40.7500
30
0.7106
11
107.5000
21
-31.2500
31
0.7106
12
107.5000
22
-31.2500
32
6.9752
13
107.5000
23
-40.7500
33
6.9752
0
3DFACE
8
S_UMGEBUNG_WAND
10
107.5000
20
-31.2500
30
0.7106
11
96.5000
21
-31.2500
31
0.7106
12
96.5000
22
-31.2500
32
6.9752
13
107.5000
23
-31.2500
33
6.9752
0
3DFACE
8
S_UMGEBUNG_WAND
10
96.5000
20
-31.2500
30
0.7106
11
96.5000
21
-40.7500
31
0.7106
12
96.5000
22
-40.7500
32
6.9752
13
96.5000
23
-31.2500
33
6.9752
0
3DFACE
8
S_UMGEBUNG_DACH
10
96.5000
20
-40.7500
30
6.9752
11
107.5000
21
-40.7500
31
6.9752
12
107.5000
22
-36.0000
32
10.3701
13
96.5000
23
-36.0000
33
10.3701
0
3DFACE
8
S_UMGEBUNG_DACH
10
96.5000
20
-36.0000
30
10.3701
11
107.5000
21
-36.0000
31
10.3701
12
107.5000
22
-31.2500
32
6.9752
13
96.5000
23
-31.2500
33
6.9752
0
3DFACE
8
S_UMGEBUNG_WAND
10
107.5000
20
-40.7500
30
6.9752
11
107.5000
21
-31.2500
31
6.9752
12
107.5000
22
-36.0000
32
10.3701
13
107.5000
23
-36.0000
33
10.3701
0
3DFACE
8
S_UMGEBUNG_WAND
10
96.5000
20
-31.2500
30
6.9752
11
96.5000
21
-40.7500
31
6.9752
12
96.5000
22
-36.0000
32
10.3701
13
96.5000
23
-36.0000
33
10.3701
0
ENDBLK
8
0
0
BLOCK
8
0
2
UMG_DEBY_LOD2_4025
70
0
10
0
20
0
30
0
3
UMG_DEBY_LOD2_4025
0
3DFACE
8
S_UMGEBUNG_BODEN
10
109.1245
20
-7.0000
30
1.2931
11
120.8755
21
-7.0000
31
1.2931
12
120.8755
22
2.0000
32
1.2931
13
109.1245
23
2.0000
33
1.2931
0
3DFACE
8
S_UMGEBUNG_WAND
10
109.1245
20
-7.0000
30
1.2931
11
120.8755
21
-7.0000
31
1.2931
12
120.8755
22
-7.0000
32
7.6068
13
109.1245
23
-7.0000
33
7.6068
0
3DFACE
8
S_UMGEBUNG_WAND
10
120.8755
20
-7.0000
30
1.2931
11
120.8755
21
2.0000
31
1.2931
12
120.8755
22
2.0000
32
7.6068
13
120.8755
23
-7.0000
33
7.6068
0
3DFACE
8
S_UMGEBUNG_WAND
10
120.8755
20
2.0000
30
1.2931
11
109.1245
21
2.0000
31
1.2931
12
109.1245
22
2.0000
32
7.6068
13
120.8755
23
2.0000
33
7.6068
0
3DFACE
8
S_UMGEBUNG_WAND
10
109.1245
20
2.0000
30
1.2931
11
109.1245
21
-7.0000
31
1.2931
12
109.1245
22
-7.0000
32
7.6068
13
109.1245
23
2.0000
33
7.6068
0
3DFACE
8
S_UMGEBUNG_DACH
10
109.1245
20
-7.0000
30
7.6068
11
120.8755
21
-7.0000
31
7.6068
12
120.8755
22
-2.5000
32
11.3360
13
109.1245
23
-2.5000
33
11.3360
0
3DFACE
8
S_UMGEBUNG_DACH
10
109.1245
20
-2.5000
30
11.3360
11
120.8755
21
-2.5000
31
11.3360
12
120.8755
22
2.0000
32
7.6068
13
109.1245
23
2.0000
33
7.6068
0
3DFACE
8
S_UMGEBUNG_WAND
10
120.8755
20
-7.0000
30
7.6068
11
120.8755
21
2.0000
31
7.6068
12
120.8755
22
-2.5000
32
11.3360
13
120.8755
23
-2.5000
33
11.3360
0
3DFACE
8
S_UMGEBUNG_WAND
10
109.1245
20
2.0000
30
7.6068
11
109.1245
21
-7.0000
31
7.6068
12
109.1245
22
-2.5000
32
11.3360
13
109.1245
23
-2.5000
33
11.3360
0
ENDBLK
8
0
0
BLOCK
8
0
2
UMG_DEBY_LOD2_4026
70
0
10
0
20
0
30
0
3
UMG_DEBY_LOD2_4026
0
3DFACE
8
S_UMGEBUNG_BODEN
10
113.5000
20
-40.7500
30
0.6795
11
124.5000
21
-40.7500
31
0.6795
12
124.5000
22
-31.2500
32
0.6795
13
113.5000
23
-31.2500
33
0.6795
0
3DFACE
8
S_UMGEBUNG_WAND
10
113.5000
20
-40.7500
30
0.6795
11
124.5000
21
-40.7500
31
0.6795
12
124.5000
22
-40.7500
32
6.7739
13
113.5000
23
-40.7500
33
6.7739
0
3DFACE
8
S_UMGEBUNG_WAND
10
124.5000
20
-40.7500
30
0.6795
11
124.5000
21
-31.2500
31
0.6795
12
124.5000
22
-31.2500
32
6.7739
13
124.5000
23
-40.7500
33
6.7739
0
3DFACE
8
S_UMGEBUNG_WAND
10
124.5000
20
-31.2500
30
0.6795
11
113.5000
21
-31.2500
31
0.6795
12
113.5000
22
-31.2500
32
6.7739
13
124.5000
23
-31.2500
33
6.7739
0
3DFACE
8
S_UMGEBUNG_WAND
10
113.5000
20
-31.2500
30
0.6795
11
113.5000
21
-40.7500
31
0.6795
12
113.5000
22
-40.7500
32
6.7739
13
113.5000
23
-31.2500
33
6.7739
0
3DFACE
8
S_UMGEBUNG_DACH
10
113.5000
20
-40.7500
30
6.7739
11
124.5000
21
-40.7500
31
6.7739
12
124.5000
22
-36.0000
32
10.3493
13
113.5000
23
-36.0000
33
10.3493
0
3DFACE
8
S_UMGEBUNG_DACH
10
113.5000
20
-36.0000
30
10.3493
11
124.5000
21
-36.0000
31
10.3493
12
124.5000
22
-31.2500
32
6.7739
13
113.5000
23
-31.2500
33
6.7739
0
3DFACE
8
S_UMGEBUNG_WAND
10
124.5000
20
-40.7500
30
6.7739
11
124.5000
21
-31.2500
31
6.7739
12
124.5000
22
-36.0000
32
10.3493
13
124.5000
23
-36.0000
33
10.3493
0
3DFACE
8
S_UMGEBUNG_WAND
10
113.5000
20
-31.2500
30
6.7739
11
113.5000
21
-40.7500
31
6.7739
12
113.5000
22
-36.0000
32
10.3493
13
113.5000
23
-36.0000
33
10.3493
0
ENDBLK
8
0
0
BLOCK
8
0
2
UMG_DEBY_LOD2_4027
70
0
10
0
20
0
30
0
3
UMG_DEBY_LOD2_4027
0
3DFACE
8
S_UMGEBUNG_BODEN
10
126.5438
20
-7.0000
30
1.2444
11
137.4562
21
-7.0000
31
1.2444
12
137.4562
22
2.0000
32
1.2444
13
126.5438
23
2.0000
33
1.2444
0
3DFACE
8
S_UMGEBUNG_WAND
10
126.5438
20
-7.0000
30
1.2444
11
137.4562
21
-7.0000
31
1.2444
12
137.4562
22
-7.0000
32
8.0843
13
126.5438
23
-7.0000
33
8.0843
0
3DFACE
8
S_UMGEBUNG_WAND
10
137.4562
20
-7.0000
30
1.2444
11
137.4562
21
2.0000
31
1.2444
12
137.4562
22
2.0000
32
8.0843
13
137.4562
23
-7.0000
33
8.0843
0
3DFACE
8
S_UMGEBUNG_WAND
10
137.4562
20
2.0000
30
1.2444
11
126.5438
21
2.0000
31
1.2444
12
126.5438
22
2.0000
32
8.0843
13
137.4562
23
2.0000
33
8.0843
0
3DFACE
8
S_UMGEBUNG_WAND
10
126.5438
20
2.0000
30
1.2444
11
126.5438
21
-7.0000
31
1.2444
12
126.5438
22
-7.0000
32
8.0843
13
126.5438
23
2.0000
33
8.0843
0
3DFACE
8
S_UMGEBUNG_DACH
10
126.5438
20
-7.0000
30
8.0843
11
137.4562
21
-7.0000
31
8.0843
12
137.4562
22
-2.5000
32
11.6614
13
126.5438
23
-2.5000
33
11.6614
0
3DFACE
8
S_UMGEBUNG_DACH
10
126.5438
20
-2.5000
30
11.6614
11
137.4562
21
-2.5000
31
11.6614
12
137.4562
22
2.0000
32
8.0843
13
126.5438
23
2.0000
33
8.0843
0
3DFACE
8
S_UMGEBUNG_WAND
10
137.4562
20
-7.0000
30
8.0843
11
137.4562
21
2.0000
31
8.0843
12
137.4562
22
-2.5000
32
11.6614
13
137.4562
23
-2.5000
33
11.6614
0
3DFACE
8
S_UMGEBUNG_WAND
10
126.5438
20
2.0000
30
8.0843
11
126.5438
21
-7.0000
31
8.0843
12
126.5438
22
-2.5000
32
11.6614
13
126.5438
23
-2.5000
33
11.6614
0
ENDBLK
8
0
0
BLOCK
8
0
2
UMG_DEBY_LOD2_4028
70
0
10
0
20
0
30
0
3
UMG_DEBY_LOD2_4028
0
3DFACE
8
S_UMGEBUNG_BODEN
10
130.5000
20
-40.7500
30
0.6307
11
141.5000
21
-40.7500
31
0.6307
12
141.5000
22
-31.2500
32
0.6307
13
130.5000
23
-31.2500
33
0.6307
0
3DFACE
8
S_UMGEBUNG_WAND
10
130.5000
20
-40.7500
30
0.6307
11
141.5000
21
-40.7500
31
0.6307
12
141.5000
22
-40.7500
32
6.6048
13
130.5000
23
-40.7500
33
6.6048
0
3DFACE
8
S_UMGEBUNG_WAND
10
141.5000
20
-40.7500
30
0.6307
11
141.5000
21
-31.2500
31
0.6307
12
141.5000
22
-31.2500
32
6.6048
13
141.5000
23
-40.7500
33
6.6048
0
3DFACE
8
S_UMGEBUNG_WAND
10
141.5000
20
-31.2500
30
0.6307
11
130.5000
21
-31.2500
31
0.6307
12
130.5000
22
-31.2500
32
6.6048
13
141.5000
23
-31.2500
33
6.6048
0
3DFACE
8
S_UMGEBUNG_WAND
10
130.5000
20
-31.2500
30
0.6307
11
130.5000
21
-40.7500
31
0.6307
12
130.5000
22
-40.7500
32
6.6048
13
130.5000
23
-31.2500
33
6.6048
0
3DFACE
8
S_UMGEBUNG_DACH
10
130.5000
20
-40.7500
30
6.6048
11
141.5000
21
-40.7500
31
6.6048
12
141.5000
22
-36.0000
32
10.4269
13
130.5000
23
-36.0000
33
10.4269
0
3DFACE
8
S_UMGEBUNG_DACH
10
130.5000
20
-36.0000
30
10.4269
11
141.5000
21
-36.0000
31
10.4269
12
141.5000
22
-31.2500
32
6.6048
13
130.5000
23
-31.2500
33
6.6048
0
3DFACE
8
S_UMGEBUNG_WAND
10
141.5000
20
-40.7500
30
6.6048
11
141.5000
21
-31.2500
31
6.6048
12
141.5000
22
-36.0000
32
10.4269
13
141.5000
23
-36.0000
33
10.4269
0
3DFACE
8
S_UMGEBUNG_WAND
10
130.5000
20
-31.2500
30
6.6048
11
130.5000
21
-40.7500
31
6.6048
12
130.5000
22
-36.0000
32
10.4269
13
130.5000
23
-36.0000
33
10.4269
0
ENDBLK
8
0
0
BLOCK
8
0
2
UMG_DEBY_LOD2_4029
70
0
10
0
20
0
30
0
3
UMG_DEBY_LOD2_4029
0
3DFACE
8
S_UMGEBUNG_BODEN
10
-135.0000
20
50.5000
30
-0.7051
11
-125.0000
21
50.5000
31
-0.7051
12
-125.0000
22
59.5000
32
-0.7051
13
-135.0000
23
59.5000
33
-0.7051
0
3DFACE
8
S_UMGEBUNG_WAND
10
-135.0000
20
50.5000
30
-0.7051
11
-125.0000
21
50.5000
31
-0.7051
12
-125.0000
22
50.5000
32
5.2949
13
-135.0000
23
50.5000
33
5.2949
0
3DFACE
8
S_UMGEBUNG_WAND
10
-125.0000
20
50.5000
30
-0.7051
11
-125.0000
21
59.5000
31
-0.7051
12
-125.0000
22
59.5000
32
5.2949
13
-125.0000
23
50.5000
33
5.2949
0
3DFACE
8
S_UMGEBUNG_WAND
10
-125.0000
20
59.5000
30
-0.7051
11
-135.0000
21
59.5000
31
-0.7051
12
-135.0000
22
59.5000
32
5.2949
13
-125.0000
23
59.5000
33
5.2949
0
3DFACE
8
S_UMGEBUNG_WAND
10
-135.0000
20
59.5000
30
-0.7051
11
-135.0000
21
50.5000
31
-0.7051
12
-135.0000
22
50.5000
32
5.2949
13
-135.0000
23
59.5000
33
5.2949
0
3DFACE
8
S_UMGEBUNG_DACH
10
-135.0000
20
50.5000
30
5.2949
11
-125.0000
21
50.5000
31
5.2949
12
-125.0000
22
55.0000
32
8.8556
13
-135.0000
23
55.0000
33
8.8556
0
3DFACE
8
S_UMGEBUNG_DACH
10
-135.0000
20
55.0000
30
8.8556
11
-125.0000
21
55.0000
31
8.8556
12
-125.0000
22
59.5000
32
5.2949
13
-135.0000
23
59.5000
33
5.2949
0
3DFACE
8
S_UMGEBUNG_WAND
10
-125.0000
20
50.5000
30
5.2949
11
-125.0000
21
59.5000
31
5.2949
12
-125.0000
22
55.0000
32
8.8556
13
-125.0000
23
55.0000
33
8.8556
0
3DFACE
8
S_UMGEBUNG_WAND
10
-135.0000
20
59.5000
30
5.2949
11
-135.0000
21
50.5000
31
5.2949
12
-135.0000
22
55.0000
32
8.8556
13
-135.0000
23
55.0000
33
8.8556
0
ENDBLK
8
0
0
BLOCK
8
0
2
UMG_DEBY_LOD2_4030
70
0
10
0
20
0
30
0
3
UMG_DEBY_LOD2_4030
0
3DFACE
8
S_UMGEBUNG_BODEN
10
-116.0000
20
50.5000
30
-0.7571
11
-106.0000
21
50.5000
31
-0.7571
12
-106.0000
22
59.5000
32
-0.7571
13
-116.0000
23
59.5000
33
-0.7571
0
3DFACE
8
S_UMGEBUNG_WAND
10
-116.0000
20
50.5000
30
-0.7571
11
-106.0000
21
50.5000
31
-0.7571
12
-106.0000
22
50.5000
32
5.2429
13
-116.0000
23
50.5000
33
5.2429
0
3DFACE
8
S_UMGEBUNG_WAND
10
-106.0000
20
50.5000
30
-0.7571
11
-106.0000
21
59.5000
31
-0.7571
12
-106.0000
22
59.5000
32
5.2429
13
-106.0000
23
50.5000
33
5.2429
0
3DFACE
8
S_UMGEBUNG_WAND
10
-106.0000
20
59.5000
30
-0.7571
11
-116.0000
21
59.5000
31
-0.7571
12
-116.0000
22
59.5000
32
5.2429
13
-106.0000
23
59.5000
33
5.2429
0
3DFACE
8
S_UMGEBUNG_WAND
10
-116.0000
20
59.5000
30
-0.7571
11
-116.0000
21
50.5000
31
-0.7571
12
-116.0000
22
50.5000
32
5.2429
13
-116.0000
23
59.5000
33
5.2429
0
3DFACE
8
S_UMGEBUNG_DACH
10
-116.0000
20
50.5000
30
5.2429
11
-106.0000
21
50.5000
31
5.2429
12
-106.0000
22
55.0000
32
9.4444
13
-116.0000
23
55.0000
33
9.4444
0
3DFACE
8
S_UMGEBUNG_DACH
10
-116.0000
20
55.0000
30
9.4444
11
-106.0000
21
55.0000
31
9.4444
12
-106.0000
22
59.5000
32
5.2429
13
-116.0000
23
59.5000
33
5.2429
0
3DFACE
8
S_UMGEBUNG_WAND
10
-106.0000
20
50.5000
30
5.2429
11
-106.0000
21
59.5000
31
5.2429
12
-106.0000
22
55.0000
32
9.4444
13
-106.0000
23
55.0000
33
9.4444
0
3DFACE
8
S_UMGEBUNG_WAND
10
-116.0000
20
59.5000
30
5.2429
11
-116.0000
21
50.5000
31
5.2429
12
-116.0000
22
55.0000
32
9.4444
13
-116.0000
23
55.0000
33
9.4444
0
ENDBLK
8
0
0
BLOCK
8
0
2
UMG_DEBY_LOD2_4031
70
0
10
0
20
0
30
0
3
UMG_DEBY_LOD2_4031
0
3DFACE
8
S_UMGEBUNG_BODEN
10
-115.5000
20
82.0000
30
-0.1991
11
-106.5000
21
82.0000
31
-0.1991
12
-106.5000
22
90.0000
32
-0.1991
13
-115.5000
23
90.0000
33
-0.1991
0
3DFACE
8
S_UMGEBUNG_WAND
10
-115.5000
20
82.0000
30
-0.1991
11
-106.5000
21
82.0000
31
-0.1991
12
-106.5000
22
82.0000
32
5.6009
13
-115.5000
23
82.0000
33
5.6009
0
3DFACE
8
S_UMGEBUNG_WAND
10
-106.5000
20
82.0000
30
-0.1991
11
-106.5000
21
90.0000
31
-0.1991
12
-106.5000
22
90.0000
32
5.6009
13
-106.5000
23
82.0000
33
5.6009
0
3DFACE
8
S_UMGEBUNG_WAND
10
-106.5000
20
90.0000
30
-0.1991
11
-115.5000
21
90.0000
31
-0.1991
12
-115.5000
22
90.0000
32
5.6009
13
-106.5000
23
90.0000
33
5.6009
0
3DFACE
8
S_UMGEBUNG_WAND
10
-115.5000
20
90.0000
30
-0.1991
11
-115.5000
21
82.0000
31
-0.1991
12
-115.5000
22
82.0000
32
5.6009
13
-115.5000
23
90.0000
33
5.6009
0
3DFACE
8
S_UMGEBUNG_DACH
10
-115.5000
20
82.0000
30
5.6009
11
-106.5000
21
82.0000
31
5.6009
12
-106.5000
22
86.0000
32
8.3009
13
-115.5000
23
86.0000
33
8.3009
0
3DFACE
8
S_UMGEBUNG_DACH
10
-115.5000
20
86.0000
30
8.3009
11
-106.5000
21
86.0000
31
8.3009
12
-106.5000
22
90.0000
32
5.6009
13
-115.5000
23
90.0000
33
5.6009
0
3DFACE
8
S_UMGEBUNG_WAND
10
-106.5000
20
82.0000
30
5.6009
11
-106.5000
21
90.0000
31
5.6009
12
-106.5000
22
86.0000
32
8.3009
13
-106.5000
23
86.0000
33
8.3009
0
3DFACE
8
S_UMGEBUNG_WAND
10
-115.5000
20
90.0000
30
5.6009
11
-115.5000
21
82.0000
31
5.6009
12
-115.5000
22
86.0000
32
8.3009
13
-115.5000
23
86.0000
33
8.3009
0
ENDBLK
8
0
0
BLOCK
8
0
2
UMG_DEBY_LOD2_4032
70
0
10
0
20
0
30
0
3
UMG_DEBY_LOD2_4032
0
3DFACE
8
S_UMGEBUNG_BODEN
10
-97.0000
20
50.5000
30
-0.7614
11
-87.0000
21
50.5000
31
-0.7614
12
-87.0000
22
59.5000
32
-0.7614
13
-97.0000
23
59.5000
33
-0.7614
0
3DFACE
8
S_UMGEBUNG_WAND
10
-97.0000
20
50.5000
30
-0.7614
11
-87.0000
21
50.5000
31
-0.7614
12
-87.0000
22
50.5000
32
5.2386
13
-97.0000
23
50.5000
33
5.2386
0
3DFACE
8
S_UMGEBUNG_WAND
10
-87.0000
20
50.5000
30
-0.7614
11
-87.0000
21
59.5000
31
-0.7614
12
-87.0000
22
59.5000
32
5.2386
13
-87.0000
23
50.5000
33
5.2386
0
3DFACE
8
S_UMGEBUNG_WAND
10
-87.0000
20
59.5000
30
-0.7614
11
-97.0000
21
59.5000
31
-0.7614
12
-97.0000
22
59.5000
32
5.2386
13
-87.0000
23
59.5000
33
5.2386
0
3DFACE
8
S_UMGEBUNG_WAND
10
-97.0000
20
59.5000
30
-0.7614
11
-97.0000
21
50.5000
31
-0.7614
12
-97.0000
22
50.5000
32
5.2386
13
-97.0000
23
59.5000
33
5.2386
0
3DFACE
8
S_UMGEBUNG_DACH
10
-97.0000
20
50.5000
30
5.2386
11
-87.0000
21
50.5000
31
5.2386
12
-87.0000
22
55.0000
32
9.3857
13
-97.0000
23
55.0000
33
9.3857
0
3DFACE
8
S_UMGEBUNG_DACH
10
-97.0000
20
55.0000
30
9.3857
11
-87.0000
21
55.0000
31
9.3857
12
-87.0000
22
59.5000
32
5.2386
13
-97.0000
23
59.5000
33
5.2386
0
3DFACE
8
S_UMGEBUNG_WAND
10
-87.0000
20
50.5000
30
5.2386
11
-87.0000
21
59.5000
31
5.2386
12
-87.0000
22
55.0000
32
9.3857
13
-87.0000
23
55.0000
33
9.3857
0
3DFACE
8
S_UMGEBUNG_WAND
10
-97.0000
20
59.5000
30
5.2386
11
-97.0000
21
50.5000
31
5.2386
12
-97.0000
22
55.0000
32
9.3857
13
-97.0000
23
55.0000
33
9.3857
0
ENDBLK
8
0
0
BLOCK
8
0
2
UMG_DEBY_LOD2_4033
70
0
10
0
20
0
30
0
3
UMG_DEBY_LOD2_4033
0
3DFACE
8
S_UMGEBUNG_BODEN
10
-96.5000
20
82.0000
30
-0.2034
11
-87.5000
21
82.0000
31
-0.2034
12
-87.5000
22
90.0000
32
-0.2034
13
-96.5000
23
90.0000
33
-0.2034
0
3DFACE
8
S_UMGEBUNG_WAND
10
-96.5000
20
82.0000
30
-0.2034
11
-87.5000
21
82.0000
31
-0.2034
12
-87.5000
22
82.0000
32
5.5966
13
-96.5000
23
82.0000
33
5.5966
0
3DFACE
8
S_UMGEBUNG_WAND
10
-87.5000
20
82.0000
30
-0.2034
11
-87.5000
21
90.0000
31
-0.2034
12
-87.5000
22
90.0000
32
5.5966
13
-87.5000
23
82.0000
33
5.5966
0
3DFACE
8
S_UMGEBUNG_WAND
10
-87.5000
20
90.0000
30
-0.2034
11
-96.5000
21
90.0000
31
-0.2034
12
-96.5000
22
90.0000
32
5.5966
13
-87.5000
23
90.0000
33
5.5966
0
3DFACE
8
S_UMGEBUNG_WAND
10
-96.5000
20
90.0000
30
-0.2034
11
-96.5000
21
82.0000
31
-0.2034
12
-96.5000
22
82.0000
32
5.5966
13
-96.5000
23
90.0000
33
5.5966
0
3DFACE
8
S_UMGEBUNG_DACH
10
-96.5000
20
82.0000
30
5.5966
11
-87.5000
21
82.0000
31
5.5966
12
-87.5000
22
86.0000
32
8.2966
13
-96.5000
23
86.0000
33
8.2966
0
3DFACE
8
S_UMGEBUNG_DACH
10
-96.5000
20
86.0000
30
8.2966
11
-87.5000
21
86.0000
31
8.2966
12
-87.5000
22
90.0000
32
5.5966
13
-96.5000
23
90.0000
33
5.5966
0
3DFACE
8
S_UMGEBUNG_WAND
10
-87.5000
20
82.0000
30
5.5966
11
-87.5000
21
90.0000
31
5.5966
12
-87.5000
22
86.0000
32
8.2966
13
-87.5000
23
86.0000
33
8.2966
0
3DFACE
8
S_UMGEBUNG_WAND
10
-96.5000
20
90.0000
30
5.5966
11
-96.5000
21
82.0000
31
5.5966
12
-96.5000
22
86.0000
32
8.2966
13
-96.5000
23
86.0000
33
8.2966
0
ENDBLK
8
0
0
BLOCK
8
0
2
UMG_DEBY_LOD2_4034
70
0
10
0
20
0
30
0
3
UMG_DEBY_LOD2_4034
0
3DFACE
8
S_UMGEBUNG_BODEN
10
-59.0000
20
50.5000
30
-0.4434
11
-49.0000
21
50.5000
31
-0.4434
12
-49.0000
22
59.5000
32
-0.4434
13
-59.0000
23
59.5000
33
-0.4434
0
3DFACE
8
S_UMGEBUNG_WAND
10
-59.0000
20
50.5000
30
-0.4434
11
-49.0000
21
50.5000
31
-0.4434
12
-49.0000
22
50.5000
32
5.5566
13
-59.0000
23
50.5000
33
5.5566
0
3DFACE
8
S_UMGEBUNG_WAND
10
-49.0000
20
50.5000
30
-0.4434
11
-49.0000
21
59.5000
31
-0.4434
12
-49.0000
22
59.5000
32
5.5566
13
-49.0000
23
50.5000
33
5.5566
0
3DFACE
8
S_UMGEBUNG_WAND
10
-49.0000
20
59.5000
30
-0.4434
11
-59.0000
21
59.5000
31
-0.4434
12
-59.0000
22
59.5000
32
5.5566
13
-49.0000
23
59.5000
33
5.5566
0
3DFACE
8
S_UMGEBUNG_WAND
10
-59.0000
20
59.5000
30
-0.4434
11
-59.0000
21
50.5000
31
-0.4434
12
-59.0000
22
50.5000
32
5.5566
13
-59.0000
23
59.5000
33
5.5566
0
3DFACE
8
S_UMGEBUNG_DACH
10
-59.0000
20
50.5000
30
5.5566
11
-49.0000
21
50.5000
31
5.5566
12
-49.0000
22
55.0000
32
10.0497
13
-59.0000
23
55.0000
33
10.0497
0
3DFACE
8
S_UMGEBUNG_DACH
10
-59.0000
20
55.0000
30
10.0497
11
-49.0000
21
55.0000
31
10.0497
12
-49.0000
22
59.5000
32
5.5566
13
-59.0000
23
59.5000
33
5.5566
0
3DFACE
8
S_UMGEBUNG_WAND
10
-49.0000
20
50.5000
30
5.5566
11
-49.0000
21
59.5000
31
5.5566
12
-49.0000
22
55.0000
32
10.0497
13
-49.0000
23
55.0000
33
10.0497
0
3DFACE
8
S_UMGEBUNG_WAND
10
-59.0000
20
59.5000
30
5.5566
11
-59.0000
21
50.5000
31
5.5566
12
-59.0000
22
55.0000
32
10.0497
13
-59.0000
23
55.0000
33
10.0497
0
ENDBLK
8
0
0
BLOCK
8
0
2
UMG_DEBY_LOD2_4035
70
0
10
0
20
0
30
0
3
UMG_DEBY_LOD2_4035
0
3DFACE
8
S_UMGEBUNG_BODEN
10
-58.5000
20
82.0000
30
0.1146
11
-49.5000
21
82.0000
31
0.1146
12
-49.5000
22
90.0000
32
0.1146
13
-58.5000
23
90.0000
33
0.1146
0
3DFACE
8
S_UMGEBUNG_WAND
10
-58.5000
20
82.0000
30
0.1146
11
-49.5000
21
82.0000
31
0.1146
12
-49.5000
22
82.0000
32
5.9146
13
-58.5000
23
82.0000
33
5.9146
0
3DFACE
8
S_UMGEBUNG_WAND
10
-49.5000
20
82.0000
30
0.1146
11
-49.5000
21
90.0000
31
0.1146
12
-49.5000
22
90.0000
32
5.9146
13
-49.5000
23
82.0000
33
5.9146
0
3DFACE
8
S_UMGEBUNG_WAND
10
-49.5000
20
90.0000
30
0.1146
11
-58.5000
21
90.0000
31
0.1146
12
-58.5000
22
90.0000
32
5.9146
13
-49.5000
23
90.0000
33
5.9146
0
3DFACE
8
S_UMGEBUNG_WAND
10
-58.5000
20
90.0000
30
0.1146
11
-58.5000
21
82.0000
31
0.1146
12
-58.5000
22
82.0000
32
5.9146
13
-58.5000
23
90.0000
33
5.9146
0
3DFACE
8
S_UMGEBUNG_DACH
10
-58.5000
20
82.0000
30
5.9146
11
-49.5000
21
82.0000
31
5.9146
12
-49.5000
22
86.0000
32
8.6146
13
-58.5000
23
86.0000
33
8.6146
0
3DFACE
8
S_UMGEBUNG_DACH
10
-58.5000
20
86.0000
30
8.6146
11
-49.5000
21
86.0000
31
8.6146
12
-49.5000
22
90.0000
32
5.9146
13
-58.5000
23
90.0000
33
5.9146
0
3DFACE
8
S_UMGEBUNG_WAND
10
-49.5000
20
82.0000
30
5.9146
11
-49.5000
21
90.0000
31
5.9146
12
-49.5000
22
86.0000
32
8.6146
13
-49.5000
23
86.0000
33
8.6146
0
3DFACE
8
S_UMGEBUNG_WAND
10
-58.5000
20
90.0000
30
5.9146
11
-58.5000
21
82.0000
31
5.9146
12
-58.5000
22
86.0000
32
8.6146
13
-58.5000
23
86.0000
33
8.6146
0
ENDBLK
8
0
0
BLOCK
8
0
2
UMG_DEBY_LOD2_4036
70
0
10
0
20
0
30
0
3
UMG_DEBY_LOD2_4036
0
3DFACE
8
S_UMGEBUNG_BODEN
10
-40.0000
20
50.5000
30
-0.0905
11
-30.0000
21
50.5000
31
-0.0905
12
-30.0000
22
59.5000
32
-0.0905
13
-40.0000
23
59.5000
33
-0.0905
0
3DFACE
8
S_UMGEBUNG_WAND
10
-40.0000
20
50.5000
30
-0.0905
11
-30.0000
21
50.5000
31
-0.0905
12
-30.0000
22
50.5000
32
5.9095
13
-40.0000
23
50.5000
33
5.9095
0
3DFACE
8
S_UMGEBUNG_WAND
10
-30.0000
20
50.5000
30
-0.0905
11
-30.0000
21
59.5000
31
-0.0905
12
-30.0000
22
59.5000
32
5.9095
13
-30.0000
23
50.5000
33
5.9095
0
3DFACE
8
S_UMGEBUNG_WAND
10
-30.0000
20
59.5000
30
-0.0905
11
-40.0000
21
59.5000
31
-0.0905
12
-40.0000
22
59.5000
32
5.9095
13
-30.0000
23
59.5000
33
5.9095
0
3DFACE
8
S_UMGEBUNG_WAND
10
-40.0000
20
59.5000
30
-0.0905
11
-40.0000
21
50.5000
31
-0.0905
12
-40.0000
22
50.5000
32
5.9095
13
-40.0000
23
59.5000
33
5.9095
0
3DFACE
8
S_UMGEBUNG_DACH
10
-40.0000
20
50.5000
30
5.9095
11
-30.0000
21
50.5000
31
5.9095
12
-30.0000
22
55.0000
32
10.2314
13
-40.0000
23
55.0000
33
10.2314
0
3DFACE
8
S_UMGEBUNG_DACH
10
-40.0000
20
55.0000
30
10.2314
11
-30.0000
21
55.0000
31
10.2314
12
-30.0000
22
59.5000
32
5.9095
13
-40.0000
23
59.5000
33
5.9095
0
3DFACE
8
S_UMGEBUNG_WAND
10
-30.0000
20
50.5000
30
5.9095
11
-30.0000
21
59.5000
31
5.9095
12
-30.0000
22
55.0000
32
10.2314
13
-30.0000
23
55.0000
33
10.2314
0
3DFACE
8
S_UMGEBUNG_WAND
10
-40.0000
20
59.5000
30
5.9095
11
-40.0000
21
50.5000
31
5.9095
12
-40.0000
22
55.0000
32
10.2314
13
-40.0000
23
55.0000
33
10.2314
0
ENDBLK
8
0
0
BLOCK
8
0
2
UMG_DEBY_LOD2_4037
70
0
10
0
20
0
30
0
3
UMG_DEBY_LOD2_4037
0
3DFACE
8
S_UMGEBUNG_BODEN
10
-39.5000
20
82.0000
30
0.4675
11
-30.5000
21
82.0000
31
0.4675
12
-30.5000
22
90.0000
32
0.4675
13
-39.5000
23
90.0000
33
0.4675
0
3DFACE
8
S_UMGEBUNG_WAND
10
-39.5000
20
82.0000
30
0.4675
11
-30.5000
21
82.0000
31
0.4675
12
-30.5000
22
82.0000
32
6.2675
13
-39.5000
23
82.0000
33
6.2675
0
3DFACE
8
S_UMGEBUNG_WAND
10
-30.5000
20
82.0000
30
0.4675
11
-30.5000
21
90.0000
31
0.4675
12
-30.5000
22
90.0000
32
6.2675
13
-30.5000
23
82.0000
33
6.2675
0
3DFACE
8
S_UMGEBUNG_WAND
10
-30.5000
20
90.0000
30
0.4675
11
-39.5000
21
90.0000
31
0.4675
12
-39.5000
22
90.0000
32
6.2675
13
-30.5000
23
90.0000
33
6.2675
0
3DFACE
8
S_UMGEBUNG_WAND
10
-39.5000
20
90.0000
30
0.4675
11
-39.5000
21
82.0000
31
0.4675
12
-39.5000
22
82.0000
32
6.2675
13
-39.5000
23
90.0000
33
6.2675
0
3DFACE
8
S_UMGEBUNG_DACH
10
-39.5000
20
82.0000
30
6.2675
11
-30.5000
21
82.0000
31
6.2675
12
-30.5000
22
86.0000
32
8.9675
13
-39.5000
23
86.0000
33
8.9675
0
3DFACE
8
S_UMGEBUNG_DACH
10
-39.5000
20
86.0000
30
8.9675
11
-30.5000
21
86.0000
31
8.9675
12
-30.5000
22
90.0000
32
6.2675
13
-39.5000
23
90.0000
33
6.2675
0
3DFACE
8
S_UMGEBUNG_WAND
10
-30.5000
20
82.0000
30
6.2675
11
-30.5000
21
90.0000
31
6.2675
12
-30.5000
22
86.0000
32
8.9675
13
-30.5000
23
86.0000
33
8.9675
0
3DFACE
8
S_UMGEBUNG_WAND
10
-39.5000
20
90.0000
30
6.2675
11
-39.5000
21
82.0000
31
6.2675
12
-39.5000
22
86.0000
32
8.9675
13
-39.5000
23
86.0000
33
8.9675
0
ENDBLK
8
0
0
BLOCK
8
0
2
UMG_DEBY_LOD2_4038
70
0
10
0
20
0
30
0
3
UMG_DEBY_LOD2_4038
0
3DFACE
8
S_UMGEBUNG_BODEN
10
-21.0000
20
50.5000
30
0.3643
11
-11.0000
21
50.5000
31
0.3643
12
-11.0000
22
59.5000
32
0.3643
13
-21.0000
23
59.5000
33
0.3643
0
3DFACE
8
S_UMGEBUNG_WAND
10
-21.0000
20
50.5000
30
0.3643
11
-11.0000
21
50.5000
31
0.3643
12
-11.0000
22
50.5000
32
6.3643
13
-21.0000
23
50.5000
33
6.3643
0
3DFACE
8
S_UMGEBUNG_WAND
10
-11.0000
20
50.5000
30
0.3643
11
-11.0000
21
59.5000
31
0.3643
12
-11.0000
22
59.5000
32
6.3643
13
-11.0000
23
50.5000
33
6.3643
0
3DFACE
8
S_UMGEBUNG_WAND
10
-11.0000
20
59.5000
30
0.3643
11
-21.0000
21
59.5000
31
0.3643
12
-21.0000
22
59.5000
32
6.3643
13
-11.0000
23
59.5000
33
6.3643
0
3DFACE
8
S_UMGEBUNG_WAND
10
-21.0000
20
59.5000
30
0.3643
11
-21.0000
21
50.5000
31
0.3643
12
-21.0000
22
50.5000
32
6.3643
13
-21.0000
23
59.5000
33
6.3643
0
3DFACE
8
S_UMGEBUNG_DACH
10
-21.0000
20
50.5000
30
6.3643
11
-11.0000
21
50.5000
31
6.3643
12
-11.0000
22
55.0000
32
10.1489
13
-21.0000
23
55.0000
33
10.1489
0
3DFACE
8
S_UMGEBUNG_DACH
10
-21.0000
20
55.0000
30
10.1489
11
-11.0000
21
55.0000
31
10.1489
12
-11.0000
22
59.5000
32
6.3643
13
-21.0000
23
59.5000
33
6.3643
0
3DFACE
8
S_UMGEBUNG_WAND
10
-11.0000
20
50.5000
30
6.3643
11
-11.0000
21
59.5000
31
6.3643
12
-11.0000
22
55.0000
32
10.1489
13
-11.0000
23
55.0000
33
10.1489
0
3DFACE
8
S_UMGEBUNG_WAND
10
-21.0000
20
59.5000
30
6.3643
11
-21.0000
21
50.5000
31
6.3643
12
-21.0000
22
55.0000
32
10.1489
13
-21.0000
23
55.0000
33
10.1489
0
ENDBLK
8
0
0
BLOCK
8
0
2
UMG_DEBY_LOD2_4039
70
0
10
0
20
0
30
0
3
UMG_DEBY_LOD2_4039
0
3DFACE
8
S_UMGEBUNG_BODEN
10
-20.5000
20
82.0000
30
0.9223
11
-11.5000
21
82.0000
31
0.9223
12
-11.5000
22
90.0000
32
0.9223
13
-20.5000
23
90.0000
33
0.9223
0
3DFACE
8
S_UMGEBUNG_WAND
10
-20.5000
20
82.0000
30
0.9223
11
-11.5000
21
82.0000
31
0.9223
12
-11.5000
22
82.0000
32
6.7223
13
-20.5000
23
82.0000
33
6.7223
0
3DFACE
8
S_UMGEBUNG_WAND
10
-11.5000
20
82.0000
30
0.9223
11
-11.5000
21
90.0000
31
0.9223
12
-11.5000
22
90.0000
32
6.7223
13
-11.5000
23
82.0000
33
6.7223
0
3DFACE
8
S_UMGEBUNG_WAND
10
-11.5000
20
90.0000
30
0.9223
11
-20.5000
21
90.0000
31
0.9223
12
-20.5000
22
90.0000
32
6.7223
13
-11.5000
23
90.0000
33
6.7223
0
3DFACE
8
S_UMGEBUNG_WAND
10
-20.5000
20
90.0000
30
0.9223
11
-20.5000
21
82.0000
31
0.9223
12
-20.5000
22
82.0000
32
6.7223
13
-20.5000
23
90.0000
33
6.7223
0
3DFACE
8
S_UMGEBUNG_DACH
10
-20.5000
20
82.0000
30
6.7223
11
-11.5000
21
82.0000
31
6.7223
12
-11.5000
22
86.0000
32
9.4223
13
-20.5000
23
86.0000
33
9.4223
0
3DFACE
8
S_UMGEBUNG_DACH
10
-20.5000
20
86.0000
30
9.4223
11
-11.5000
21
86.0000
31
9.4223
12
-11.5000
22
90.0000
32
6.7223
13
-20.5000
23
90.0000
33
6.7223
0
3DFACE
8
S_UMGEBUNG_WAND
10
-11.5000
20
82.0000
30
6.7223
11
-11.5000
21
90.0000
31
6.7223
12
-11.5000
22
86.0000
32
9.4223
13
-11.5000
23
86.0000
33
9.4223
0
3DFACE
8
S_UMGEBUNG_WAND
10
-20.5000
20
90.0000
30
6.7223
11
-20.5000
21
82.0000
31
6.7223
12
-20.5000
22
86.0000
32
9.4223
13
-20.5000
23
86.0000
33
9.4223
0
ENDBLK
8
0
0
BLOCK
8
0
2
UMG_DEBY_LOD2_4040
70
0
10
0
20
0
30
0
3
UMG_DEBY_LOD2_4040
0
3DFACE
8
S_UMGEBUNG_BODEN
10
-2.0000
20
50.5000
30
0.8710
11
8.0000
21
50.5000
31
0.8710
12
8.0000
22
59.5000
32
0.8710
13
-2.0000
23
59.5000
33
0.8710
0
3DFACE
8
S_UMGEBUNG_WAND
10
-2.0000
20
50.5000
30
0.8710
11
8.0000
21
50.5000
31
0.8710
12
8.0000
22
50.5000
32
6.8710
13
-2.0000
23
50.5000
33
6.8710
0
3DFACE
8
S_UMGEBUNG_WAND
10
8.0000
20
50.5000
30
0.8710
11
8.0000
21
59.5000
31
0.8710
12
8.0000
22
59.5000
32
6.8710
13
8.0000
23
50.5000
33
6.8710
0
3DFACE
8
S_UMGEBUNG_WAND
10
8.0000
20
59.5000
30
0.8710
11
-2.0000
21
59.5000
31
0.8710
12
-2.0000
22
59.5000
32
6.8710
13
8.0000
23
59.5000
33
6.8710
0
3DFACE
8
S_UMGEBUNG_WAND
10
-2.0000
20
59.5000
30
0.8710
11
-2.0000
21
50.5000
31
0.8710
12
-2.0000
22
50.5000
32
6.8710
13
-2.0000
23
59.5000
33
6.8710
0
3DFACE
8
S_UMGEBUNG_DACH
10
-2.0000
20
50.5000
30
6.8710
11
8.0000
21
50.5000
31
6.8710
12
8.0000
22
55.0000
32
10.7567
13
-2.0000
23
55.0000
33
10.7567
0
3DFACE
8
S_UMGEBUNG_DACH
10
-2.0000
20
55.0000
30
10.7567
11
8.0000
21
55.0000
31
10.7567
12
8.0000
22
59.5000
32
6.8710
13
-2.0000
23
59.5000
33
6.8710
0
3DFACE
8
S_UMGEBUNG_WAND
10
8.0000
20
50.5000
30
6.8710
11
8.0000
21
59.5000
31
6.8710
12
8.0000
22
55.0000
32
10.7567
13
8.0000
23
55.0000
33
10.7567
0
3DFACE
8
S_UMGEBUNG_WAND
10
-2.0000
20
59.5000
30
6.8710
11
-2.0000
21
50.5000
31
6.8710
12
-2.0000
22
55.0000
32
10.7567
13
-2.0000
23
55.0000
33
10.7567
0
ENDBLK
8
0
0
BLOCK
8
0
2
UMG_DEBY_LOD2_4041
70
0
10
0
20
0
30
0
3
UMG_DEBY_LOD2_4041
0
3DFACE
8
S_UMGEBUNG_BODEN
10
-1.5000
20
82.0000
30
1.4290
11
7.5000
21
82.0000
31
1.4290
12
7.5000
22
90.0000
32
1.4290
13
-1.5000
23
90.0000
33
1.4290
0
3DFACE
8
S_UMGEBUNG_WAND
10
-1.5000
20
82.0000
30
1.4290
11
7.5000
21
82.0000
31
1.4290
12
7.5000
22
82.0000
32
7.2290
13
-1.5000
23
82.0000
33
7.2290
0
3DFACE
8
S_UMGEBUNG_WAND
10
7.5000
20
82.0000
30
1.4290
11
7.5000
21
90.0000
31
1.4290
12
7.5000
22
90.0000
32
7.2290
13
7.5000
23
82.0000
33
7.2290
0
3DFACE
8
S_UMGEBUNG_WAND
10
7.5000
20
90.0000
30
1.4290
11
-1.5000
21
90.0000
31
1.4290
12
-1.5000
22
90.0000
32
7.2290
13
7.5000
23
90.0000
33
7.2290
0
3DFACE
8
S_UMGEBUNG_WAND
10
-1.5000
20
90.0000
30
1.4290
11
-1.5000
21
82.0000
31
1.4290
12
-1.5000
22
82.0000
32
7.2290
13
-1.5000
23
90.0000
33
7.2290
0
3DFACE
8
S_UMGEBUNG_DACH
10
-1.5000
20
82.0000
30
7.2290
11
7.5000
21
82.0000
31
7.2290
12
7.5000
22
86.0000
32
9.9290
13
-1.5000
23
86.0000
33
9.9290
0
3DFACE
8
S_UMGEBUNG_DACH
10
-1.5000
20
86.0000
30
9.9290
11
7.5000
21
86.0000
31
9.9290
12
7.5000
22
90.0000
32
7.2290
13
-1.5000
23
90.0000
33
7.2290
0
3DFACE
8
S_UMGEBUNG_WAND
10
7.5000
20
82.0000
30
7.2290
11
7.5000
21
90.0000
31
7.2290
12
7.5000
22
86.0000
32
9.9290
13
7.5000
23
86.0000
33
9.9290
0
3DFACE
8
S_UMGEBUNG_WAND
10
-1.5000
20
90.0000
30
7.2290
11
-1.5000
21
82.0000
31
7.2290
12
-1.5000
22
86.0000
32
9.9290
13
-1.5000
23
86.0000
33
9.9290
0
ENDBLK
8
0
0
BLOCK
8
0
2
UMG_DEBY_LOD2_4042
70
0
10
0
20
0
30
0
3
UMG_DEBY_LOD2_4042
0
3DFACE
8
S_UMGEBUNG_BODEN
10
17.0000
20
50.5000
30
1.3676
11
27.0000
21
50.5000
31
1.3676
12
27.0000
22
59.5000
32
1.3676
13
17.0000
23
59.5000
33
1.3676
0
3DFACE
8
S_UMGEBUNG_WAND
10
17.0000
20
50.5000
30
1.3676
11
27.0000
21
50.5000
31
1.3676
12
27.0000
22
50.5000
32
7.3676
13
17.0000
23
50.5000
33
7.3676
0
3DFACE
8
S_UMGEBUNG_WAND
10
27.0000
20
50.5000
30
1.3676
11
27.0000
21
59.5000
31
1.3676
12
27.0000
22
59.5000
32
7.3676
13
27.0000
23
50.5000
33
7.3676
0
3DFACE
8
S_UMGEBUNG_WAND
10
27.0000
20
59.5000
30
1.3676
11
17.0000
21
59.5000
31
1.3676
12
17.0000
22
59.5000
32
7.3676
13
27.0000
23
59.5000
33
7.3676
0
3DFACE
8
S_UMGEBUNG_WAND
10
17.0000
20
59.5000
30
1.3676
11
17.0000
21
50.5000
31
1.3676
12
17.0000
22
50.5000
32
7.3676
13
17.0000
23
59.5000
33
7.3676
0
3DFACE
8
S_UMGEBUNG_DACH
10
17.0000
20
50.5000
30
7.3676
11
27.0000
21
50.5000
31
7.3676
12
27.0000
22
55.0000
32
11.5363
13
17.0000
23
55.0000
33
11.5363
0
3DFACE
8
S_UMGEBUNG_DACH
10
17.0000
20
55.0000
30
11.5363
11
27.0000
21
55.0000
31
11.5363
12
27.0000
22
59.5000
32
7.3676
13
17.0000
23
59.5000
33
7.3676
0
3DFACE
8
S_UMGEBUNG_WAND
10
27.0000
20
50.5000
30
7.3676
11
27.0000
21
59.5000
31
7.3676
12
27.0000
22
55.0000
32
11.5363
13
27.0000
23
55.0000
33
11.5363
0
3DFACE
8
S_UMGEBUNG_WAND
10
17.0000
20
59.5000
30
7.3676
11
17.0000
21
50.5000
31
7.3676
12
17.0000
22
55.0000
32
11.5363
13
17.0000
23
55.0000
33
11.5363
0
ENDBLK
8
0
0
BLOCK
8
0
2
UMG_DEBY_LOD2_4043
70
0
10
0
20
0
30
0
3
UMG_DEBY_LOD2_4043
0
3DFACE
8
S_UMGEBUNG_BODEN
10
17.5000
20
82.0000
30
1.9256
11
26.5000
21
82.0000
31
1.9256
12
26.5000
22
90.0000
32
1.9256
13
17.5000
23
90.0000
33
1.9256
0
3DFACE
8
S_UMGEBUNG_WAND
10
17.5000
20
82.0000
30
1.9256
11
26.5000
21
82.0000
31
1.9256
12
26.5000
22
82.0000
32
7.7256
13
17.5000
23
82.0000
33
7.7256
0
3DFACE
8
S_UMGEBUNG_WAND
10
26.5000
20
82.0000
30
1.9256
11
26.5000
21
90.0000
31
1.9256
12
26.5000
22
90.0000
32
7.7256
13
26.5000
23
82.0000
33
7.7256
0
3DFACE
8
S_UMGEBUNG_WAND
10
26.5000
20
90.0000
30
1.9256
11
17.5000
21
90.0000
31
1.9256
12
17.5000
22
90.0000
32
7.7256
13
26.5000
23
90.0000
33
7.7256
0
3DFACE
8
S_UMGEBUNG_WAND
10
17.5000
20
90.0000
30
1.9256
11
17.5000
21
82.0000
31
1.9256
12
17.5000
22
82.0000
32
7.7256
13
17.5000
23
90.0000
33
7.7256
0
3DFACE
8
S_UMGEBUNG_DACH
10
17.5000
20
82.0000
30
7.7256
11
26.5000
21
82.0000
31
7.7256
12
26.5000
22
86.0000
32
10.4256
13
17.5000
23
86.0000
33
10.4256
0
3DFACE
8
S_UMGEBUNG_DACH
10
17.5000
20
86.0000
30
10.4256
11
26.5000
21
86.0000
31
10.4256
12
26.5000
22
90.0000
32
7.7256
13
17.5000
23
90.0000
33
7.7256
0
3DFACE
8
S_UMGEBUNG_WAND
10
26.5000
20
82.0000
30
7.7256
11
26.5000
21
90.0000
31
7.7256
12
26.5000
22
86.0000
32
10.4256
13
26.5000
23
86.0000
33
10.4256
0
3DFACE
8
S_UMGEBUNG_WAND
10
17.5000
20
90.0000
30
7.7256
11
17.5000
21
82.0000
31
7.7256
12
17.5000
22
86.0000
32
10.4256
13
17.5000
23
86.0000
33
10.4256
0
ENDBLK
8
0
0
BLOCK
8
0
2
UMG_DEBY_LOD2_4044
70
0
10
0
20
0
30
0
3
UMG_DEBY_LOD2_4044
0
3DFACE
8
S_UMGEBUNG_BODEN
10
55.0000
20
50.5000
30
2.1085
11
65.0000
21
50.5000
31
2.1085
12
65.0000
22
59.5000
32
2.1085
13
55.0000
23
59.5000
33
2.1085
0
3DFACE
8
S_UMGEBUNG_WAND
10
55.0000
20
50.5000
30
2.1085
11
65.0000
21
50.5000
31
2.1085
12
65.0000
22
50.5000
32
8.1085
13
55.0000
23
50.5000
33
8.1085
0
3DFACE
8
S_UMGEBUNG_WAND
10
65.0000
20
50.5000
30
2.1085
11
65.0000
21
59.5000
31
2.1085
12
65.0000
22
59.5000
32
8.1085
13
65.0000
23
50.5000
33
8.1085
0
3DFACE
8
S_UMGEBUNG_WAND
10
65.0000
20
59.5000
30
2.1085
11
55.0000
21
59.5000
31
2.1085
12
55.0000
22
59.5000
32
8.1085
13
65.0000
23
59.5000
33
8.1085
0
3DFACE
8
S_UMGEBUNG_WAND
10
55.0000
20
59.5000
30
2.1085
11
55.0000
21
50.5000
31
2.1085
12
55.0000
22
50.5000
32
8.1085
13
55.0000
23
59.5000
33
8.1085
0
3DFACE
8
S_UMGEBUNG_DACH
10
55.0000
20
50.5000
30
8.1085
11
65.0000
21
50.5000
31
8.1085
12
65.0000
22
55.0000
32
11.6311
13
55.0000
23
55.0000
33
11.6311
0
3DFACE
8
S_UMGEBUNG_DACH
10
55.0000
20
55.0000
30
11.6311
11
65.0000
21
55.0000
31
11.6311
12
65.0000
22
59.5000
32
8.1085
13
55.0000
23
59.5000
33
8.1085
0
3DFACE
8
S_UMGEBUNG_WAND
10
65.0000
20
50.5000
30
8.1085
11
65.0000
21
59.5000
31
8.1085
12
65.0000
22
55.0000
32
11.6311
13
65.0000
23
55.0000
33
11.6311
0
3DFACE
8
S_UMGEBUNG_WAND
10
55.0000
20
59.5000
30
8.1085
11
55.0000
21
50.5000
31
8.1085
12
55.0000
22
55.0000
32
11.6311
13
55.0000
23
55.0000
33
11.6311
0
ENDBLK
8
0
0
BLOCK
8
0
2
UMG_DEBY_LOD2_4045
70
0
10
0
20
0
30
0
3
UMG_DEBY_LOD2_4045
0
3DFACE
8
S_UMGEBUNG_BODEN
10
55.5000
20
82.0000
30
2.6665
11
64.5000
21
82.0000
31
2.6665
12
64.5000
22
90.0000
32
2.6665
13
55.5000
23
90.0000
33
2.6665
0
3DFACE
8
S_UMGEBUNG_WAND
10
55.5000
20
82.0000
30
2.6665
11
64.5000
21
82.0000
31
2.6665
12
64.5000
22
82.0000
32
8.4665
13
55.5000
23
82.0000
33
8.4665
0
3DFACE
8
S_UMGEBUNG_WAND
10
64.5000
20
82.0000
30
2.6665
11
64.5000
21
90.0000
31
2.6665
12
64.5000
22
90.0000
32
8.4665
13
64.5000
23
82.0000
33
8.4665
0
3DFACE
8
S_UMGEBUNG_WAND
10
64.5000
20
90.0000
30
2.6665
11
55.5000
21
90.0000
31
2.6665
12
55.5000
22
90.0000
32
8.4665
13
64.5000
23
90.0000
33
8.4665
0
3DFACE
8
S_UMGEBUNG_WAND
10
55.5000
20
90.0000
30
2.6665
11
55.5000
21
82.0000
31
2.6665
12
55.5000
22
82.0000
32
8.4665
13
55.5000
23
90.0000
33
8.4665
0
3DFACE
8
S_UMGEBUNG_DACH
10
55.5000
20
82.0000
30
8.4665
11
64.5000
21
82.0000
31
8.4665
12
64.5000
22
86.0000
32
11.1665
13
55.5000
23
86.0000
33
11.1665
0
3DFACE
8
S_UMGEBUNG_DACH
10
55.5000
20
86.0000
30
11.1665
11
64.5000
21
86.0000
31
11.1665
12
64.5000
22
90.0000
32
8.4665
13
55.5000
23
90.0000
33
8.4665
0
3DFACE
8
S_UMGEBUNG_WAND
10
64.5000
20
82.0000
30
8.4665
11
64.5000
21
90.0000
31
8.4665
12
64.5000
22
86.0000
32
11.1665
13
64.5000
23
86.0000
33
11.1665
0
3DFACE
8
S_UMGEBUNG_WAND
10
55.5000
20
90.0000
30
8.4665
11
55.5000
21
82.0000
31
8.4665
12
55.5000
22
86.0000
32
11.1665
13
55.5000
23
86.0000
33
11.1665
0
ENDBLK
8
0
0
BLOCK
8
0
2
UMG_DEBY_LOD2_4046
70
0
10
0
20
0
30
0
3
UMG_DEBY_LOD2_4046
0
3DFACE
8
S_UMGEBUNG_BODEN
10
74.0000
20
50.5000
30
2.2896
11
84.0000
21
50.5000
31
2.2896
12
84.0000
22
59.5000
32
2.2896
13
74.0000
23
59.5000
33
2.2896
0
3DFACE
8
S_UMGEBUNG_WAND
10
74.0000
20
50.5000
30
2.2896
11
84.0000
21
50.5000
31
2.2896
12
84.0000
22
50.5000
32
8.2896
13
74.0000
23
50.5000
33
8.2896
0
3DFACE
8
S_UMGEBUNG_WAND
10
84.0000
20
50.5000
30
2.2896
11
84.0000
21
59.5000
31
2.2896
12
84.0000
22
59.5000
32
8.2896
13
84.0000
23
50.5000
33
8.2896
0
3DFACE
8
S_UMGEBUNG_WAND
10
84.0000
20
59.5000
30
2.2896
11
74.0000
21
59.5000
31
2.2896
12
74.0000
22
59.5000
32
8.2896
13
84.0000
23
59.5000
33
8.2896
0
3DFACE
8
S_UMGEBUNG_WAND
10
74.0000
20
59.5000
30
2.2896
11
74.0000
21
50.5000
31
2.2896
12
74.0000
22
50.5000
32
8.2896
13
74.0000
23
59.5000
33
8.2896
0
3DFACE
8
S_UMGEBUNG_DACH
10
74.0000
20
50.5000
30
8.2896
11
84.0000
21
50.5000
31
8.2896
12
84.0000
22
55.0000
32
12.2513
13
74.0000
23
55.0000
33
12.2513
0
3DFACE
8
S_UMGEBUNG_DACH
10
74.0000
20
55.0000
30
12.2513
11
84.0000
21
55.0000
31
12.2513
12
84.0000
22
59.5000
32
8.2896
13
74.0000
23
59.5000
33
8.2896
0
3DFACE
8
S_UMGEBUNG_WAND
10
84.0000
20
50.5000
30
8.2896
11
84.0000
21
59.5000
31
8.2896
12
84.0000
22
55.0000
32
12.2513
13
84.0000
23
55.0000
33
12.2513
0
3DFACE
8
S_UMGEBUNG_WAND
10
74.0000
20
59.5000
30
8.2896
11
74.0000
21
50.5000
31
8.2896
12
74.0000
22
55.0000
32
12.2513
13
74.0000
23
55.0000
33
12.2513
0
ENDBLK
8
0
0
BLOCK
8
0
2
UMG_DEBY_LOD2_4047
70
0
10
0
20
0
30
0
3
UMG_DEBY_LOD2_4047
0
3DFACE
8
S_UMGEBUNG_BODEN
10
74.5000
20
82.0000
30
2.8476
11
83.5000
21
82.0000
31
2.8476
12
83.5000
22
90.0000
32
2.8476
13
74.5000
23
90.0000
33
2.8476
0
3DFACE
8
S_UMGEBUNG_WAND
10
74.5000
20
82.0000
30
2.8476
11
83.5000
21
82.0000
31
2.8476
12
83.5000
22
82.0000
32
8.6476
13
74.5000
23
82.0000
33
8.6476
0
3DFACE
8
S_UMGEBUNG_WAND
10
83.5000
20
82.0000
30
2.8476
11
83.5000
21
90.0000
31
2.8476
12
83.5000
22
90.0000
32
8.6476
13
83.5000
23
82.0000
33
8.6476
0
3DFACE
8
S_UMGEBUNG_WAND
10
83.5000
20
90.0000
30
2.8476
11
74.5000
21
90.0000
31
2.8476
12
74.5000
22
90.0000
32
8.6476
13
83.5000
23
90.0000
33
8.6476
0
3DFACE
8
S_UMGEBUNG_WAND
10
74.5000
20
90.0000
30
2.8476
11
74.5000
21
82.0000
31
2.8476
12
74.5000
22
82.0000
32
8.6476
13
74.5000
23
90.0000
33
8.6476
0
3DFACE
8
S_UMGEBUNG_DACH
10
74.5000
20
82.0000
30
8.6476
11
83.5000
21
82.0000
31
8.6476
12
83.5000
22
86.0000
32
11.3476
13
74.5000
23
86.0000
33
11.3476
0
3DFACE
8
S_UMGEBUNG_DACH
10
74.5000
20
86.0000
30
11.3476
11
83.5000
21
86.0000
31
11.3476
12
83.5000
22
90.0000
32
8.6476
13
74.5000
23
90.0000
33
8.6476
0
3DFACE
8
S_UMGEBUNG_WAND
10
83.5000
20
82.0000
30
8.6476
11
83.5000
21
90.0000
31
8.6476
12
83.5000
22
86.0000
32
11.3476
13
83.5000
23
86.0000
33
11.3476
0
3DFACE
8
S_UMGEBUNG_WAND
10
74.5000
20
90.0000
30
8.6476
11
74.5000
21
82.0000
31
8.6476
12
74.5000
22
86.0000
32
11.3476
13
74.5000
23
86.0000
33
11.3476
0
ENDBLK
8
0
0
BLOCK
8
0
2
UMG_DEBY_LOD2_4048
70
0
10
0
20
0
30
0
3
UMG_DEBY_LOD2_4048
0
3DFACE
8
S_UMGEBUNG_BODEN
10
93.0000
20
50.5000
30
2.3487
11
103.0000
21
50.5000
31
2.3487
12
103.0000
22
59.5000
32
2.3487
13
93.0000
23
59.5000
33
2.3487
0
3DFACE
8
S_UMGEBUNG_WAND
10
93.0000
20
50.5000
30
2.3487
11
103.0000
21
50.5000
31
2.3487
12
103.0000
22
50.5000
32
8.3487
13
93.0000
23
50.5000
33
8.3487
0
3DFACE
8
S_UMGEBUNG_WAND
10
103.0000
20
50.5000
30
2.3487
11
103.0000
21
59.5000
31
2.3487
12
103.0000
22
59.5000
32
8.3487
13
103.0000
23
50.5000
33
8.3487
0
3DFACE
8
S_UMGEBUNG_WAND
10
103.0000
20
59.5000
30
2.3487
11
93.0000
21
59.5000
31
2.3487
12
93.0000
22
59.5000
32
8.3487
13
103.0000
23
59.5000
33
8.3487
0
3DFACE
8
S_UMGEBUNG_WAND
10
93.0000
20
59.5000
30
2.3487
11
93.0000
21
50.5000
31
2.3487
12
93.0000
22
50.5000
32
8.3487
13
93.0000
23
59.5000
33
8.3487
0
3DFACE
8
S_UMGEBUNG_DACH
10
93.0000
20
50.5000
30
8.3487
11
103.0000
21
50.5000
31
8.3487
12
103.0000
22
55.0000
32
12.0167
13
93.0000
23
55.0000
33
12.0167
0
3DFACE
8
S_UMGEBUNG_DACH
10
93.0000
20
55.0000
30
12.0167
11
103.0000
21
55.0000
31
12.0167
12
103.0000
22
59.5000
32
8.3487
13
93.0000
23
59.5000
33
8.3487
0
3DFACE
8
S_UMGEBUNG_WAND
10
103.0000
20
50.5000
30
8.3487
11
103.0000
21
59.5000
31
8.3487
12
103.0000
22
55.0000
32
12.0167
13
103.0000
23
55.0000
33
12.0167
0
3DFACE
8
S_UMGEBUNG_WAND
10
93.0000
20
59.5000
30
8.3487
11
93.0000
21
50.5000
31
8.3487
12
93.0000
22
55.0000
32
12.0167
13
93.0000
23
55.0000
33
12.0167
0
ENDBLK
8
0
0
BLOCK
8
0
2
UMG_DEBY_LOD2_4049
70
0
10
0
20
0
30
0
3
UMG_DEBY_LOD2_4049
0
3DFACE
8
S_UMGEBUNG_BODEN
10
93.5000
20
82.0000
30
2.9067
11
102.5000
21
82.0000
31
2.9067
12
102.5000
22
90.0000
32
2.9067
13
93.5000
23
90.0000
33
2.9067
0
3DFACE
8
S_UMGEBUNG_WAND
10
93.5000
20
82.0000
30
2.9067
11
102.5000
21
82.0000
31
2.9067
12
102.5000
22
82.0000
32
8.7067
13
93.5000
23
82.0000
33
8.7067
0
3DFACE
8
S_UMGEBUNG_WAND
10
102.5000
20
82.0000
30
2.9067
11
102.5000
21
90.0000
31
2.9067
12
102.5000
22
90.0000
32
8.7067
13
102.5000
23
82.0000
33
8.7067
0
3DFACE
8
S_UMGEBUNG_WAND
10
102.5000
20
90.0000
30
2.9067
11
93.5000
21
90.0000
31
2.9067
12
93.5000
22
90.0000
32
8.7067
13
102.5000
23
90.0000
33
8.7067
0
3DFACE
8
S_UMGEBUNG_WAND
10
93.5000
20
90.0000
30
2.9067
11
93.5000
21
82.0000
31
2.9067
12
93.5000
22
82.0000
32
8.7067
13
93.5000
23
90.0000
33
8.7067
0
3DFACE
8
S_UMGEBUNG_DACH
10
93.5000
20
82.0000
30
8.7067
11
102.5000
21
82.0000
31
8.7067
12
102.5000
22
86.0000
32
11.4067
13
93.5000
23
86.0000
33
11.4067
0
3DFACE
8
S_UMGEBUNG_DACH
10
93.5000
20
86.0000
30
11.4067
11
102.5000
21
86.0000
31
11.4067
12
102.5000
22
90.0000
32
8.7067
13
93.5000
23
90.0000
33
8.7067
0
3DFACE
8
S_UMGEBUNG_WAND
10
102.5000
20
82.0000
30
8.7067
11
102.5000
21
90.0000
31
8.7067
12
102.5000
22
86.0000
32
11.4067
13
102.5000
23
86.0000
33
11.4067
0
3DFACE
8
S_UMGEBUNG_WAND
10
93.5000
20
90.0000
30
8.7067
11
93.5000
21
82.0000
31
8.7067
12
93.5000
22
86.0000
32
11.4067
13
93.5000
23
86.0000
33
11.4067
0
ENDBLK
8
0
0
BLOCK
8
0
2
UMG_DEBY_LOD2_4050
70
0
10
0
20
0
30
0
3
UMG_DEBY_LOD2_4050
0
3DFACE
8
S_UMGEBUNG_BODEN
10
112.0000
20
50.5000
30
2.3229
11
122.0000
21
50.5000
31
2.3229
12
122.0000
22
59.5000
32
2.3229
13
112.0000
23
59.5000
33
2.3229
0
3DFACE
8
S_UMGEBUNG_WAND
10
112.0000
20
50.5000
30
2.3229
11
122.0000
21
50.5000
31
2.3229
12
122.0000
22
50.5000
32
8.3229
13
112.0000
23
50.5000
33
8.3229
0
3DFACE
8
S_UMGEBUNG_WAND
10
122.0000
20
50.5000
30
2.3229
11
122.0000
21
59.5000
31
2.3229
12
122.0000
22
59.5000
32
8.3229
13
122.0000
23
50.5000
33
8.3229
0
3DFACE
8
S_UMGEBUNG_WAND
10
122.0000
20
59.5000
30
2.3229
11
112.0000
21
59.5000
31
2.3229
12
112.0000
22
59.5000
32
8.3229
13
122.0000
23
59.5000
33
8.3229
0
3DFACE
8
S_UMGEBUNG_WAND
10
112.0000
20
59.5000
30
2.3229
11
112.0000
21
50.5000
31
2.3229
12
112.0000
22
50.5000
32
8.3229
13
112.0000
23
59.5000
33
8.3229
0
3DFACE
8
S_UMGEBUNG_DACH
10
112.0000
20
50.5000
30
8.3229
11
122.0000
21
50.5000
31
8.3229
12
122.0000
22
55.0000
32
11.9400
13
112.0000
23
55.0000
33
11.9400
0
3DFACE
8
S_UMGEBUNG_DACH
10
112.0000
20
55.0000
30
11.9400
11
122.0000
21
55.0000
31
11.9400
12
122.0000
22
59.5000
32
8.3229
13
112.0000
23
59.5000
33
8.3229
0
3DFACE
8
S_UMGEBUNG_WAND
10
122.0000
20
50.5000
30
8.3229
11
122.0000
21
59.5000
31
8.3229
12
122.0000
22
55.0000
32
11.9400
13
122.0000
23
55.0000
33
11.9400
0
3DFACE
8
S_UMGEBUNG_WAND
10
112.0000
20
59.5000
30
8.3229
11
112.0000
21
50.5000
31
8.3229
12
112.0000
22
55.0000
32
11.9400
13
112.0000
23
55.0000
33
11.9400
0
ENDBLK
8
0
0
BLOCK
8
0
2
UMG_DEBY_LOD2_4051
70
0
10
0
20
0
30
0
3
UMG_DEBY_LOD2_4051
0
3DFACE
8
S_UMGEBUNG_BODEN
10
112.5000
20
82.0000
30
2.8809
11
121.5000
21
82.0000
31
2.8809
12
121.5000
22
90.0000
32
2.8809
13
112.5000
23
90.0000
33
2.8809
0
3DFACE
8
S_UMGEBUNG_WAND
10
112.5000
20
82.0000
30
2.8809
11
121.5000
21
82.0000
31
2.8809
12
121.5000
22
82.0000
32
8.6809
13
112.5000
23
82.0000
33
8.6809
0
3DFACE
8
S_UMGEBUNG_WAND
10
121.5000
20
82.0000
30
2.8809
11
121.5000
21
90.0000
31
2.8809
12
121.5000
22
90.0000
32
8.6809
13
121.5000
23
82.0000
33
8.6809
0
3DFACE
8
S_UMGEBUNG_WAND
10
121.5000
20
90.0000
30
2.8809
11
112.5000
21
90.0000
31
2.8809
12
112.5000
22
90.0000
32
8.6809
13
121.5000
23
90.0000
33
8.6809
0
3DFACE
8
S_UMGEBUNG_WAND
10
112.5000
20
90.0000
30
2.8809
11
112.5000
21
82.0000
31
2.8809
12
112.5000
22
82.0000
32
8.6809
13
112.5000
23
90.0000
33
8.6809
0
3DFACE
8
S_UMGEBUNG_DACH
10
112.5000
20
82.0000
30
8.6809
11
121.5000
21
82.0000
31
8.6809
12
121.5000
22
86.0000
32
11.3809
13
112.5000
23
86.0000
33
11.3809
0
3DFACE
8
S_UMGEBUNG_DACH
10
112.5000
20
86.0000
30
11.3809
11
121.5000
21
86.0000
31
11.3809
12
121.5000
22
90.0000
32
8.6809
13
112.5000
23
90.0000
33
8.6809
0
3DFACE
8
S_UMGEBUNG_WAND
10
121.5000
20
82.0000
30
8.6809
11
121.5000
21
90.0000
31
8.6809
12
121.5000
22
86.0000
32
11.3809
13
121.5000
23
86.0000
33
11.3809
0
3DFACE
8
S_UMGEBUNG_WAND
10
112.5000
20
90.0000
30
8.6809
11
112.5000
21
82.0000
31
8.6809
12
112.5000
22
86.0000
32
11.3809
13
112.5000
23
86.0000
33
11.3809
0
ENDBLK
8
0
0
BLOCK
8
0
2
UMG_DEBY_LOD2_4052
70
0
10
0
20
0
30
0
3
UMG_DEBY_LOD2_4052
0
3DFACE
8
S_UMGEBUNG_BODEN
10
-53.0000
20
-114.5000
30
-3.4716
11
-53.0000
21
-105.5000
31
-3.4716
12
-63.0000
22
-105.5000
32
-3.4716
13
-63.0000
23
-114.5000
33
-3.4716
0
3DFACE
8
S_UMGEBUNG_WAND
10
-53.0000
20
-114.5000
30
-3.4716
11
-53.0000
21
-105.5000
31
-3.4716
12
-53.0000
22
-105.5000
32
2.5284
13
-53.0000
23
-114.5000
33
2.5284
0
3DFACE
8
S_UMGEBUNG_WAND
10
-53.0000
20
-105.5000
30
-3.4716
11
-63.0000
21
-105.5000
31
-3.4716
12
-63.0000
22
-105.5000
32
2.5284
13
-53.0000
23
-105.5000
33
2.5284
0
3DFACE
8
S_UMGEBUNG_WAND
10
-63.0000
20
-105.5000
30
-3.4716
11
-63.0000
21
-114.5000
31
-3.4716
12
-63.0000
22
-114.5000
32
2.5284
13
-63.0000
23
-105.5000
33
2.5284
0
3DFACE
8
S_UMGEBUNG_WAND
10
-63.0000
20
-114.5000
30
-3.4716
11
-53.0000
21
-114.5000
31
-3.4716
12
-53.0000
22
-114.5000
32
2.5284
13
-63.0000
23
-114.5000
33
2.5284
0
3DFACE
8
S_UMGEBUNG_DACH
10
-53.0000
20
-114.5000
30
2.5284
11
-53.0000
21
-105.5000
31
2.5284
12
-58.0000
22
-105.5000
32
5.7284
13
-58.0000
23
-114.5000
33
5.7284
0
3DFACE
8
S_UMGEBUNG_DACH
10
-58.0000
20
-114.5000
30
5.7284
11
-58.0000
21
-105.5000
31
5.7284
12
-63.0000
22
-105.5000
32
2.5284
13
-63.0000
23
-114.5000
33
2.5284
0
3DFACE
8
S_UMGEBUNG_WAND
10
-53.0000
20
-105.5000
30
2.5284
11
-63.0000
21
-105.5000
31
2.5284
12
-58.0000
22
-105.5000
32
5.7284
13
-58.0000
23
-105.5000
33
5.7284
0
3DFACE
8
S_UMGEBUNG_WAND
10
-63.0000
20
-114.5000
30
2.5284
11
-53.0000
21
-114.5000
31
2.5284
12
-58.0000
22
-114.5000
32
5.7284
13
-58.0000
23
-114.5000
33
5.7284
0
ENDBLK
8
0
0
BLOCK
8
0
2
UMG_DEBY_LOD2_4053
70
0
10
0
20
0
30
0
3
UMG_DEBY_LOD2_4053
0
3DFACE
8
S_UMGEBUNG_BODEN
10
-53.0000
20
-98.5000
30
-3.1836
11
-53.0000
21
-89.5000
31
-3.1836
12
-63.0000
22
-89.5000
32
-3.1836
13
-63.0000
23
-98.5000
33
-3.1836
0
3DFACE
8
S_UMGEBUNG_WAND
10
-53.0000
20
-98.5000
30
-3.1836
11
-53.0000
21
-89.5000
31
-3.1836
12
-53.0000
22
-89.5000
32
2.8164
13
-53.0000
23
-98.5000
33
2.8164
0
3DFACE
8
S_UMGEBUNG_WAND
10
-53.0000
20
-89.5000
30
-3.1836
11
-63.0000
21
-89.5000
31
-3.1836
12
-63.0000
22
-89.5000
32
2.8164
13
-53.0000
23
-89.5000
33
2.8164
0
3DFACE
8
S_UMGEBUNG_WAND
10
-63.0000
20
-89.5000
30
-3.1836
11
-63.0000
21
-98.5000
31
-3.1836
12
-63.0000
22
-98.5000
32
2.8164
13
-63.0000
23
-89.5000
33
2.8164
0
3DFACE
8
S_UMGEBUNG_WAND
10
-63.0000
20
-98.5000
30
-3.1836
11
-53.0000
21
-98.5000
31
-3.1836
12
-53.0000
22
-98.5000
32
2.8164
13
-63.0000
23
-98.5000
33
2.8164
0
3DFACE
8
S_UMGEBUNG_DACH
10
-53.0000
20
-98.5000
30
2.8164
11
-53.0000
21
-89.5000
31
2.8164
12
-58.0000
22
-89.5000
32
6.0164
13
-58.0000
23
-98.5000
33
6.0164
0
3DFACE
8
S_UMGEBUNG_DACH
10
-58.0000
20
-98.5000
30
6.0164
11
-58.0000
21
-89.5000
31
6.0164
12
-63.0000
22
-89.5000
32
2.8164
13
-63.0000
23
-98.5000
33
2.8164
0
3DFACE
8
S_UMGEBUNG_WAND
10
-53.0000
20
-89.5000
30
2.8164
11
-63.0000
21
-89.5000
31
2.8164
12
-58.0000
22
-89.5000
32
6.0164
13
-58.0000
23
-89.5000
33
6.0164
0
3DFACE
8
S_UMGEBUNG_WAND
10
-63.0000
20
-98.5000
30
2.8164
11
-53.0000
21
-98.5000
31
2.8164
12
-58.0000
22
-98.5000
32
6.0164
13
-58.0000
23
-98.5000
33
6.0164
0
ENDBLK
8
0
0
BLOCK
8
0
2
UMG_DEBY_LOD2_4054
70
0
10
0
20
0
30
0
3
UMG_DEBY_LOD2_4054
0
3DFACE
8
S_UMGEBUNG_BODEN
10
-53.0000
20
-82.5000
30
-2.8956
11
-53.0000
21
-73.5000
31
-2.8956
12
-63.0000
22
-73.5000
32
-2.8956
13
-63.0000
23
-82.5000
33
-2.8956
0
3DFACE
8
S_UMGEBUNG_WAND
10
-53.0000
20
-82.5000
30
-2.8956
11
-53.0000
21
-73.5000
31
-2.8956
12
-53.0000
22
-73.5000
32
3.1044
13
-53.0000
23
-82.5000
33
3.1044
0
3DFACE
8
S_UMGEBUNG_WAND
10
-53.0000
20
-73.5000
30
-2.8956
11
-63.0000
21
-73.5000
31
-2.8956
12
-63.0000
22
-73.5000
32
3.1044
13
-53.0000
23
-73.5000
33
3.1044
0
3DFACE
8
S_UMGEBUNG_WAND
10
-63.0000
20
-73.5000
30
-2.8956
11
-63.0000
21
-82.5000
31
-2.8956
12
-63.0000
22
-82.5000
32
3.1044
13
-63.0000
23
-73.5000
33
3.1044
0
3DFACE
8
S_UMGEBUNG_WAND
10
-63.0000
20
-82.5000
30
-2.8956
11
-53.0000
21
-82.5000
31
-2.8956
12
-53.0000
22
-82.5000
32
3.1044
13
-63.0000
23
-82.5000
33
3.1044
0
3DFACE
8
S_UMGEBUNG_DACH
10
-53.0000
20
-82.5000
30
3.1044
11
-53.0000
21
-73.5000
31
3.1044
12
-58.0000
22
-73.5000
32
6.3044
13
-58.0000
23
-82.5000
33
6.3044
0
3DFACE
8
S_UMGEBUNG_DACH
10
-58.0000
20
-82.5000
30
6.3044
11
-58.0000
21
-73.5000
31
6.3044
12
-63.0000
22
-73.5000
32
3.1044
13
-63.0000
23
-82.5000
33
3.1044
0
3DFACE
8
S_UMGEBUNG_WAND
10
-53.0000
20
-73.5000
30
3.1044
11
-63.0000
21
-73.5000
31
3.1044
12
-58.0000
22
-73.5000
32
6.3044
13
-58.0000
23
-73.5000
33
6.3044
0
3DFACE
8
S_UMGEBUNG_WAND
10
-63.0000
20
-82.5000
30
3.1044
11
-53.0000
21
-82.5000
31
3.1044
12
-58.0000
22
-82.5000
32
6.3044
13
-58.0000
23
-82.5000
33
6.3044
0
ENDBLK
8
0
0
BLOCK
8
0
2
UMG_DEBY_LOD2_4055
70
0
10
0
20
0
30
0
3
UMG_DEBY_LOD2_4055
0
3DFACE
8
S_UMGEBUNG_BODEN
10
-53.0000
20
-66.5000
30
-2.6076
11
-53.0000
21
-57.5000
31
-2.6076
12
-63.0000
22
-57.5000
32
-2.6076
13
-63.0000
23
-66.5000
33
-2.6076
0
3DFACE
8
S_UMGEBUNG_WAND
10
-53.0000
20
-66.5000
30
-2.6076
11
-53.0000
21
-57.5000
31
-2.6076
12
-53.0000
22
-57.5000
32
3.3924
13
-53.0000
23
-66.5000
33
3.3924
0
3DFACE
8
S_UMGEBUNG_WAND
10
-53.0000
20
-57.5000
30
-2.6076
11
-63.0000
21
-57.5000
31
-2.6076
12
-63.0000
22
-57.5000
32
3.3924
13
-53.0000
23
-57.5000
33
3.3924
0
3DFACE
8
S_UMGEBUNG_WAND
10
-63.0000
20
-57.5000
30
-2.6076
11
-63.0000
21
-66.5000
31
-2.6076
12
-63.0000
22
-66.5000
32
3.3924
13
-63.0000
23
-57.5000
33
3.3924
0
3DFACE
8
S_UMGEBUNG_WAND
10
-63.0000
20
-66.5000
30
-2.6076
11
-53.0000
21
-66.5000
31
-2.6076
12
-53.0000
22
-66.5000
32
3.3924
13
-63.0000
23
-66.5000
33
3.3924
0
3DFACE
8
S_UMGEBUNG_DACH
10
-53.0000
20
-66.5000
30
3.3924
11
-53.0000
21
-57.5000
31
3.3924
12
-58.0000
22
-57.5000
32
6.5924
13
-58.0000
23
-66.5000
33
6.5924
0
3DFACE
8
S_UMGEBUNG_DACH
10
-58.0000
20
-66.5000
30
6.5924
11
-58.0000
21
-57.5000
31
6.5924
12
-63.0000
22
-57.5000
32
3.3924
13
-63.0000
23
-66.5000
33
3.3924
0
3DFACE
8
S_UMGEBUNG_WAND
10
-53.0000
20
-57.5000
30
3.3924
11
-63.0000
21
-57.5000
31
3.3924
12
-58.0000
22
-57.5000
32
6.5924
13
-58.0000
23
-57.5000
33
6.5924
0
3DFACE
8
S_UMGEBUNG_WAND
10
-63.0000
20
-66.5000
30
3.3924
11
-53.0000
21
-66.5000
31
3.3924
12
-58.0000
22
-66.5000
32
6.5924
13
-58.0000
23
-66.5000
33
6.5924
0
ENDBLK
8
0
0
BLOCK
8
0
2
UMG_DEBY_LOD2_4056
70
0
10
0
20
0
30
0
3
UMG_DEBY_LOD2_4056
0
3DFACE
8
S_UMGEBUNG_BODEN
10
58.5978
20
-87.9366
30
-0.2096
11
82.5210
21
-86.0186
31
-0.2096
12
81.4022
22
-72.0634
32
-0.2096
13
57.4790
23
-73.9814
33
-0.2096
0
3DFACE
8
S_UMGEBUNG_WAND
10
58.5978
20
-87.9366
30
-0.2096
11
82.5210
21
-86.0186
31
-0.2096
12
82.5210
22
-86.0186
32
8.7904
13
58.5978
23
-87.9366
33
8.7904
0
3DFACE
8
S_UMGEBUNG_WAND
10
82.5210
20
-86.0186
30
-0.2096
11
81.4022
21
-72.0634
31
-0.2096
12
81.4022
22
-72.0634
32
8.7904
13
82.5210
23
-86.0186
33
8.7904
0
3DFACE
8
S_UMGEBUNG_WAND
10
81.4022
20
-72.0634
30
-0.2096
11
57.4790
21
-73.9814
31
-0.2096
12
57.4790
22
-73.9814
32
8.7904
13
81.4022
23
-72.0634
33
8.7904
0
3DFACE
8
S_UMGEBUNG_WAND
10
57.4790
20
-73.9814
30
-0.2096
11
58.5978
21
-87.9366
31
-0.2096
12
58.5978
22
-87.9366
32
8.7904
13
57.4790
23
-73.9814
33
8.7904
0
3DFACE
8
S_UMGEBUNG_DACH
10
58.5978
20
-87.9366
30
8.7904
11
82.5210
21
-86.0186
31
8.7904
12
81.9616
22
-79.0410
32
11.7904
13
58.0384
23
-80.9590
33
11.7904
0
3DFACE
8
S_UMGEBUNG_DACH
10
58.0384
20
-80.9590
30
11.7904
11
81.9616
21
-79.0410
31
11.7904
12
81.4022
22
-72.0634
32
8.7904
13
57.4790
23
-73.9814
33
8.7904
0
3DFACE
8
S_UMGEBUNG_WAND
10
82.5210
20
-86.0186
30
8.7904
11
81.4022
21
-72.0634
31
8.7904
12
81.9616
22
-79.0410
32
11.7904
13
81.9616
23
-79.0410
33
11.7904
0
3DFACE
8
S_UMGEBUNG_WAND
10
57.4790
20
-73.9814
30
8.7904
11
58.5978
21
-87.9366
31
8.7904
12
58.0384
22
-80.9590
32
11.7904
13
58.0384
23
-80.9590
33
11.7904
0
ENDBLK
8
0
0
BLOCK
8
0
2
CEVRE_TABAN_HATLARI
70
0
10
0
20
0
30
0
3
CEVRE_TABAN_HATLARI
0
LWPOLYLINE
8
S_UMGEBUNG_GRUNDRISS
90
4
70
1
38
0.000
10
-145.3238
20
-7.0000
10
-134.6762
20
-7.0000
10
-134.6762
20
2.0000
10
-145.3238
20
2.0000
0
LWPOLYLINE
8
S_UMGEBUNG_GRUNDRISS
90
4
70
1
38
0.000
10
-141.5000
20
-40.7500
10
-130.5000
20
-40.7500
10
-130.5000
20
-31.2500
10
-141.5000
20
-31.2500
0
LWPOLYLINE
8
S_UMGEBUNG_GRUNDRISS
90
4
70
1
38
0.000
10
-128.3657
20
-7.0000
10
-117.6343
20
-7.0000
10
-117.6343
20
2.0000
10
-128.3657
20
2.0000
0
LWPOLYLINE
8
S_UMGEBUNG_GRUNDRISS
90
4
70
1
38
0.000
10
-124.5000
20
-40.7500
10
-113.5000
20
-40.7500
10
-113.5000
20
-31.2500
10
-124.5000
20
-31.2500
0
LWPOLYLINE
8
S_UMGEBUNG_GRUNDRISS
90
4
70
1
38
0.000
10
-111.0699
20
-7.0000
10
-100.9301
20
-7.0000
10
-100.9301
20
2.0000
10
-111.0699
20
2.0000
0
LWPOLYLINE
8
S_UMGEBUNG_GRUNDRISS
90
4
70
1
38
0.000
10
-107.5000
20
-40.7500
10
-96.5000
20
-40.7500
10
-96.5000
20
-31.2500
10
-107.5000
20
-31.2500
0
LWPOLYLINE
8
S_UMGEBUNG_GRUNDRISS
90
4
70
1
38
0.000
10
-94.2232
20
-7.0000
10
-83.7768
20
-7.0000
10
-83.7768
20
2.0000
10
-94.2232
20
2.0000
0
LWPOLYLINE
8
S_UMGEBUNG_GRUNDRISS
90
4
70
1
38
0.000
10
-90.5000
20
-40.7500
10
-79.5000
20
-40.7500
10
-79.5000
20
-31.2500
10
-90.5000
20
-31.2500
0
LWPOLYLINE
8
S_UMGEBUNG_GRUNDRISS
90
4
70
1
38
0.000
10
-60.9763
20
-7.0000
10
-49.0237
20
-7.0000
10
-49.0237
20
2.0000
10
-60.9763
20
2.0000
0
LWPOLYLINE
8
S_UMGEBUNG_GRUNDRISS
90
4
70
1
38
0.000
10
-56.5000
20
-40.7500
10
-45.5000
20
-40.7500
10
-45.5000
20
-31.2500
10
-56.5000
20
-31.2500
0
LWPOLYLINE
8
S_UMGEBUNG_GRUNDRISS
90
4
70
1
38
0.000
10
-43.1178
20
-7.0000
10
-32.8822
20
-7.0000
10
-32.8822
20
2.0000
10
-43.1178
20
2.0000
0
LWPOLYLINE
8
S_UMGEBUNG_GRUNDRISS
90
4
70
1
38
0.000
10
-39.5000
20
-40.7500
10
-28.5000
20
-40.7500
10
-28.5000
20
-31.2500
10
-39.5000
20
-31.2500
0
LWPOLYLINE
8
S_UMGEBUNG_GRUNDRISS
90
4
70
1
38
0.000
10
-26.6389
20
-7.0000
10
-15.3611
20
-7.0000
10
-15.3611
20
2.0000
10
-26.6389
20
2.0000
0
LWPOLYLINE
8
S_UMGEBUNG_GRUNDRISS
90
4
70
1
38
0.000
10
-22.5000
20
-40.7500
10
-11.5000
20
-40.7500
10
-11.5000
20
-31.2500
10
-22.5000
20
-31.2500
0
LWPOLYLINE
8
S_UMGEBUNG_GRUNDRISS
90
4
70
1
38
0.000
10
24.7940
20
-7.0000
10
35.2060
20
-7.0000
10
35.2060
20
2.0000
10
24.7940
20
2.0000
0
LWPOLYLINE
8
S_UMGEBUNG_GRUNDRISS
90
4
70
1
38
0.000
10
28.5000
20
-40.7500
10
39.5000
20
-40.7500
10
39.5000
20
-31.2500
10
28.5000
20
-31.2500
0
LWPOLYLINE
8
S_UMGEBUNG_GRUNDRISS
90
4
70
1
38
0.000
10
41.5468
20
-7.0000
10
52.4532
20
-7.0000
10
52.4532
20
2.0000
10
41.5468
20
2.0000
0
LWPOLYLINE
8
S_UMGEBUNG_GRUNDRISS
90
4
70
1
38
0.000
10
45.5000
20
-40.7500
10
56.5000
20
-40.7500
10
56.5000
20
-31.2500
10
45.5000
20
-31.2500
0
LWPOLYLINE
8
S_UMGEBUNG_GRUNDRISS
90
4
70
1
38
0.000
10
58.4256
20
-7.0000
10
69.5744
20
-7.0000
10
69.5744
20
2.0000
10
58.4256
20
2.0000
0
LWPOLYLINE
8
S_UMGEBUNG_GRUNDRISS
90
4
70
1
38
0.000
10
62.5000
20
-40.7500
10
73.5000
20
-40.7500
10
73.5000
20
-31.2500
10
62.5000
20
-31.2500
0
LWPOLYLINE
8
S_UMGEBUNG_GRUNDRISS
90
4
70
1
38
0.000
10
75.0198
20
-7.0000
10
86.9802
20
-7.0000
10
86.9802
20
2.0000
10
75.0198
20
2.0000
0
LWPOLYLINE
8
S_UMGEBUNG_GRUNDRISS
90
4
70
1
38
0.000
10
79.5000
20
-40.7500
10
90.5000
20
-40.7500
10
90.5000
20
-31.2500
10
79.5000
20
-31.2500
0
LWPOLYLINE
8
S_UMGEBUNG_GRUNDRISS
90
4
70
1
38
0.000
10
92.5110
20
-7.0000
10
103.4890
20
-7.0000
10
103.4890
20
2.0000
10
92.5110
20
2.0000
0
LWPOLYLINE
8
S_UMGEBUNG_GRUNDRISS
90
4
70
1
38
0.000
10
96.5000
20
-40.7500
10
107.5000
20
-40.7500
10
107.5000
20
-31.2500
10
96.5000
20
-31.2500
0
LWPOLYLINE
8
S_UMGEBUNG_GRUNDRISS
90
4
70
1
38
0.000
10
109.1245
20
-7.0000
10
120.8755
20
-7.0000
10
120.8755
20
2.0000
10
109.1245
20
2.0000
0
LWPOLYLINE
8
S_UMGEBUNG_GRUNDRISS
90
4
70
1
38
0.000
10
113.5000
20
-40.7500
10
124.5000
20
-40.7500
10
124.5000
20
-31.2500
10
113.5000
20
-31.2500
0
LWPOLYLINE
8
S_UMGEBUNG_GRUNDRISS
90
4
70
1
38
0.000
10
126.5438
20
-7.0000
10
137.4562
20
-7.0000
10
137.4562
20
2.0000
10
126.5438
20
2.0000
0
LWPOLYLINE
8
S_UMGEBUNG_GRUNDRISS
90
4
70
1
38
0.000
10
130.5000
20
-40.7500
10
141.5000
20
-40.7500
10
141.5000
20
-31.2500
10
130.5000
20
-31.2500
0
LWPOLYLINE
8
S_UMGEBUNG_GRUNDRISS
90
4
70
1
38
0.000
10
-135.0000
20
50.5000
10
-125.0000
20
50.5000
10
-125.0000
20
59.5000
10
-135.0000
20
59.5000
0
LWPOLYLINE
8
S_UMGEBUNG_GRUNDRISS
90
4
70
1
38
0.000
10
-116.0000
20
50.5000
10
-106.0000
20
50.5000
10
-106.0000
20
59.5000
10
-116.0000
20
59.5000
0
LWPOLYLINE
8
S_UMGEBUNG_GRUNDRISS
90
4
70
1
38
0.000
10
-115.5000
20
82.0000
10
-106.5000
20
82.0000
10
-106.5000
20
90.0000
10
-115.5000
20
90.0000
0
LWPOLYLINE
8
S_UMGEBUNG_GRUNDRISS
90
4
70
1
38
0.000
10
-97.0000
20
50.5000
10
-87.0000
20
50.5000
10
-87.0000
20
59.5000
10
-97.0000
20
59.5000
0
LWPOLYLINE
8
S_UMGEBUNG_GRUNDRISS
90
4
70
1
38
0.000
10
-96.5000
20
82.0000
10
-87.5000
20
82.0000
10
-87.5000
20
90.0000
10
-96.5000
20
90.0000
0
LWPOLYLINE
8
S_UMGEBUNG_GRUNDRISS
90
4
70
1
38
0.000
10
-59.0000
20
50.5000
10
-49.0000
20
50.5000
10
-49.0000
20
59.5000
10
-59.0000
20
59.5000
0
LWPOLYLINE
8
S_UMGEBUNG_GRUNDRISS
90
4
70
1
38
0.000
10
-58.5000
20
82.0000
10
-49.5000
20
82.0000
10
-49.5000
20
90.0000
10
-58.5000
20
90.0000
0
LWPOLYLINE
8
S_UMGEBUNG_GRUNDRISS
90
4
70
1
38
0.000
10
-40.0000
20
50.5000
10
-30.0000
20
50.5000
10
-30.0000
20
59.5000
10
-40.0000
20
59.5000
0
LWPOLYLINE
8
S_UMGEBUNG_GRUNDRISS
90
4
70
1
38
0.000
10
-39.5000
20
82.0000
10
-30.5000
20
82.0000
10
-30.5000
20
90.0000
10
-39.5000
20
90.0000
0
LWPOLYLINE
8
S_UMGEBUNG_GRUNDRISS
90
4
70
1
38
0.000
10
-21.0000
20
50.5000
10
-11.0000
20
50.5000
10
-11.0000
20
59.5000
10
-21.0000
20
59.5000
0
LWPOLYLINE
8
S_UMGEBUNG_GRUNDRISS
90
4
70
1
38
0.000
10
-20.5000
20
82.0000
10
-11.5000
20
82.0000
10
-11.5000
20
90.0000
10
-20.5000
20
90.0000
0
LWPOLYLINE
8
S_UMGEBUNG_GRUNDRISS
90
4
70
1
38
0.000
10
-2.0000
20
50.5000
10
8.0000
20
50.5000
10
8.0000
20
59.5000
10
-2.0000
20
59.5000
0
LWPOLYLINE
8
S_UMGEBUNG_GRUNDRISS
90
4
70
1
38
0.000
10
-1.5000
20
82.0000
10
7.5000
20
82.0000
10
7.5000
20
90.0000
10
-1.5000
20
90.0000
0
LWPOLYLINE
8
S_UMGEBUNG_GRUNDRISS
90
4
70
1
38
0.000
10
17.0000
20
50.5000
10
27.0000
20
50.5000
10
27.0000
20
59.5000
10
17.0000
20
59.5000
0
LWPOLYLINE
8
S_UMGEBUNG_GRUNDRISS
90
4
70
1
38
0.000
10
17.5000
20
82.0000
10
26.5000
20
82.0000
10
26.5000
20
90.0000
10
17.5000
20
90.0000
0
LWPOLYLINE
8
S_UMGEBUNG_GRUNDRISS
90
4
70
1
38
0.000
10
55.0000
20
50.5000
10
65.0000
20
50.5000
10
65.0000
20
59.5000
10
55.0000
20
59.5000
0
LWPOLYLINE
8
S_UMGEBUNG_GRUNDRISS
90
4
70
1
38
0.000
10
55.5000
20
82.0000
10
64.5000
20
82.0000
10
64.5000
20
90.0000
10
55.5000
20
90.0000
0
LWPOLYLINE
8
S_UMGEBUNG_GRUNDRISS
90
4
70
1
38
0.000
10
74.0000
20
50.5000
10
84.0000
20
50.5000
10
84.0000
20
59.5000
10
74.0000
20
59.5000
0
LWPOLYLINE
8
S_UMGEBUNG_GRUNDRISS
90
4
70
1
38
0.000
10
74.5000
20
82.0000
10
83.5000
20
82.0000
10
83.5000
20
90.0000
10
74.5000
20
90.0000
0
LWPOLYLINE
8
S_UMGEBUNG_GRUNDRISS
90
4
70
1
38
0.000
10
93.0000
20
50.5000
10
103.0000
20
50.5000
10
103.0000
20
59.5000
10
93.0000
20
59.5000
0
LWPOLYLINE
8
S_UMGEBUNG_GRUNDRISS
90
4
70
1
38
0.000
10
93.5000
20
82.0000
10
102.5000
20
82.0000
10
102.5000
20
90.0000
10
93.5000
20
90.0000
0
LWPOLYLINE
8
S_UMGEBUNG_GRUNDRISS
90
4
70
1
38
0.000
10
112.0000
20
50.5000
10
122.0000
20
50.5000
10
122.0000
20
59.5000
10
112.0000
20
59.5000
0
LWPOLYLINE
8
S_UMGEBUNG_GRUNDRISS
90
4
70
1
38
0.000
10
112.5000
20
82.0000
10
121.5000
20
82.0000
10
121.5000
20
90.0000
10
112.5000
20
90.0000
0
LWPOLYLINE
8
S_UMGEBUNG_GRUNDRISS
90
4
70
1
38
0.000
10
-53.0000
20
-114.5000
10
-53.0000
20
-105.5000
10
-63.0000
20
-105.5000
10
-63.0000
20
-114.5000
0
LWPOLYLINE
8
S_UMGEBUNG_GRUNDRISS
90
4
70
1
38
0.000
10
-53.0000
20
-98.5000
10
-53.0000
20
-89.5000
10
-63.0000
20
-89.5000
10
-63.0000
20
-98.5000
0
LWPOLYLINE
8
S_UMGEBUNG_GRUNDRISS
90
4
70
1
38
0.000
10
-53.0000
20
-82.5000
10
-53.0000
20
-73.5000
10
-63.0000
20
-73.5000
10
-63.0000
20
-82.5000
0
LWPOLYLINE
8
S_UMGEBUNG_GRUNDRISS
90
4
70
1
38
0.000
10
-53.0000
20
-66.5000
10
-53.0000
20
-57.5000
10
-63.0000
20
-57.5000
10
-63.0000
20
-66.5000
0
LWPOLYLINE
8
S_UMGEBUNG_GRUNDRISS
90
4
70
1
38
0.000
10
58.5978
20
-87.9366
10
82.5210
20
-86.0186
10
81.4022
20
-72.0634
10
57.4790
20
-73.9814
0
ENDBLK
8
0
0
BLOCK
8
0
2
CEVRE_ARAZI
70
0
10
0
20
0
30
0
3
CEVRE_ARAZI
0
3DFACE
8
S_UMGEBUNG_GELAENDE
10
-150.0000
20
-25.0000
30
-2.1071
11
-145.0000
21
-25.0000
31
-2.1111
12
-145.0000
22
-20.0000
32
-2.0211
13
-150.0000
23
-20.0000
33
-2.0171
0
3DFACE
8
S_UMGEBUNG_GELAENDE
10
-150.0000
20
-20.0000
30
-2.0171
11
-145.0000
21
-20.0000
31
-2.0211
12
-145.0000
22
-15.0000
32
-1.9311
13
-150.0000
23
-15.0000
33
-1.9271
0
3DFACE
8
S_UMGEBUNG_GELAENDE
10
-150.0000
20
-15.0000
30
-1.9271
11
-145.0000
21
-15.0000
31
-1.9311
12
-145.0000
22
-10.0000
32
-1.8411
13
-150.0000
23
-10.0000
33
-1.8371
0
3DFACE
8
S_UMGEBUNG_GELAENDE
10
-150.0000
20
-10.0000
30
-1.8371
11
-145.0000
21
-10.0000
31
-1.8411
12
-145.0000
22
-5.0000
32
-1.7511
13
-150.0000
23
-5.0000
33
-1.7471
0
3DFACE
8
S_UMGEBUNG_GELAENDE
10
-150.0000
20
-5.0000
30
-1.7471
11
-145.0000
21
-5.0000
31
-1.7511
12
-145.0000
22
0.0000
32
-1.6611
13
-150.0000
23
0.0000
33
-1.6571
0
3DFACE
8
S_UMGEBUNG_GELAENDE
10
-150.0000
20
0.0000
30
-1.6571
11
-145.0000
21
0.0000
31
-1.6611
12
-145.0000
22
5.0000
32
-1.5711
13
-150.0000
23
5.0000
33
-1.5671
0
3DFACE
8
S_UMGEBUNG_GELAENDE
10
-150.0000
20
5.0000
30
-1.5671
11
-145.0000
21
5.0000
31
-1.5711
12
-145.0000
22
10.0000
32
-1.4811
13
-150.0000
23
10.0000
33
-1.4771
0
3DFACE
8
S_UMGEBUNG_GELAENDE
10
-150.0000
20
10.0000
30
-1.4771
11
-145.0000
21
10.0000
31
-1.4811
12
-145.0000
22
15.0000
32
-1.3911
13
-150.0000
23
15.0000
33
-1.3871
0
3DFACE
8
S_UMGEBUNG_GELAENDE
10
-150.0000
20
15.0000
30
-1.3871
11
-145.0000
21
15.0000
31
-1.3911
12
-145.0000
22
20.0000
32
-1.3011
13
-150.0000
23
20.0000
33
-1.2971
0
3DFACE
8
S_UMGEBUNG_GELAENDE
10
-150.0000
20
20.0000
30
-1.2971
11
-145.0000
21
20.0000
31
-1.3011
12
-145.0000
22
25.0000
32
-1.2111
13
-150.0000
23
25.0000
33
-1.2071
0
3DFACE
8
S_UMGEBUNG_GELAENDE
10
-145.0000
20
-45.0000
30
-2.4711
11
-140.0000
21
-45.0000
31
-2.4795
12
-140.0000
22
-40.0000
32
-2.3895
13
-145.0000
23
-40.0000
33
-2.3811
0
3DFACE
8
S_UMGEBUNG_GELAENDE
10
-145.0000
20
-40.0000
30
-2.3811
11
-140.0000
21
-40.0000
31
-2.3895
12
-140.0000
22
-35.0000
32
-2.2995
13
-145.0000
23
-35.0000
33
-2.2911
0
3DFACE
8
S_UMGEBUNG_GELAENDE
10
-145.0000
20
-35.0000
30
-2.2911
11
-140.0000
21
-35.0000
31
-2.2995
12
-140.0000
22
-30.0000
32
-2.2095
13
-145.0000
23
-30.0000
33
-2.2011
0
3DFACE
8
S_UMGEBUNG_GELAENDE
10
-145.0000
20
-30.0000
30
-2.2011
11
-140.0000
21
-30.0000
31
-2.2095
12
-140.0000
22
-25.0000
32
-2.1195
13
-145.0000
23
-25.0000
33
-2.1111
0
3DFACE
8
S_UMGEBUNG_GELAENDE
10
-145.0000
20
-25.0000
30
-2.1111
11
-140.0000
21
-25.0000
31
-2.1195
12
-140.0000
22
-20.0000
32
-2.0295
13
-145.0000
23
-20.0000
33
-2.0211
0
3DFACE
8
S_UMGEBUNG_GELAENDE
10
-145.0000
20
-20.0000
30
-2.0211
11
-140.0000
21
-20.0000
31
-2.0295
12
-140.0000
22
-15.0000
32
-1.9395
13
-145.0000
23
-15.0000
33
-1.9311
0
3DFACE
8
S_UMGEBUNG_GELAENDE
10
-145.0000
20
-15.0000
30
-1.9311
11
-140.0000
21
-15.0000
31
-1.9395
12
-140.0000
22
-10.0000
32
-1.8495
13
-145.0000
23
-10.0000
33
-1.8411
0
3DFACE
8
S_UMGEBUNG_GELAENDE
10
-145.0000
20
-10.0000
30
-1.8411
11
-140.0000
21
-10.0000
31
-1.8495
12
-140.0000
22
-5.0000
32
-1.7595
13
-145.0000
23
-5.0000
33
-1.7511
0
3DFACE
8
S_UMGEBUNG_GELAENDE
10
-145.0000
20
-5.0000
30
-1.7511
11
-140.0000
21
-5.0000
31
-1.7595
12
-140.0000
22
0.0000
32
-1.6695
13
-145.0000
23
0.0000
33
-1.6611
0
3DFACE
8
S_UMGEBUNG_GELAENDE
10
-145.0000
20
0.0000
30
-1.6611
11
-140.0000
21
0.0000
31
-1.6695
12
-140.0000
22
5.0000
32
-1.5795
13
-145.0000
23
5.0000
33
-1.5711
0
3DFACE
8
S_UMGEBUNG_GELAENDE
10
-145.0000
20
5.0000
30
-1.5711
11
-140.0000
21
5.0000
31
-1.5795
12
-140.0000
22
10.0000
32
-1.4895
13
-145.0000
23
10.0000
33
-1.4811
0
3DFACE
8
S_UMGEBUNG_GELAENDE
10
-145.0000
20
10.0000
30
-1.4811
11
-140.0000
21
10.0000
31
-1.4895
12
-140.0000
22
15.0000
32
-1.3995
13
-145.0000
23
15.0000
33
-1.3911
0
3DFACE
8
S_UMGEBUNG_GELAENDE
10
-145.0000
20
15.0000
30
-1.3911
11
-140.0000
21
15.0000
31
-1.3995
12
-140.0000
22
20.0000
32
-1.3095
13
-145.0000
23
20.0000
33
-1.3011
0
3DFACE
8
S_UMGEBUNG_GELAENDE
10
-145.0000
20
20.0000
30
-1.3011
11
-140.0000
21
20.0000
31
-1.3095
12
-140.0000
22
25.0000
32
-1.2195
13
-145.0000
23
25.0000
33
-1.2111
0
3DFACE
8
S_UMGEBUNG_GELAENDE
10
-145.0000
20
25.0000
30
-1.2111
11
-140.0000
21
25.0000
31
-1.2195
12
-140.0000
22
30.0000
32
-1.1295
13
-145.0000
23
30.0000
33
-1.1211
0
3DFACE
8
S_UMGEBUNG_GELAENDE
10
-145.0000
20
30.0000
30
-1.1211
11
-140.0000
21
30.0000
31
-1.1295
12
-140.0000
22
35.0000
32
-1.0395
13
-145.0000
23
35.0000
33
-1.0311
0
3DFACE
8
S_UMGEBUNG_GELAENDE
10
-145.0000
20
35.0000
30
-1.0311
11
-140.0000
21
35.0000
31
-1.0395
12
-140.0000
22
40.0000
32
-0.9495
13
-145.0000
23
40.0000
33
-0.9411
0
3DFACE
8
S_UMGEBUNG_GELAENDE
10
-145.0000
20
40.0000
30
-0.9411
11
-140.0000
21
40.0000
31
-0.9495
12
-140.0000
22
45.0000
32
-0.8595
13
-145.0000
23
45.0000
33
-0.8511
0
3DFACE
8
S_UMGEBUNG_GELAENDE
10
-140.0000
20
-60.0000
30
-2.7495
11
-135.0000
21
-60.0000
31
-2.7612
12
-135.0000
22
-55.0000
32
-2.6712
13
-140.0000
23
-55.0000
33
-2.6595
0
3DFACE
8
S_UMGEBUNG_GELAENDE
10
-140.0000
20
-55.0000
30
-2.6595
11
-135.0000
21
-55.0000
31
-2.6712
12
-135.0000
22
-50.0000
32
-2.5812
13
-140.0000
23
-50.0000
33
-2.5695
0
3DFACE
8
S_UMGEBUNG_GELAENDE
10
-140.0000
20
-50.0000
30
-2.5695
11
-135.0000
21
-50.0000
31
-2.5812
12
-135.0000
22
-45.0000
32
-2.4912
13
-140.0000
23
-45.0000
33
-2.4795
0
3DFACE
8
S_UMGEBUNG_GELAENDE
10
-140.0000
20
-45.0000
30
-2.4795
11
-135.0000
21
-45.0000
31
-2.4912
12
-135.0000
22
-40.0000
32
-2.4012
13
-140.0000
23
-40.0000
33
-2.3895
0
3DFACE
8
S_UMGEBUNG_GELAENDE
10
-140.0000
20
-40.0000
30
-2.3895
11
-135.0000
21
-40.0000
31
-2.4012
12
-135.0000
22
-35.0000
32
-2.3112
13
-140.0000
23
-35.0000
33
-2.2995
0
3DFACE
8
S_UMGEBUNG_GELAENDE
10
-140.0000
20
-35.0000
30
-2.2995
11
-135.0000
21
-35.0000
31
-2.3112
12
-135.0000
22
-30.0000
32
-2.2212
13
-140.0000
23
-30.0000
33
-2.2095
0
3DFACE
8
S_UMGEBUNG_GELAENDE
10
-140.0000
20
-30.0000
30
-2.2095
11
-135.0000
21
-30.0000
31
-2.2212
12
-135.0000
22
-25.0000
32
-2.1312
13
-140.0000
23
-25.0000
33
-2.1195
0
3DFACE
8
S_UMGEBUNG_GELAENDE
10
-140.0000
20
-25.0000
30
-2.1195
11
-135.0000
21
-25.0000
31
-2.1312
12
-135.0000
22
-20.0000
32
-2.0412
13
-140.0000
23
-20.0000
33
-2.0295
0
3DFACE
8
S_UMGEBUNG_GELAENDE
10
-140.0000
20
-20.0000
30
-2.0295
11
-135.0000
21
-20.0000
31
-2.0412
12
-135.0000
22
-15.0000
32
-1.9512
13
-140.0000
23
-15.0000
33
-1.9395
0
3DFACE
8
S_UMGEBUNG_GELAENDE
10
-140.0000
20
-15.0000
30
-1.9395
11
-135.0000
21
-15.0000
31
-1.9512
12
-135.0000
22
-10.0000
32
-1.8612
13
-140.0000
23
-10.0000
33
-1.8495
0
3DFACE
8
S_UMGEBUNG_GELAENDE
10
-140.0000
20
-10.0000
30
-1.8495
11
-135.0000
21
-10.0000
31
-1.8612
12
-135.0000
22
-5.0000
32
-1.7712
13
-140.0000
23
-5.0000
33
-1.7595
0
3DFACE
8
S_UMGEBUNG_GELAENDE
10
-140.0000
20
-5.0000
30
-1.7595
11
-135.0000
21
-5.0000
31
-1.7712
12
-135.0000
22
0.0000
32
-1.6812
13
-140.0000
23
0.0000
33
-1.6695
0
3DFACE
8
S_UMGEBUNG_GELAENDE
10
-140.0000
20
0.0000
30
-1.6695
11
-135.0000
21
0.0000
31
-1.6812
12
-135.0000
22
5.0000
32
-1.5912
13
-140.0000
23
5.0000
33
-1.5795
0
3DFACE
8
S_UMGEBUNG_GELAENDE
10
-140.0000
20
5.0000
30
-1.5795
11
-135.0000
21
5.0000
31
-1.5912
12
-135.0000
22
10.0000
32
-1.5012
13
-140.0000
23
10.0000
33
-1.4895
0
3DFACE
8
S_UMGEBUNG_GELAENDE
10
-140.0000
20
10.0000
30
-1.4895
11
-135.0000
21
10.0000
31
-1.5012
12
-135.0000
22
15.0000
32
-1.4112
13
-140.0000
23
15.0000
33
-1.3995
0
3DFACE
8
S_UMGEBUNG_GELAENDE
10
-140.0000
20
15.0000
30
-1.3995
11
-135.0000
21
15.0000
31
-1.4112
12
-135.0000
22
20.0000
32
-1.3212
13
-140.0000
23
20.0000
33
-1.3095
0
3DFACE
8
S_UMGEBUNG_GELAENDE
10
-140.0000
20
20.0000
30
-1.3095
11
-135.0000
21
20.0000
31
-1.3212
12
-135.0000
22
25.0000
32
-1.2312
13
-140.0000
23
25.0000
33
-1.2195
0
3DFACE
8
S_UMGEBUNG_GELAENDE
10
-140.0000
20
25.0000
30
-1.2195
11
-135.0000
21
25.0000
31
-1.2312
12
-135.0000
22
30.0000
32
-1.1412
13
-140.0000
23
30.0000
33
-1.1295
0
3DFACE
8
S_UMGEBUNG_GELAENDE
10
-140.0000
20
30.0000
30
-1.1295
11
-135.0000
21
30.0000
31
-1.1412
12
-135.0000
22
35.0000
32
-1.0512
13
-140.0000
23
35.0000
33
-1.0395
0
3DFACE
8
S_UMGEBUNG_GELAENDE
10
-140.0000
20
35.0000
30
-1.0395
11
-135.0000
21
35.0000
31
-1.0512
12
-135.0000
22
40.0000
32
-0.9612
13
-140.0000
23
40.0000
33
-0.9495
0
3DFACE
8
S_UMGEBUNG_GELAENDE
10
-140.0000
20
40.0000
30
-0.9495
11
-135.0000
21
40.0000
31
-0.9612
12
-135.0000
22
45.0000
32
-0.8712
13
-140.0000
23
45.0000
33
-0.8595
0
3DFACE
8
S_UMGEBUNG_GELAENDE
10
-140.0000
20
45.0000
30
-0.8595
11
-135.0000
21
45.0000
31
-0.8712
12
-135.0000
22
50.0000
32
-0.7812
13
-140.0000
23
50.0000
33
-0.7695
0
3DFACE
8
S_UMGEBUNG_GELAENDE
10
-140.0000
20
50.0000
30
-0.7695
11
-135.0000
21
50.0000
31
-0.7812
12
-135.0000
22
55.0000
32
-0.6912
13
-140.0000
23
55.0000
33
-0.6795
0
3DFACE
8
S_UMGEBUNG_GELAENDE
10
-140.0000
20
55.0000
30
-0.6795
11
-135.0000
21
55.0000
31
-0.6912
12
-135.0000
22
60.0000
32
-0.6012
13
-140.0000
23
60.0000
33
-0.5895
0
3DFACE
8
S_UMGEBUNG_GELAENDE
10
-135.0000
20
-70.0000
30
-2.9412
11
-130.0000
21
-70.0000
31
-2.9551
12
-130.0000
22
-65.0000
32
-2.8651
13
-135.0000
23
-65.0000
33
-2.8512
0
3DFACE
8
S_UMGEBUNG_GELAENDE
10
-135.0000
20
-65.0000
30
-2.8512
11
-130.0000
21
-65.0000
31
-2.8651
12
-130.0000
22
-60.0000
32
-2.7751
13
-135.0000
23
-60.0000
33
-2.7612
0
3DFACE
8
S_UMGEBUNG_GELAENDE
10
-135.0000
20
-60.0000
30
-2.7612
11
-130.0000
21
-60.0000
31
-2.7751
12
-130.0000
22
-55.0000
32
-2.6851
13
-135.0000
23
-55.0000
33
-2.6712
0
3DFACE
8
S_UMGEBUNG_GELAENDE
10
-135.0000
20
-55.0000
30
-2.6712
11
-130.0000
21
-55.0000
31
-2.6851
12
-130.0000
22
-50.0000
32
-2.5951
13
-135.0000
23
-50.0000
33
-2.5812
0
3DFACE
8
S_UMGEBUNG_GELAENDE
10
-135.0000
20
-50.0000
30
-2.5812
11
-130.0000
21
-50.0000
31
-2.5951
12
-130.0000
22
-45.0000
32
-2.5051
13
-135.0000
23
-45.0000
33
-2.4912
0
3DFACE
8
S_UMGEBUNG_GELAENDE
10
-135.0000
20
-45.0000
30
-2.4912
11
-130.0000
21
-45.0000
31
-2.5051
12
-130.0000
22
-40.0000
32
-2.4151
13
-135.0000
23
-40.0000
33
-2.4012
0
3DFACE
8
S_UMGEBUNG_GELAENDE
10
-135.0000
20
-40.0000
30
-2.4012
11
-130.0000
21
-40.0000
31
-2.4151
12
-130.0000
22
-35.0000
32
-2.3251
13
-135.0000
23
-35.0000
33
-2.3112
0
3DFACE
8
S_UMGEBUNG_GELAENDE
10
-135.0000
20
-35.0000
30
-2.3112
11
-130.0000
21
-35.0000
31
-2.3251
12
-130.0000
22
-30.0000
32
-2.2351
13
-135.0000
23
-30.0000
33
-2.2212
0
3DFACE
8
S_UMGEBUNG_GELAENDE
10
-135.0000
20
-30.0000
30
-2.2212
11
-130.0000
21
-30.0000
31
-2.2351
12
-130.0000
22
-25.0000
32
-2.1451
13
-135.0000
23
-25.0000
33
-2.1312
0
3DFACE
8
S_UMGEBUNG_GELAENDE
10
-135.0000
20
-25.0000
30
-2.1312
11
-130.0000
21
-25.0000
31
-2.1451
12
-130.0000
22
-20.0000
32
-2.0551
13
-135.0000
23
-20.0000
33
-2.0412
0
3DFACE
8
S_UMGEBUNG_GELAENDE
10
-135.0000
20
-20.0000
30
-2.0412
11
-130.0000
21
-20.0000
31
-2.0551
12
-130.0000
22
-15.0000
32
-1.9651
13
-135.0000
23
-15.0000
33
-1.9512
0
3DFACE
8
S_UMGEBUNG_GELAENDE
10
-135.0000
20
-15.0000
30
-1.9512
11
-130.0000
21
-15.0000
31
-1.9651
12
-130.0000
22
-10.0000
32
-1.8751
13
-135.0000
23
-10.0000
33
-1.8612
0
3DFACE
8
S_UMGEBUNG_GELAENDE
10
-135.0000
20
-10.0000
30
-1.8612
11
-130.0000
21
-10.0000
31
-1.8751
12
-130.0000
22
-5.0000
32
-1.7851
13
-135.0000
23
-5.0000
33
-1.7712
0
3DFACE
8
S_UMGEBUNG_GELAENDE
10
-135.0000
20
-5.0000
30
-1.7712
11
-130.0000
21
-5.0000
31
-1.7851
12
-130.0000
22
0.0000
32
-1.6951
13
-135.0000
23
0.0000
33
-1.6812
0
3DFACE
8
S_UMGEBUNG_GELAENDE
10
-135.0000
20
0.0000
30
-1.6812
11
-130.0000
21
0.0000
31
-1.6951
12
-130.0000
22
5.0000
32
-1.6051
13
-135.0000
23
5.0000
33
-1.5912
0
3DFACE
8
S_UMGEBUNG_GELAENDE
10
-135.0000
20
5.0000
30
-1.5912
11
-130.0000
21
5.0000
31
-1.6051
12
-130.0000
22
10.0000
32
-1.5151
13
-135.0000
23
10.0000
33
-1.5012
0
3DFACE
8
S_UMGEBUNG_GELAENDE
10
-135.0000
20
10.0000
30
-1.5012
11
-130.0000
21
10.0000
31
-1.5151
12
-130.0000
22
15.0000
32
-1.4251
13
-135.0000
23
15.0000
33
-1.4112
0
3DFACE
8
S_UMGEBUNG_GELAENDE
10
-135.0000
20
15.0000
30
-1.4112
11
-130.0000
21
15.0000
31
-1.4251
12
-130.0000
22
20.0000
32
-1.3351
13
-135.0000
23
20.0000
33
-1.3212
0
3DFACE
8
S_UMGEBUNG_GELAENDE
10
-135.0000
20
20.0000
30
-1.3212
11
-130.0000
21
20.0000
31
-1.3351
12
-130.0000
22
25.0000
32
-1.2451
13
-135.0000
23
25.0000
33
-1.2312
0
3DFACE
8
S_UMGEBUNG_GELAENDE
10
-135.0000
20
25.0000
30
-1.2312
11
-130.0000
21
25.0000
31
-1.2451
12
-130.0000
22
30.0000
32
-1.1551
13
-135.0000
23
30.0000
33
-1.1412
0
3DFACE
8
S_UMGEBUNG_GELAENDE
10
-135.0000
20
30.0000
30
-1.1412
11
-130.0000
21
30.0000
31
-1.1551
12
-130.0000
22
35.0000
32
-1.0651
13
-135.0000
23
35.0000
33
-1.0512
0
3DFACE
8
S_UMGEBUNG_GELAENDE
10
-135.0000
20
35.0000
30
-1.0512
11
-130.0000
21
35.0000
31
-1.0651
12
-130.0000
22
40.0000
32
-0.9751
13
-135.0000
23
40.0000
33
-0.9612
0
3DFACE
8
S_UMGEBUNG_GELAENDE
10
-135.0000
20
40.0000
30
-0.9612
11
-130.0000
21
40.0000
31
-0.9751
12
-130.0000
22
45.0000
32
-0.8851
13
-135.0000
23
45.0000
33
-0.8712
0
3DFACE
8
S_UMGEBUNG_GELAENDE
10
-135.0000
20
45.0000
30
-0.8712
11
-130.0000
21
45.0000
31
-0.8851
12
-130.0000
22
50.0000
32
-0.7951
13
-135.0000
23
50.0000
33
-0.7812
0
3DFACE
8
S_UMGEBUNG_GELAENDE
10
-135.0000
20
50.0000
30
-0.7812
11
-130.0000
21
50.0000
31
-0.7951
12
-130.0000
22
55.0000
32
-0.7051
13
-135.0000
23
55.0000
33
-0.6912
0
3DFACE
8
S_UMGEBUNG_GELAENDE
10
-135.0000
20
55.0000
30
-0.6912
11
-130.0000
21
55.0000
31
-0.7051
12
-130.0000
22
60.0000
32
-0.6151
13
-135.0000
23
60.0000
33
-0.6012
0
3DFACE
8
S_UMGEBUNG_GELAENDE
10
-135.0000
20
60.0000
30
-0.6012
11
-130.0000
21
60.0000
31
-0.6151
12
-130.0000
22
65.0000
32
-0.5251
13
-135.0000
23
65.0000
33
-0.5112
0
3DFACE
8
S_UMGEBUNG_GELAENDE
10
-135.0000
20
65.0000
30
-0.5112
11
-130.0000
21
65.0000
31
-0.5251
12
-130.0000
22
70.0000
32
-0.4351
13
-135.0000
23
70.0000
33
-0.4212
0
3DFACE
8
S_UMGEBUNG_GELAENDE
10
-130.0000
20
-80.0000
30
-3.1351
11
-125.0000
21
-80.0000
31
-3.1500
12
-125.0000
22
-75.0000
32
-3.0600
13
-130.0000
23
-75.0000
33
-3.0451
0
3DFACE
8
S_UMGEBUNG_GELAENDE
10
-130.0000
20
-75.0000
30
-3.0451
11
-125.0000
21
-75.0000
31
-3.0600
12
-125.0000
22
-70.0000
32
-2.9700
13
-130.0000
23
-70.0000
33
-2.9551
0
3DFACE
8
S_UMGEBUNG_GELAENDE
10
-130.0000
20
-70.0000
30
-2.9551
11
-125.0000
21
-70.0000
31
-2.9700
12
-125.0000
22
-65.0000
32
-2.8800
13
-130.0000
23
-65.0000
33
-2.8651
0
3DFACE
8
S_UMGEBUNG_GELAENDE
10
-130.0000
20
-65.0000
30
-2.8651
11
-125.0000
21
-65.0000
31
-2.8800
12
-125.0000
22
-60.0000
32
-2.7900
13
-130.0000
23
-60.0000
33
-2.7751
0
3DFACE
8
S_UMGEBUNG_GELAENDE
10
-130.0000
20
-60.0000
30
-2.7751
11
-125.0000
21
-60.0000
31
-2.7900
12
-125.0000
22
-55.0000
32
-2.7000
13
-130.0000
23
-55.0000
33
-2.6851
0
3DFACE
8
S_UMGEBUNG_GELAENDE
10
-130.0000
20
-55.0000
30
-2.6851
11
-125.0000
21
-55.0000
31
-2.7000
12
-125.0000
22
-50.0000
32
-2.6100
13
-130.0000
23
-50.0000
33
-2.5951
0
3DFACE
8
S_UMGEBUNG_GELAENDE
10
-130.0000
20
-50.0000
30
-2.5951
11
-125.0000
21
-50.0000
31
-2.6100
12
-125.0000
22
-45.0000
32
-2.5200
13
-130.0000
23
-45.0000
33
-2.5051
0
3DFACE
8
S_UMGEBUNG_GELAENDE
10
-130.0000
20
-45.0000
30
-2.5051
11
-125.0000
21
-45.0000
31
-2.5200
12
-125.0000
22
-40.0000
32
-2.4300
13
-130.0000
23
-40.0000
33
-2.4151
0
3DFACE
8
S_UMGEBUNG_GELAENDE
10
-130.0000
20
-40.0000
30
-2.4151
11
-125.0000
21
-40.0000
31
-2.4300
12
-125.0000
22
-35.0000
32
-2.3400
13
-130.0000
23
-35.0000
33
-2.3251
0
3DFACE
8
S_UMGEBUNG_GELAENDE
10
-130.0000
20
-35.0000
30
-2.3251
11
-125.0000
21
-35.0000
31
-2.3400
12
-125.0000
22
-30.0000
32
-2.2500
13
-130.0000
23
-30.0000
33
-2.2351
0
3DFACE
8
S_UMGEBUNG_GELAENDE
10
-130.0000
20
-30.0000
30
-2.2351
11
-125.0000
21
-30.0000
31
-2.2500
12
-125.0000
22
-25.0000
32
-2.1600
13
-130.0000
23
-25.0000
33
-2.1451
0
3DFACE
8
S_UMGEBUNG_GELAENDE
10
-130.0000
20
-25.0000
30
-2.1451
11
-125.0000
21
-25.0000
31
-2.1600
12
-125.0000
22
-20.0000
32
-2.0700
13
-130.0000
23
-20.0000
33
-2.0551
0
3DFACE
8
S_UMGEBUNG_GELAENDE
10
-130.0000
20
-20.0000
30
-2.0551
11
-125.0000
21
-20.0000
31
-2.0700
12
-125.0000
22
-15.0000
32
-1.9800
13
-130.0000
23
-15.0000
33
-1.9651
0
3DFACE
8
S_UMGEBUNG_GELAENDE
10
-130.0000
20
-15.0000
30
-1.9651
11
-125.0000
21
-15.0000
31
-1.9800
12
-125.0000
22
-10.0000
32
-1.8900
13
-130.0000
23
-10.0000
33
-1.8751
0
3DFACE
8
S_UMGEBUNG_GELAENDE
10
-130.0000
20
-10.0000
30
-1.8751
11
-125.0000
21
-10.0000
31
-1.8900
12
-125.0000
22
-5.0000
32
-1.8000
13
-130.0000
23
-5.0000
33
-1.7851
0
3DFACE
8
S_UMGEBUNG_GELAENDE
10
-130.0000
20
-5.0000
30
-1.7851
11
-125.0000
21
-5.0000
31
-1.8000
12
-125.0000
22
0.0000
32
-1.7100
13
-130.0000
23
0.0000
33
-1.6951
0
3DFACE
8
S_UMGEBUNG_GELAENDE
10
-130.0000
20
0.0000
30
-1.6951
11
-125.0000
21
0.0000
31
-1.7100
12
-125.0000
22
5.0000
32
-1.6200
13
-130.0000
23
5.0000
33
-1.6051
0
3DFACE
8
S_UMGEBUNG_GELAENDE
10
-130.0000
20
5.0000
30
-1.6051
11
-125.0000
21
5.0000
31
-1.6200
12
-125.0000
22
10.0000
32
-1.5300
13
-130.0000
23
10.0000
33
-1.5151
0
3DFACE
8
S_UMGEBUNG_GELAENDE
10
-130.0000
20
10.0000
30
-1.5151
11
-125.0000
21
10.0000
31
-1.5300
12
-125.0000
22
15.0000
32
-1.4400
13
-130.0000
23
15.0000
33
-1.4251
0
3DFACE
8
S_UMGEBUNG_GELAENDE
10
-130.0000
20
15.0000
30
-1.4251
11
-125.0000
21
15.0000
31
-1.4400
12
-125.0000
22
20.0000
32
-1.3500
13
-130.0000
23
20.0000
33
-1.3351
0
3DFACE
8
S_UMGEBUNG_GELAENDE
10
-130.0000
20
20.0000
30
-1.3351
11
-125.0000
21
20.0000
31
-1.3500
12
-125.0000
22
25.0000
32
-1.2600
13
-130.0000
23
25.0000
33
-1.2451
0
3DFACE
8
S_UMGEBUNG_GELAENDE
10
-130.0000
20
25.0000
30
-1.2451
11
-125.0000
21
25.0000
31
-1.2600
12
-125.0000
22
30.0000
32
-1.1700
13
-130.0000
23
30.0000
33
-1.1551
0
3DFACE
8
S_UMGEBUNG_GELAENDE
10
-130.0000
20
30.0000
30
-1.1551
11
-125.0000
21
30.0000
31
-1.1700
12
-125.0000
22
35.0000
32
-1.0800
13
-130.0000
23
35.0000
33
-1.0651
0
3DFACE
8
S_UMGEBUNG_GELAENDE
10
-130.0000
20
35.0000
30
-1.0651
11
-125.0000
21
35.0000
31
-1.0800
12
-125.0000
22
40.0000
32
-0.9900
13
-130.0000
23
40.0000
33
-0.9751
0
3DFACE
8
S_UMGEBUNG_GELAENDE
10
-130.0000
20
40.0000
30
-0.9751
11
-125.0000
21
40.0000
31
-0.9900
12
-125.0000
22
45.0000
32
-0.9000
13
-130.0000
23
45.0000
33
-0.8851
0
3DFACE
8
S_UMGEBUNG_GELAENDE
10
-130.0000
20
45.0000
30
-0.8851
11
-125.0000
21
45.0000
31
-0.9000
12
-125.0000
22
50.0000
32
-0.8100
13
-130.0000
23
50.0000
33
-0.7951
0
3DFACE
8
S_UMGEBUNG_GELAENDE
10
-130.0000
20
50.0000
30
-0.7951
11
-125.0000
21
50.0000
31
-0.8100
12
-125.0000
22
55.0000
32
-0.7200
13
-130.0000
23
55.0000
33
-0.7051
0
3DFACE
8
S_UMGEBUNG_GELAENDE
10
-130.0000
20
55.0000
30
-0.7051
11
-125.0000
21
55.0000
31
-0.7200
12
-125.0000
22
60.0000
32
-0.6300
13
-130.0000
23
60.0000
33
-0.6151
0
3DFACE
8
S_UMGEBUNG_GELAENDE
10
-130.0000
20
60.0000
30
-0.6151
11
-125.0000
21
60.0000
31
-0.6300
12
-125.0000
22
65.0000
32
-0.5400
13
-130.0000
23
65.0000
33
-0.5251
0
3DFACE
8
S_UMGEBUNG_GELAENDE
10
-130.0000
20
65.0000
30
-0.5251
11
-125.0000
21
65.0000
31
-0.5400
12
-125.0000
22
70.0000
32
-0.4500
13
-130.0000
23
70.0000
33
-0.4351
0
3DFACE
8
S_UMGEBUNG_GELAENDE
10
-130.0000
20
70.0000
30
-0.4351
11
-125.0000
21
70.0000
31
-0.4500
12
-125.0000
22
75.0000
32
-0.3600
13
-130.0000
23
75.0000
33
-0.3451
0
3DFACE
8
S_UMGEBUNG_GELAENDE
10
-130.0000
20
75.0000
30
-0.3451
11
-125.0000
21
75.0000
31
-0.3600
12
-125.0000
22
80.0000
32
-0.2700
13
-130.0000
23
80.0000
33
-0.2551
0
3DFACE
8
S_UMGEBUNG_GELAENDE
10
-125.0000
20
-85.0000
30
-3.2400
11
-120.0000
21
-85.0000
31
-3.2547
12
-120.0000
22
-80.0000
32
-3.1647
13
-125.0000
23
-80.0000
33
-3.1500
0
3DFACE
8
S_UMGEBUNG_GELAENDE
10
-125.0000
20
-80.0000
30
-3.1500
11
-120.0000
21
-80.0000
31
-3.1647
12
-120.0000
22
-75.0000
32
-3.0747
13
-125.0000
23
-75.0000
33
-3.0600
0
3DFACE
8
S_UMGEBUNG_GELAENDE
10
-125.0000
20
-75.0000
30
-3.0600
11
-120.0000
21
-75.0000
31
-3.0747
12
-120.0000
22
-70.0000
32
-2.9847
13
-125.0000
23
-70.0000
33
-2.9700
0
3DFACE
8
S_UMGEBUNG_GELAENDE
10
-125.0000
20
-70.0000
30
-2.9700
11
-120.0000
21
-70.0000
31
-2.9847
12
-120.0000
22
-65.0000
32
-2.8947
13
-125.0000
23
-65.0000
33
-2.8800
0
3DFACE
8
S_UMGEBUNG_GELAENDE
10
-125.0000
20
-65.0000
30
-2.8800
11
-120.0000
21
-65.0000
31
-2.8947
12
-120.0000
22
-60.0000
32
-2.8047
13
-125.0000
23
-60.0000
33
-2.7900
0
3DFACE
8
S_UMGEBUNG_GELAENDE
10
-125.0000
20
-60.0000
30
-2.7900
11
-120.0000
21
-60.0000
31
-2.8047
12
-120.0000
22
-55.0000
32
-2.7147
13
-125.0000
23
-55.0000
33
-2.7000
0
3DFACE
8
S_UMGEBUNG_GELAENDE
10
-125.0000
20
-55.0000
30
-2.7000
11
-120.0000
21
-55.0000
31
-2.7147
12
-120.0000
22
-50.0000
32
-2.6247
13
-125.0000
23
-50.0000
33
-2.6100
0
3DFACE
8
S_UMGEBUNG_GELAENDE
10
-125.0000
20
-50.0000
30
-2.6100
11
-120.0000
21
-50.0000
31
-2.6247
12
-120.0000
22
-45.0000
32
-2.5347
13
-125.0000
23
-45.0000
33
-2.5200
0
3DFACE
8
S_UMGEBUNG_GELAENDE
10
-125.0000
20
-45.0000
30
-2.5200
11
-120.0000
21
-45.0000
31
-2.5347
12
-120.0000
22
-40.0000
32
-2.4447
13
-125.0000
23
-40.0000
33
-2.4300
0
3DFACE
8
S_UMGEBUNG_GELAENDE
10
-125.0000
20
-40.0000
30
-2.4300
11
-120.0000
21
-40.0000
31
-2.4447
12
-120.0000
22
-35.0000
32
-2.3547
13
-125.0000
23
-35.0000
33
-2.3400
0
3DFACE
8
S_UMGEBUNG_GELAENDE
10
-125.0000
20
-35.0000
30
-2.3400
11
-120.0000
21
-35.0000
31
-2.3547
12
-120.0000
22
-30.0000
32
-2.2647
13
-125.0000
23
-30.0000
33
-2.2500
0
3DFACE
8
S_UMGEBUNG_GELAENDE
10
-125.0000
20
-30.0000
30
-2.2500
11
-120.0000
21
-30.0000
31
-2.2647
12
-120.0000
22
-25.0000
32
-2.1747
13
-125.0000
23
-25.0000
33
-2.1600
0
3DFACE
8
S_UMGEBUNG_GELAENDE
10
-125.0000
20
-25.0000
30
-2.1600
11
-120.0000
21
-25.0000
31
-2.1747
12
-120.0000
22
-20.0000
32
-2.0847
13
-125.0000
23
-20.0000
33
-2.0700
0
3DFACE
8
S_UMGEBUNG_GELAENDE
10
-125.0000
20
-20.0000
30
-2.0700
11
-120.0000
21
-20.0000
31
-2.0847
12
-120.0000
22
-15.0000
32
-1.9947
13
-125.0000
23
-15.0000
33
-1.9800
0
3DFACE
8
S_UMGEBUNG_GELAENDE
10
-125.0000
20
-15.0000
30
-1.9800
11
-120.0000
21
-15.0000
31
-1.9947
12
-120.0000
22
-10.0000
32
-1.9047
13
-125.0000
23
-10.0000
33
-1.8900
0
3DFACE
8
S_UMGEBUNG_GELAENDE
10
-125.0000
20
-10.0000
30
-1.8900
11
-120.0000
21
-10.0000
31
-1.9047
12
-120.0000
22
-5.0000
32
-1.8147
13
-125.0000
23
-5.0000
33
-1.8000
0
3DFACE
8
S_UMGEBUNG_GELAENDE
10
-125.0000
20
-5.0000
30
-1.8000
11
-120.0000
21
-5.0000
31
-1.8147
12
-120.0000
22
0.0000
32
-1.7247
13
-125.0000
23
0.0000
33
-1.7100
0
3DFACE
8
S_UMGEBUNG_GELAENDE
10
-125.0000
20
0.0000
30
-1.7100
11
-120.0000
21
0.0000
31
-1.7247
12
-120.0000
22
5.0000
32
-1.6347
13
-125.0000
23
5.0000
33
-1.6200
0
3DFACE
8
S_UMGEBUNG_GELAENDE
10
-125.0000
20
5.0000
30
-1.6200
11
-120.0000
21
5.0000
31
-1.6347
12
-120.0000
22
10.0000
32
-1.5447
13
-125.0000
23
10.0000
33
-1.5300
0
3DFACE
8
S_UMGEBUNG_GELAENDE
10
-125.0000
20
10.0000
30
-1.5300
11
-120.0000
21
10.0000
31
-1.5447
12
-120.0000
22
15.0000
32
-1.4547
13
-125.0000
23
15.0000
33
-1.4400
0
3DFACE
8
S_UMGEBUNG_GELAENDE
10
-125.0000
20
15.0000
30
-1.4400
11
-120.0000
21
15.0000
31
-1.4547
12
-120.0000
22
20.0000
32
-1.3647
13
-125.0000
23
20.0000
33
-1.3500
0
3DFACE
8
S_UMGEBUNG_GELAENDE
10
-125.0000
20
20.0000
30
-1.3500
11
-120.0000
21
20.0000
31
-1.3647
12
-120.0000
22
25.0000
32
-1.2747
13
-125.0000
23
25.0000
33
-1.2600
0
3DFACE
8
S_UMGEBUNG_GELAENDE
10
-125.0000
20
25.0000
30
-1.2600
11
-120.0000
21
25.0000
31
-1.2747
12
-120.0000
22
30.0000
32
-1.1847
13
-125.0000
23
30.0000
33
-1.1700
0
3DFACE
8
S_UMGEBUNG_GELAENDE
10
-125.0000
20
30.0000
30
-1.1700
11
-120.0000
21
30.0000
31
-1.1847
12
-120.0000
22
35.0000
32
-1.0947
13
-125.0000
23
35.0000
33
-1.0800
0
3DFACE
8
S_UMGEBUNG_GELAENDE
10
-125.0000
20
35.0000
30
-1.0800
11
-120.0000
21
35.0000
31
-1.0947
12
-120.0000
22
40.0000
32
-1.0047
13
-125.0000
23
40.0000
33
-0.9900
0
3DFACE
8
S_UMGEBUNG_GELAENDE
10
-125.0000
20
40.0000
30
-0.9900
11
-120.0000
21
40.0000
31
-1.0047
12
-120.0000
22
45.0000
32
-0.9147
13
-125.0000
23
45.0000
33
-0.9000
0
3DFACE
8
S_UMGEBUNG_GELAENDE
10
-125.0000
20
45.0000
30
-0.9000
11
-120.0000
21
45.0000
31
-0.9147
12
-120.0000
22
50.0000
32
-0.8247
13
-125.0000
23
50.0000
33
-0.8100
0
3DFACE
8
S_UMGEBUNG_GELAENDE
10
-125.0000
20
50.0000
30
-0.8100
11
-120.0000
21
50.0000
31
-0.8247
12
-120.0000
22
55.0000
32
-0.7347
13
-125.0000
23
55.0000
33
-0.7200
0
3DFACE
8
S_UMGEBUNG_GELAENDE
10
-125.0000
20
55.0000
30
-0.7200
11
-120.0000
21
55.0000
31
-0.7347
12
-120.0000
22
60.0000
32
-0.6447
13
-125.0000
23
60.0000
33
-0.6300
0
3DFACE
8
S_UMGEBUNG_GELAENDE
10
-125.0000
20
60.0000
30
-0.6300
11
-120.0000
21
60.0000
31
-0.6447
12
-120.0000
22
65.0000
32
-0.5547
13
-125.0000
23
65.0000
33
-0.5400
0
3DFACE
8
S_UMGEBUNG_GELAENDE
10
-125.0000
20
65.0000
30
-0.5400
11
-120.0000
21
65.0000
31
-0.5547
12
-120.0000
22
70.0000
32
-0.4647
13
-125.0000
23
70.0000
33
-0.4500
0
3DFACE
8
S_UMGEBUNG_GELAENDE
10
-125.0000
20
70.0000
30
-0.4500
11
-120.0000
21
70.0000
31
-0.4647
12
-120.0000
22
75.0000
32
-0.3747
13
-125.0000
23
75.0000
33
-0.3600
0
3DFACE
8
S_UMGEBUNG_GELAENDE
10
-125.0000
20
75.0000
30
-0.3600
11
-120.0000
21
75.0000
31
-0.3747
12
-120.0000
22
80.0000
32
-0.2847
13
-125.0000
23
80.0000
33
-0.2700
0
3DFACE
8
S_UMGEBUNG_GELAENDE
10
-125.0000
20
80.0000
30
-0.2700
11
-120.0000
21
80.0000
31
-0.2847
12
-120.0000
22
85.0000
32
-0.1947
13
-125.0000
23
85.0000
33
-0.1800
0
3DFACE
8
S_UMGEBUNG_GELAENDE
10
-120.0000
20
-95.0000
30
-3.4347
11
-115.0000
21
-95.0000
31
-3.4481
12
-115.0000
22
-90.0000
32
-3.3581
13
-120.0000
23
-90.0000
33
-3.3447
0
3DFACE
8
S_UMGEBUNG_GELAENDE
10
-120.0000
20
-90.0000
30
-3.3447
11
-115.0000
21
-90.0000
31
-3.3581
12
-115.0000
22
-85.0000
32
-3.2681
13
-120.0000
23
-85.0000
33
-3.2547
0
3DFACE
8
S_UMGEBUNG_GELAENDE
10
-120.0000
20
-85.0000
30
-3.2547
11
-115.0000
21
-85.0000
31
-3.2681
12
-115.0000
22
-80.0000
32
-3.1781
13
-120.0000
23
-80.0000
33
-3.1647
0
3DFACE
8
S_UMGEBUNG_GELAENDE
10
-120.0000
20
-80.0000
30
-3.1647
11
-115.0000
21
-80.0000
31
-3.1781
12
-115.0000
22
-75.0000
32
-3.0881
13
-120.0000
23
-75.0000
33
-3.0747
0
3DFACE
8
S_UMGEBUNG_GELAENDE
10
-120.0000
20
-75.0000
30
-3.0747
11
-115.0000
21
-75.0000
31
-3.0881
12
-115.0000
22
-70.0000
32
-2.9981
13
-120.0000
23
-70.0000
33
-2.9847
0
3DFACE
8
S_UMGEBUNG_GELAENDE
10
-120.0000
20
-70.0000
30
-2.9847
11
-115.0000
21
-70.0000
31
-2.9981
12
-115.0000
22
-65.0000
32
-2.9081
13
-120.0000
23
-65.0000
33
-2.8947
0
3DFACE
8
S_UMGEBUNG_GELAENDE
10
-120.0000
20
-65.0000
30
-2.8947
11
-115.0000
21
-65.0000
31
-2.9081
12
-115.0000
22
-60.0000
32
-2.8181
13
-120.0000
23
-60.0000
33
-2.8047
0
3DFACE
8
S_UMGEBUNG_GELAENDE
10
-120.0000
20
-60.0000
30
-2.8047
11
-115.0000
21
-60.0000
31
-2.8181
12
-115.0000
22
-55.0000
32
-2.7281
13
-120.0000
23
-55.0000
33
-2.7147
0
3DFACE
8
S_UMGEBUNG_GELAENDE
10
-120.0000
20
-55.0000
30
-2.7147
11
-115.0000
21
-55.0000
31
-2.7281
12
-115.0000
22
-50.0000
32
-2.6381
13
-120.0000
23
-50.0000
33
-2.6247
0
3DFACE
8
S_UMGEBUNG_GELAENDE
10
-120.0000
20
-50.0000
30
-2.6247
11
-115.0000
21
-50.0000
31
-2.6381
12
-115.0000
22
-45.0000
32
-2.5481
13
-120.0000
23
-45.0000
33
-2.5347
0
3DFACE
8
S_UMGEBUNG_GELAENDE
10
-120.0000
20
-45.0000
30
-2.5347
11
-115.0000
21
-45.0000
31
-2.5481
12
-115.0000
22
-40.0000
32
-2.4581
13
-120.0000
23
-40.0000
33
-2.4447
0
3DFACE
8
S_UMGEBUNG_GELAENDE
10
-120.0000
20
-40.0000
30
-2.4447
11
-115.0000
21
-40.0000
31
-2.4581
12
-115.0000
22
-35.0000
32
-2.3681
13
-120.0000
23
-35.0000
33
-2.3547
0
3DFACE
8
S_UMGEBUNG_GELAENDE
10
-120.0000
20
-35.0000
30
-2.3547
11
-115.0000
21
-35.0000
31
-2.3681
12
-115.0000
22
-30.0000
32
-2.2781
13
-120.0000
23
-30.0000
33
-2.2647
0
3DFACE
8
S_UMGEBUNG_GELAENDE
10
-120.0000
20
-30.0000
30
-2.2647
11
-115.0000
21
-30.0000
31
-2.2781
12
-115.0000
22
-25.0000
32
-2.1881
13
-120.0000
23
-25.0000
33
-2.1747
0
3DFACE
8
S_UMGEBUNG_GELAENDE
10
-120.0000
20
-25.0000
30
-2.1747
11
-115.0000
21
-25.0000
31
-2.1881
12
-115.0000
22
-20.0000
32
-2.0981
13
-120.0000
23
-20.0000
33
-2.0847
0
3DFACE
8
S_UMGEBUNG_GELAENDE
10
-120.0000
20
-20.0000
30
-2.0847
11
-115.0000
21
-20.0000
31
-2.0981
12
-115.0000
22
-15.0000
32
-2.0081
13
-120.0000
23
-15.0000
33
-1.9947
0
3DFACE
8
S_UMGEBUNG_GELAENDE
10
-120.0000
20
-15.0000
30
-1.9947
11
-115.0000
21
-15.0000
31
-2.0081
12
-115.0000
22
-10.0000
32
-1.9181
13
-120.0000
23
-10.0000
33
-1.9047
0
3DFACE
8
S_UMGEBUNG_GELAENDE
10
-120.0000
20
-10.0000
30
-1.9047
11
-115.0000
21
-10.0000
31
-1.9181
12
-115.0000
22
-5.0000
32
-1.8281
13
-120.0000
23
-5.0000
33
-1.8147
0
3DFACE
8
S_UMGEBUNG_GELAENDE
10
-120.0000
20
-5.0000
30
-1.8147
11
-115.0000
21
-5.0000
31
-1.8281
12
-115.0000
22
0.0000
32
-1.7381
13
-120.0000
23
0.0000
33
-1.7247
0
3DFACE
8
S_UMGEBUNG_GELAENDE
10
-120.0000
20
0.0000
30
-1.7247
11
-115.0000
21
0.0000
31
-1.7381
12
-115.0000
22
5.0000
32
-1.6481
13
-120.0000
23
5.0000
33
-1.6347
0
3DFACE
8
S_UMGEBUNG_GELAENDE
10
-120.0000
20
5.0000
30
-1.6347
11
-115.0000
21
5.0000
31
-1.6481
12
-115.0000
22
10.0000
32
-1.5581
13
-120.0000
23
10.0000
33
-1.5447
0
3DFACE
8
S_UMGEBUNG_GELAENDE
10
-120.0000
20
10.0000
30
-1.5447
11
-115.0000
21
10.0000
31
-1.5581
12
-115.0000
22
15.0000
32
-1.4681
13
-120.0000
23
15.0000
33
-1.4547
0
3DFACE
8
S_UMGEBUNG_GELAENDE
10
-120.0000
20
15.0000
30
-1.4547
11
-115.0000
21
15.0000
31
-1.4681
12
-115.0000
22
20.0000
32
-1.3781
13
-120.0000
23
20.0000
33
-1.3647
0
3DFACE
8
S_UMGEBUNG_GELAENDE
10
-120.0000
20
20.0000
30
-1.3647
11
-115.0000
21
20.0000
31
-1.3781
12
-115.0000
22
25.0000
32
-1.2881
13
-120.0000
23
25.0000
33
-1.2747
0
3DFACE
8
S_UMGEBUNG_GELAENDE
10
-120.0000
20
25.0000
30
-1.2747
11
-115.0000
21
25.0000
31
-1.2881
12
-115.0000
22
30.0000
32
-1.1981
13
-120.0000
23
30.0000
33
-1.1847
0
3DFACE
8
S_UMGEBUNG_GELAENDE
10
-120.0000
20
30.0000
30
-1.1847
11
-115.0000
21
30.0000
31
-1.1981
12
-115.0000
22
35.0000
32
-1.1081
13
-120.0000
23
35.0000
33
-1.0947
0
3DFACE
8
S_UMGEBUNG_GELAENDE
10
-120.0000
20
35.0000
30
-1.0947
11
-115.0000
21
35.0000
31
-1.1081
12
-115.0000
22
40.0000
32
-1.0181
13
-120.0000
23
40.0000
33
-1.0047
0
3DFACE
8
S_UMGEBUNG_GELAENDE
10
-120.0000
20
40.0000
30
-1.0047
11
-115.0000
21
40.0000
31
-1.0181
12
-115.0000
22
45.0000
32
-0.9281
13
-120.0000
23
45.0000
33
-0.9147
0
3DFACE
8
S_UMGEBUNG_GELAENDE
10
-120.0000
20
45.0000
30
-0.9147
11
-115.0000
21
45.0000
31
-0.9281
12
-115.0000
22
50.0000
32
-0.8381
13
-120.0000
23
50.0000
33
-0.8247
0
3DFACE
8
S_UMGEBUNG_GELAENDE
10
-120.0000
20
50.0000
30
-0.8247
11
-115.0000
21
50.0000
31
-0.8381
12
-115.0000
22
55.0000
32
-0.7481
13
-120.0000
23
55.0000
33
-0.7347
0
3DFACE
8
S_UMGEBUNG_GELAENDE
10
-120.0000
20
55.0000
30
-0.7347
11
-115.0000
21
55.0000
31
-0.7481
12
-115.0000
22
60.0000
32
-0.6581
13
-120.0000
23
60.0000
33
-0.6447
0
3DFACE
8
S_UMGEBUNG_GELAENDE
10
-120.0000
20
60.0000
30
-0.6447
11
-115.0000
21
60.0000
31
-0.6581
12
-115.0000
22
65.0000
32
-0.5681
13
-120.0000
23
65.0000
33
-0.5547
0
3DFACE
8
S_UMGEBUNG_GELAENDE
10
-120.0000
20
65.0000
30
-0.5547
11
-115.0000
21
65.0000
31
-0.5681
12
-115.0000
22
70.0000
32
-0.4781
13
-120.0000
23
70.0000
33
-0.4647
0
3DFACE
8
S_UMGEBUNG_GELAENDE
10
-120.0000
20
70.0000
30
-0.4647
11
-115.0000
21
70.0000
31
-0.4781
12
-115.0000
22
75.0000
32
-0.3881
13
-120.0000
23
75.0000
33
-0.3747
0
3DFACE
8
S_UMGEBUNG_GELAENDE
10
-120.0000
20
75.0000
30
-0.3747
11
-115.0000
21
75.0000
31
-0.3881
12
-115.0000
22
80.0000
32
-0.2981
13
-120.0000
23
80.0000
33
-0.2847
0
3DFACE
8
S_UMGEBUNG_GELAENDE
10
-120.0000
20
80.0000
30
-0.2847
11
-115.0000
21
80.0000
31
-0.2981
12
-115.0000
22
85.0000
32
-0.2081
13
-120.0000
23
85.0000
33
-0.1947
0
3DFACE
8
S_UMGEBUNG_GELAENDE
10
-120.0000
20
85.0000
30
-0.1947
11
-115.0000
21
85.0000
31
-0.2081
12
-115.0000
22
90.0000
32
-0.1181
13
-120.0000
23
90.0000
33
-0.1047
0
3DFACE
8
S_UMGEBUNG_GELAENDE
10
-120.0000
20
90.0000
30
-0.1047
11
-115.0000
21
90.0000
31
-0.1181
12
-115.0000
22
95.0000
32
-0.0281
13
-120.0000
23
95.0000
33
-0.0147
0
3DFACE
8
S_UMGEBUNG_GELAENDE
10
-115.0000
20
-100.0000
30
-3.5381
11
-110.0000
21
-100.0000
31
-3.5490
12
-110.0000
22
-95.0000
32
-3.4590
13
-115.0000
23
-95.0000
33
-3.4481
0
3DFACE
8
S_UMGEBUNG_GELAENDE
10
-115.0000
20
-95.0000
30
-3.4481
11
-110.0000
21
-95.0000
31
-3.4590
12
-110.0000
22
-90.0000
32
-3.3690
13
-115.0000
23
-90.0000
33
-3.3581
0
3DFACE
8
S_UMGEBUNG_GELAENDE
10
-115.0000
20
-90.0000
30
-3.3581
11
-110.0000
21
-90.0000
31
-3.3690
12
-110.0000
22
-85.0000
32
-3.2790
13
-115.0000
23
-85.0000
33
-3.2681
0
3DFACE
8
S_UMGEBUNG_GELAENDE
10
-115.0000
20
-85.0000
30
-3.2681
11
-110.0000
21
-85.0000
31
-3.2790
12
-110.0000
22
-80.0000
32
-3.1890
13
-115.0000
23
-80.0000
33
-3.1781
0
3DFACE
8
S_UMGEBUNG_GELAENDE
10
-115.0000
20
-80.0000
30
-3.1781
11
-110.0000
21
-80.0000
31
-3.1890
12
-110.0000
22
-75.0000
32
-3.0990
13
-115.0000
23
-75.0000
33
-3.0881
0
3DFACE
8
S_UMGEBUNG_GELAENDE
10
-115.0000
20
-75.0000
30
-3.0881
11
-110.0000
21
-75.0000
31
-3.0990
12
-110.0000
22
-70.0000
32
-3.0090
13
-115.0000
23
-70.0000
33
-2.9981
0
3DFACE
8
S_UMGEBUNG_GELAENDE
10
-115.0000
20
-70.0000
30
-2.9981
11
-110.0000
21
-70.0000
31
-3.0090
12
-110.0000
22
-65.0000
32
-2.9190
13
-115.0000
23
-65.0000
33
-2.9081
0
3DFACE
8
S_UMGEBUNG_GELAENDE
10
-115.0000
20
-65.0000
30
-2.9081
11
-110.0000
21
-65.0000
31
-2.9190
12
-110.0000
22
-60.0000
32
-2.8290
13
-115.0000
23
-60.0000
33
-2.8181
0
3DFACE
8
S_UMGEBUNG_GELAENDE
10
-115.0000
20
-60.0000
30
-2.8181
11
-110.0000
21
-60.0000
31
-2.8290
12
-110.0000
22
-55.0000
32
-2.7390
13
-115.0000
23
-55.0000
33
-2.7281
0
3DFACE
8
S_UMGEBUNG_GELAENDE
10
-115.0000
20
-55.0000
30
-2.7281
11
-110.0000
21
-55.0000
31
-2.7390
12
-110.0000
22
-50.0000
32
-2.6490
13
-115.0000
23
-50.0000
33
-2.6381
0
3DFACE
8
S_UMGEBUNG_GELAENDE
10
-115.0000
20
-50.0000
30
-2.6381
11
-110.0000
21
-50.0000
31
-2.6490
12
-110.0000
22
-45.0000
32
-2.5590
13
-115.0000
23
-45.0000
33
-2.5481
0
3DFACE
8
S_UMGEBUNG_GELAENDE
10
-115.0000
20
-45.0000
30
-2.5481
11
-110.0000
21
-45.0000
31
-2.5590
12
-110.0000
22
-40.0000
32
-2.4690
13
-115.0000
23
-40.0000
33
-2.4581
0
3DFACE
8
S_UMGEBUNG_GELAENDE
10
-115.0000
20
-40.0000
30
-2.4581
11
-110.0000
21
-40.0000
31
-2.4690
12
-110.0000
22
-35.0000
32
-2.3790
13
-115.0000
23
-35.0000
33
-2.3681
0
3DFACE
8
S_UMGEBUNG_GELAENDE
10
-115.0000
20
-35.0000
30
-2.3681
11
-110.0000
21
-35.0000
31
-2.3790
12
-110.0000
22
-30.0000
32
-2.2890
13
-115.0000
23
-30.0000
33
-2.2781
0
3DFACE
8
S_UMGEBUNG_GELAENDE
10
-115.0000
20
-30.0000
30
-2.2781
11
-110.0000
21
-30.0000
31
-2.2890
12
-110.0000
22
-25.0000
32
-2.1990
13
-115.0000
23
-25.0000
33
-2.1881
0
3DFACE
8
S_UMGEBUNG_GELAENDE
10
-115.0000
20
-25.0000
30
-2.1881
11
-110.0000
21
-25.0000
31
-2.1990
12
-110.0000
22
-20.0000
32
-2.1090
13
-115.0000
23
-20.0000
33
-2.0981
0
3DFACE
8
S_UMGEBUNG_GELAENDE
10
-115.0000
20
-20.0000
30
-2.0981
11
-110.0000
21
-20.0000
31
-2.1090
12
-110.0000
22
-15.0000
32
-2.0190
13
-115.0000
23
-15.0000
33
-2.0081
0
3DFACE
8
S_UMGEBUNG_GELAENDE
10
-115.0000
20
-15.0000
30
-2.0081
11
-110.0000
21
-15.0000
31
-2.0190
12
-110.0000
22
-10.0000
32
-1.9290
13
-115.0000
23
-10.0000
33
-1.9181
0
3DFACE
8
S_UMGEBUNG_GELAENDE
10
-115.0000
20
-10.0000
30
-1.9181
11
-110.0000
21
-10.0000
31
-1.9290
12
-110.0000
22
-5.0000
32
-1.8390
13
-115.0000
23
-5.0000
33
-1.8281
0
3DFACE
8
S_UMGEBUNG_GELAENDE
10
-115.0000
20
-5.0000
30
-1.8281
11
-110.0000
21
-5.0000
31
-1.8390
12
-110.0000
22
0.0000
32
-1.7490
13
-115.0000
23
0.0000
33
-1.7381
0
3DFACE
8
S_UMGEBUNG_GELAENDE
10
-115.0000
20
0.0000
30
-1.7381
11
-110.0000
21
0.0000
31
-1.7490
12
-110.0000
22
5.0000
32
-1.6590
13
-115.0000
23
5.0000
33
-1.6481
0
3DFACE
8
S_UMGEBUNG_GELAENDE
10
-115.0000
20
5.0000
30
-1.6481
11
-110.0000
21
5.0000
31
-1.6590
12
-110.0000
22
10.0000
32
-1.5690
13
-115.0000
23
10.0000
33
-1.5581
0
3DFACE
8
S_UMGEBUNG_GELAENDE
10
-115.0000
20
10.0000
30
-1.5581
11
-110.0000
21
10.0000
31
-1.5690
12
-110.0000
22
15.0000
32
-1.4790
13
-115.0000
23
15.0000
33
-1.4681
0
3DFACE
8
S_UMGEBUNG_GELAENDE
10
-115.0000
20
15.0000
30
-1.4681
11
-110.0000
21
15.0000
31
-1.4790
12
-110.0000
22
20.0000
32
-1.3890
13
-115.0000
23
20.0000
33
-1.3781
0
3DFACE
8
S_UMGEBUNG_GELAENDE
10
-115.0000
20
20.0000
30
-1.3781
11
-110.0000
21
20.0000
31
-1.3890
12
-110.0000
22
25.0000
32
-1.2990
13
-115.0000
23
25.0000
33
-1.2881
0
3DFACE
8
S_UMGEBUNG_GELAENDE
10
-115.0000
20
25.0000
30
-1.2881
11
-110.0000
21
25.0000
31
-1.2990
12
-110.0000
22
30.0000
32
-1.2090
13
-115.0000
23
30.0000
33
-1.1981
0
3DFACE
8
S_UMGEBUNG_GELAENDE
10
-115.0000
20
30.0000
30
-1.1981
11
-110.0000
21
30.0000
31
-1.2090
12
-110.0000
22
35.0000
32
-1.1190
13
-115.0000
23
35.0000
33
-1.1081
0
3DFACE
8
S_UMGEBUNG_GELAENDE
10
-115.0000
20
35.0000
30
-1.1081
11
-110.0000
21
35.0000
31
-1.1190
12
-110.0000
22
40.0000
32
-1.0290
13
-115.0000
23
40.0000
33
-1.0181
0
3DFACE
8
S_UMGEBUNG_GELAENDE
10
-115.0000
20
40.0000
30
-1.0181
11
-110.0000
21
40.0000
31
-1.0290
12
-110.0000
22
45.0000
32
-0.9390
13
-115.0000
23
45.0000
33
-0.9281
0
3DFACE
8
S_UMGEBUNG_GELAENDE
10
-115.0000
20
45.0000
30
-0.9281
11
-110.0000
21
45.0000
31
-0.9390
12
-110.0000
22
50.0000
32
-0.8490
13
-115.0000
23
50.0000
33
-0.8381
0
3DFACE
8
S_UMGEBUNG_GELAENDE
10
-115.0000
20
50.0000
30
-0.8381
11
-110.0000
21
50.0000
31
-0.8490
12
-110.0000
22
55.0000
32
-0.7590
13
-115.0000
23
55.0000
33
-0.7481
0
3DFACE
8
S_UMGEBUNG_GELAENDE
10
-115.0000
20
55.0000
30
-0.7481
11
-110.0000
21
55.0000
31
-0.7590
12
-110.0000
22
60.0000
32
-0.6690
13
-115.0000
23
60.0000
33
-0.6581
0
3DFACE
8
S_UMGEBUNG_GELAENDE
10
-115.0000
20
60.0000
30
-0.6581
11
-110.0000
21
60.0000
31
-0.6690
12
-110.0000
22
65.0000
32
-0.5790
13
-115.0000
23
65.0000
33
-0.5681
0
3DFACE
8
S_UMGEBUNG_GELAENDE
10
-115.0000
20
65.0000
30
-0.5681
11
-110.0000
21
65.0000
31
-0.5790
12
-110.0000
22
70.0000
32
-0.4890
13
-115.0000
23
70.0000
33
-0.4781
0
3DFACE
8
S_UMGEBUNG_GELAENDE
10
-115.0000
20
70.0000
30
-0.4781
11
-110.0000
21
70.0000
31
-0.4890
12
-110.0000
22
75.0000
32
-0.3990
13
-115.0000
23
75.0000
33
-0.3881
0
3DFACE
8
S_UMGEBUNG_GELAENDE
10
-115.0000
20
75.0000
30
-0.3881
11
-110.0000
21
75.0000
31
-0.3990
12
-110.0000
22
80.0000
32
-0.3090
13
-115.0000
23
80.0000
33
-0.2981
0
3DFACE
8
S_UMGEBUNG_GELAENDE
10
-115.0000
20
80.0000
30
-0.2981
11
-110.0000
21
80.0000
31
-0.3090
12
-110.0000
22
85.0000
32
-0.2190
13
-115.0000
23
85.0000
33
-0.2081
0
3DFACE
8
S_UMGEBUNG_GELAENDE
10
-115.0000
20
85.0000
30
-0.2081
11
-110.0000
21
85.0000
31
-0.2190
12
-110.0000
22
90.0000
32
-0.1290
13
-115.0000
23
90.0000
33
-0.1181
0
3DFACE
8
S_UMGEBUNG_GELAENDE
10
-115.0000
20
90.0000
30
-0.1181
11
-110.0000
21
90.0000
31
-0.1290
12
-110.0000
22
95.0000
32
-0.0390
13
-115.0000
23
95.0000
33
-0.0281
0
3DFACE
8
S_UMGEBUNG_GELAENDE
10
-115.0000
20
95.0000
30
-0.0281
11
-110.0000
21
95.0000
31
-0.0390
12
-110.0000
22
100.0000
32
0.0510
13
-115.0000
23
100.0000
33
0.0619
0
3DFACE
8
S_UMGEBUNG_GELAENDE
10
-110.0000
20
-105.0000
30
-3.6390
11
-105.0000
21
-105.0000
31
-3.6464
12
-105.0000
22
-100.0000
32
-3.5564
13
-110.0000
23
-100.0000
33
-3.5490
0
3DFACE
8
S_UMGEBUNG_GELAENDE
10
-110.0000
20
-100.0000
30
-3.5490
11
-105.0000
21
-100.0000
31
-3.5564
12
-105.0000
22
-95.0000
32
-3.4664
13
-110.0000
23
-95.0000
33
-3.4590
0
3DFACE
8
S_UMGEBUNG_GELAENDE
10
-110.0000
20
-95.0000
30
-3.4590
11
-105.0000
21
-95.0000
31
-3.4664
12
-105.0000
22
-90.0000
32
-3.3764
13
-110.0000
23
-90.0000
33
-3.3690
0
3DFACE
8
S_UMGEBUNG_GELAENDE
10
-110.0000
20
-90.0000
30
-3.3690
11
-105.0000
21
-90.0000
31
-3.3764
12
-105.0000
22
-85.0000
32
-3.2864
13
-110.0000
23
-85.0000
33
-3.2790
0
3DFACE
8
S_UMGEBUNG_GELAENDE
10
-110.0000
20
-85.0000
30
-3.2790
11
-105.0000
21
-85.0000
31
-3.2864
12
-105.0000
22
-80.0000
32
-3.1964
13
-110.0000
23
-80.0000
33
-3.1890
0
3DFACE
8
S_UMGEBUNG_GELAENDE
10
-110.0000
20
-80.0000
30
-3.1890
11
-105.0000
21
-80.0000
31
-3.1964
12
-105.0000
22
-75.0000
32
-3.1064
13
-110.0000
23
-75.0000
33
-3.0990
0
3DFACE
8
S_UMGEBUNG_GELAENDE
10
-110.0000
20
-75.0000
30
-3.0990
11
-105.0000
21
-75.0000
31
-3.1064
12
-105.0000
22
-70.0000
32
-3.0164
13
-110.0000
23
-70.0000
33
-3.0090
0
3DFACE
8
S_UMGEBUNG_GELAENDE
10
-110.0000
20
-70.0000
30
-3.0090
11
-105.0000
21
-70.0000
31
-3.0164
12
-105.0000
22
-65.0000
32
-2.9264
13
-110.0000
23
-65.0000
33
-2.9190
0
3DFACE
8
S_UMGEBUNG_GELAENDE
10
-110.0000
20
-65.0000
30
-2.9190
11
-105.0000
21
-65.0000
31
-2.9264
12
-105.0000
22
-60.0000
32
-2.8364
13
-110.0000
23
-60.0000
33
-2.8290
0
3DFACE
8
S_UMGEBUNG_GELAENDE
10
-110.0000
20
-60.0000
30
-2.8290
11
-105.0000
21
-60.0000
31
-2.8364
12
-105.0000
22
-55.0000
32
-2.7464
13
-110.0000
23
-55.0000
33
-2.7390
0
3DFACE
8
S_UMGEBUNG_GELAENDE
10
-110.0000
20
-55.0000
30
-2.7390
11
-105.0000
21
-55.0000
31
-2.7464
12
-105.0000
22
-50.0000
32
-2.6564
13
-110.0000
23
-50.0000
33
-2.6490
0
3DFACE
8
S_UMGEBUNG_GELAENDE
10
-110.0000
20
-50.0000
30
-2.6490
11
-105.0000
21
-50.0000
31
-2.6564
12
-105.0000
22
-45.0000
32
-2.5664
13
-110.0000
23
-45.0000
33
-2.5590
0
3DFACE
8
S_UMGEBUNG_GELAENDE
10
-110.0000
20
-45.0000
30
-2.5590
11
-105.0000
21
-45.0000
31
-2.5664
12
-105.0000
22
-40.0000
32
-2.4764
13
-110.0000
23
-40.0000
33
-2.4690
0
3DFACE
8
S_UMGEBUNG_GELAENDE
10
-110.0000
20
-40.0000
30
-2.4690
11
-105.0000
21
-40.0000
31
-2.4764
12
-105.0000
22
-35.0000
32
-2.3864
13
-110.0000
23
-35.0000
33
-2.3790
0
3DFACE
8
S_UMGEBUNG_GELAENDE
10
-110.0000
20
-35.0000
30
-2.3790
11
-105.0000
21
-35.0000
31
-2.3864
12
-105.0000
22
-30.0000
32
-2.2964
13
-110.0000
23
-30.0000
33
-2.2890
0
3DFACE
8
S_UMGEBUNG_GELAENDE
10
-110.0000
20
-30.0000
30
-2.2890
11
-105.0000
21
-30.0000
31
-2.2964
12
-105.0000
22
-25.0000
32
-2.2064
13
-110.0000
23
-25.0000
33
-2.1990
0
3DFACE
8
S_UMGEBUNG_GELAENDE
10
-110.0000
20
-25.0000
30
-2.1990
11
-105.0000
21
-25.0000
31
-2.2064
12
-105.0000
22
-20.0000
32
-2.1164
13
-110.0000
23
-20.0000
33
-2.1090
0
3DFACE
8
S_UMGEBUNG_GELAENDE
10
-110.0000
20
-20.0000
30
-2.1090
11
-105.0000
21
-20.0000
31
-2.1164
12
-105.0000
22
-15.0000
32
-2.0264
13
-110.0000
23
-15.0000
33
-2.0190
0
3DFACE
8
S_UMGEBUNG_GELAENDE
10
-110.0000
20
-15.0000
30
-2.0190
11
-105.0000
21
-15.0000
31
-2.0264
12
-105.0000
22
-10.0000
32
-1.9364
13
-110.0000
23
-10.0000
33
-1.9290
0
3DFACE
8
S_UMGEBUNG_GELAENDE
10
-110.0000
20
-10.0000
30
-1.9290
11
-105.0000
21
-10.0000
31
-1.9364
12
-105.0000
22
-5.0000
32
-1.8464
13
-110.0000
23
-5.0000
33
-1.8390
0
3DFACE
8
S_UMGEBUNG_GELAENDE
10
-110.0000
20
-5.0000
30
-1.8390
11
-105.0000
21
-5.0000
31
-1.8464
12
-105.0000
22
0.0000
32
-1.7564
13
-110.0000
23
0.0000
33
-1.7490
0
3DFACE
8
S_UMGEBUNG_GELAENDE
10
-110.0000
20
0.0000
30
-1.7490
11
-105.0000
21
0.0000
31
-1.7564
12
-105.0000
22
5.0000
32
-1.6664
13
-110.0000
23
5.0000
33
-1.6590
0
3DFACE
8
S_UMGEBUNG_GELAENDE
10
-110.0000
20
5.0000
30
-1.6590
11
-105.0000
21
5.0000
31
-1.6664
12
-105.0000
22
10.0000
32
-1.5764
13
-110.0000
23
10.0000
33
-1.5690
0
3DFACE
8
S_UMGEBUNG_GELAENDE
10
-110.0000
20
10.0000
30
-1.5690
11
-105.0000
21
10.0000
31
-1.5764
12
-105.0000
22
15.0000
32
-1.4864
13
-110.0000
23
15.0000
33
-1.4790
0
3DFACE
8
S_UMGEBUNG_GELAENDE
10
-110.0000
20
15.0000
30
-1.4790
11
-105.0000
21
15.0000
31
-1.4864
12
-105.0000
22
20.0000
32
-1.3964
13
-110.0000
23
20.0000
33
-1.3890
0
3DFACE
8
S_UMGEBUNG_GELAENDE
10
-110.0000
20
20.0000
30
-1.3890
11
-105.0000
21
20.0000
31
-1.3964
12
-105.0000
22
25.0000
32
-1.3064
13
-110.0000
23
25.0000
33
-1.2990
0
3DFACE
8
S_UMGEBUNG_GELAENDE
10
-110.0000
20
25.0000
30
-1.2990
11
-105.0000
21
25.0000
31
-1.3064
12
-105.0000
22
30.0000
32
-1.2164
13
-110.0000
23
30.0000
33
-1.2090
0
3DFACE
8
S_UMGEBUNG_GELAENDE
10
-110.0000
20
30.0000
30
-1.2090
11
-105.0000
21
30.0000
31
-1.2164
12
-105.0000
22
35.0000
32
-1.1264
13
-110.0000
23
35.0000
33
-1.1190
0
3DFACE
8
S_UMGEBUNG_GELAENDE
10
-110.0000
20
35.0000
30
-1.1190
11
-105.0000
21
35.0000
31
-1.1264
12
-105.0000
22
40.0000
32
-1.0364
13
-110.0000
23
40.0000
33
-1.0290
0
3DFACE
8
S_UMGEBUNG_GELAENDE
10
-110.0000
20
40.0000
30
-1.0290
11
-105.0000
21
40.0000
31
-1.0364
12
-105.0000
22
45.0000
32
-0.9464
13
-110.0000
23
45.0000
33
-0.9390
0
3DFACE
8
S_UMGEBUNG_GELAENDE
10
-110.0000
20
45.0000
30
-0.9390
11
-105.0000
21
45.0000
31
-0.9464
12
-105.0000
22
50.0000
32
-0.8564
13
-110.0000
23
50.0000
33
-0.8490
0
3DFACE
8
S_UMGEBUNG_GELAENDE
10
-110.0000
20
50.0000
30
-0.8490
11
-105.0000
21
50.0000
31
-0.8564
12
-105.0000
22
55.0000
32
-0.7664
13
-110.0000
23
55.0000
33
-0.7590
0
3DFACE
8
S_UMGEBUNG_GELAENDE
10
-110.0000
20
55.0000
30
-0.7590
11
-105.0000
21
55.0000
31
-0.7664
12
-105.0000
22
60.0000
32
-0.6764
13
-110.0000
23
60.0000
33
-0.6690
0
3DFACE
8
S_UMGEBUNG_GELAENDE
10
-110.0000
20
60.0000
30
-0.6690
11
-105.0000
21
60.0000
31
-0.6764
12
-105.0000
22
65.0000
32
-0.5864
13
-110.0000
23
65.0000
33
-0.5790
0
3DFACE
8
S_UMGEBUNG_GELAENDE
10
-110.0000
20
65.0000
30
-0.5790
11
-105.0000
21
65.0000
31
-0.5864
12
-105.0000
22
70.0000
32
-0.4964
13
-110.0000
23
70.0000
33
-0.4890
0
3DFACE
8
S_UMGEBUNG_GELAENDE
10
-110.0000
20
70.0000
30
-0.4890
11
-105.0000
21
70.0000
31
-0.4964
12
-105.0000
22
75.0000
32
-0.4064
13
-110.0000
23
75.0000
33
-0.3990
0
3DFACE
8
S_UMGEBUNG_GELAENDE
10
-110.0000
20
75.0000
30
-0.3990
11
-105.0000
21
75.0000
31
-0.4064
12
-105.0000
22
80.0000
32
-0.3164
13
-110.0000
23
80.0000
33
-0.3090
0
3DFACE
8
S_UMGEBUNG_GELAENDE
10
-110.0000
20
80.0000
30
-0.3090
11
-105.0000
21
80.0000
31
-0.3164
12
-105.0000
22
85.0000
32
-0.2264
13
-110.0000
23
85.0000
33
-0.2190
0
3DFACE
8
S_UMGEBUNG_GELAENDE
10
-110.0000
20
85.0000
30
-0.2190
11
-105.0000
21
85.0000
31
-0.2264
12
-105.0000
22
90.0000
32
-0.1364
13
-110.0000
23
90.0000
33
-0.1290
0
3DFACE
8
S_UMGEBUNG_GELAENDE
10
-110.0000
20
90.0000
30
-0.1290
11
-105.0000
21
90.0000
31
-0.1364
12
-105.0000
22
95.0000
32
-0.0464
13
-110.0000
23
95.0000
33
-0.0390
0
3DFACE
8
S_UMGEBUNG_GELAENDE
10
-110.0000
20
95.0000
30
-0.0390
11
-105.0000
21
95.0000
31
-0.0464
12
-105.0000
22
100.0000
32
0.0436
13
-110.0000
23
100.0000
33
0.0510
0
3DFACE
8
S_UMGEBUNG_GELAENDE
10
-110.0000
20
100.0000
30
0.0510
11
-105.0000
21
100.0000
31
0.0436
12
-105.0000
22
105.0000
32
0.1336
13
-110.0000
23
105.0000
33
0.1410
0
3DFACE
8
S_UMGEBUNG_GELAENDE
10
-105.0000
20
-110.0000
30
-3.7364
11
-100.0000
21
-110.0000
31
-3.7391
12
-100.0000
22
-105.0000
32
-3.6491
13
-105.0000
23
-105.0000
33
-3.6464
0
3DFACE
8
S_UMGEBUNG_GELAENDE
10
-105.0000
20
-105.0000
30
-3.6464
11
-100.0000
21
-105.0000
31
-3.6491
12
-100.0000
22
-100.0000
32
-3.5591
13
-105.0000
23
-100.0000
33
-3.5564
0
3DFACE
8
S_UMGEBUNG_GELAENDE
10
-105.0000
20
-100.0000
30
-3.5564
11
-100.0000
21
-100.0000
31
-3.5591
12
-100.0000
22
-95.0000
32
-3.4691
13
-105.0000
23
-95.0000
33
-3.4664
0
3DFACE
8
S_UMGEBUNG_GELAENDE
10
-105.0000
20
-95.0000
30
-3.4664
11
-100.0000
21
-95.0000
31
-3.4691
12
-100.0000
22
-90.0000
32
-3.3791
13
-105.0000
23
-90.0000
33
-3.3764
0
3DFACE
8
S_UMGEBUNG_GELAENDE
10
-105.0000
20
-90.0000
30
-3.3764
11
-100.0000
21
-90.0000
31
-3.3791
12
-100.0000
22
-85.0000
32
-3.2891
13
-105.0000
23
-85.0000
33
-3.2864
0
3DFACE
8
S_UMGEBUNG_GELAENDE
10
-105.0000
20
-85.0000
30
-3.2864
11
-100.0000
21
-85.0000
31
-3.2891
12
-100.0000
22
-80.0000
32
-3.1991
13
-105.0000
23
-80.0000
33
-3.1964
0
3DFACE
8
S_UMGEBUNG_GELAENDE
10
-105.0000
20
-80.0000
30
-3.1964
11
-100.0000
21
-80.0000
31
-3.1991
12
-100.0000
22
-75.0000
32
-3.1091
13
-105.0000
23
-75.0000
33
-3.1064
0
3DFACE
8
S_UMGEBUNG_GELAENDE
10
-105.0000
20
-75.0000
30
-3.1064
11
-100.0000
21
-75.0000
31
-3.1091
12
-100.0000
22
-70.0000
32
-3.0191
13
-105.0000
23
-70.0000
33
-3.0164
0
3DFACE
8
S_UMGEBUNG_GELAENDE
10
-105.0000
20
-70.0000
30
-3.0164
11
-100.0000
21
-70.0000
31
-3.0191
12
-100.0000
22
-65.0000
32
-2.9291
13
-105.0000
23
-65.0000
33
-2.9264
0
3DFACE
8
S_UMGEBUNG_GELAENDE
10
-105.0000
20
-65.0000
30
-2.9264
11
-100.0000
21
-65.0000
31
-2.9291
12
-100.0000
22
-60.0000
32
-2.8391
13
-105.0000
23
-60.0000
33
-2.8364
0
3DFACE
8
S_UMGEBUNG_GELAENDE
10
-105.0000
20
-60.0000
30
-2.8364
11
-100.0000
21
-60.0000
31
-2.8391
12
-100.0000
22
-55.0000
32
-2.7491
13
-105.0000
23
-55.0000
33
-2.7464
0
3DFACE
8
S_UMGEBUNG_GELAENDE
10
-105.0000
20
-55.0000
30
-2.7464
11
-100.0000
21
-55.0000
31
-2.7491
12
-100.0000
22
-50.0000
32
-2.6591
13
-105.0000
23
-50.0000
33
-2.6564
0
3DFACE
8
S_UMGEBUNG_GELAENDE
10
-105.0000
20
-50.0000
30
-2.6564
11
-100.0000
21
-50.0000
31
-2.6591
12
-100.0000
22
-45.0000
32
-2.5691
13
-105.0000
23
-45.0000
33
-2.5664
0
3DFACE
8
S_UMGEBUNG_GELAENDE
10
-105.0000
20
-45.0000
30
-2.5664
11
-100.0000
21
-45.0000
31
-2.5691
12
-100.0000
22
-40.0000
32
-2.4791
13
-105.0000
23
-40.0000
33
-2.4764
0
3DFACE
8
S_UMGEBUNG_GELAENDE
10
-105.0000
20
-40.0000
30
-2.4764
11
-100.0000
21
-40.0000
31
-2.4791
12
-100.0000
22
-35.0000
32
-2.3891
13
-105.0000
23
-35.0000
33
-2.3864
0
3DFACE
8
S_UMGEBUNG_GELAENDE
10
-105.0000
20
-35.0000
30
-2.3864
11
-100.0000
21
-35.0000
31
-2.3891
12
-100.0000
22
-30.0000
32
-2.2991
13
-105.0000
23
-30.0000
33
-2.2964
0
3DFACE
8
S_UMGEBUNG_GELAENDE
10
-105.0000
20
-30.0000
30
-2.2964
11
-100.0000
21
-30.0000
31
-2.2991
12
-100.0000
22
-25.0000
32
-2.2091
13
-105.0000
23
-25.0000
33
-2.2064
0
3DFACE
8
S_UMGEBUNG_GELAENDE
10
-105.0000
20
-25.0000
30
-2.2064
11
-100.0000
21
-25.0000
31
-2.2091
12
-100.0000
22
-20.0000
32
-2.1191
13
-105.0000
23
-20.0000
33
-2.1164
0
3DFACE
8
S_UMGEBUNG_GELAENDE
10
-105.0000
20
-20.0000
30
-2.1164
11
-100.0000
21
-20.0000
31
-2.1191
12
-100.0000
22
-15.0000
32
-2.0291
13
-105.0000
23
-15.0000
33
-2.0264
0
3DFACE
8
S_UMGEBUNG_GELAENDE
10
-105.0000
20
-15.0000
30
-2.0264
11
-100.0000
21
-15.0000
31
-2.0291
12
-100.0000
22
-10.0000
32
-1.9391
13
-105.0000
23
-10.0000
33
-1.9364
0
3DFACE
8
S_UMGEBUNG_GELAENDE
10
-105.0000
20
-10.0000
30
-1.9364
11
-100.0000
21
-10.0000
31
-1.9391
12
-100.0000
22
-5.0000
32
-1.8491
13
-105.0000
23
-5.0000
33
-1.8464
0
3DFACE
8
S_UMGEBUNG_GELAENDE
10
-105.0000
20
-5.0000
30
-1.8464
11
-100.0000
21
-5.0000
31
-1.8491
12
-100.0000
22
0.0000
32
-1.7591
13
-105.0000
23
0.0000
33
-1.7564
0
3DFACE
8
S_UMGEBUNG_GELAENDE
10
-105.0000
20
0.0000
30
-1.7564
11
-100.0000
21
0.0000
31
-1.7591
12
-100.0000
22
5.0000
32
-1.6691
13
-105.0000
23
5.0000
33
-1.6664
0
3DFACE
8
S_UMGEBUNG_GELAENDE
10
-105.0000
20
5.0000
30
-1.6664
11
-100.0000
21
5.0000
31
-1.6691
12
-100.0000
22
10.0000
32
-1.5791
13
-105.0000
23
10.0000
33
-1.5764
0
3DFACE
8
S_UMGEBUNG_GELAENDE
10
-105.0000
20
10.0000
30
-1.5764
11
-100.0000
21
10.0000
31
-1.5791
12
-100.0000
22
15.0000
32
-1.4891
13
-105.0000
23
15.0000
33
-1.4864
0
3DFACE
8
S_UMGEBUNG_GELAENDE
10
-105.0000
20
15.0000
30
-1.4864
11
-100.0000
21
15.0000
31
-1.4891
12
-100.0000
22
20.0000
32
-1.3991
13
-105.0000
23
20.0000
33
-1.3964
0
3DFACE
8
S_UMGEBUNG_GELAENDE
10
-105.0000
20
20.0000
30
-1.3964
11
-100.0000
21
20.0000
31
-1.3991
12
-100.0000
22
25.0000
32
-1.3091
13
-105.0000
23
25.0000
33
-1.3064
0
3DFACE
8
S_UMGEBUNG_GELAENDE
10
-105.0000
20
25.0000
30
-1.3064
11
-100.0000
21
25.0000
31
-1.3091
12
-100.0000
22
30.0000
32
-1.2191
13
-105.0000
23
30.0000
33
-1.2164
0
3DFACE
8
S_UMGEBUNG_GELAENDE
10
-105.0000
20
30.0000
30
-1.2164
11
-100.0000
21
30.0000
31
-1.2191
12
-100.0000
22
35.0000
32
-1.1291
13
-105.0000
23
35.0000
33
-1.1264
0
3DFACE
8
S_UMGEBUNG_GELAENDE
10
-105.0000
20
35.0000
30
-1.1264
11
-100.0000
21
35.0000
31
-1.1291
12
-100.0000
22
40.0000
32
-1.0391
13
-105.0000
23
40.0000
33
-1.0364
0
3DFACE
8
S_UMGEBUNG_GELAENDE
10
-105.0000
20
40.0000
30
-1.0364
11
-100.0000
21
40.0000
31
-1.0391
12
-100.0000
22
45.0000
32
-0.9491
13
-105.0000
23
45.0000
33
-0.9464
0
3DFACE
8
S_UMGEBUNG_GELAENDE
10
-105.0000
20
45.0000
30
-0.9464
11
-100.0000
21
45.0000
31
-0.9491
12
-100.0000
22
50.0000
32
-0.8591
13
-105.0000
23
50.0000
33
-0.8564
0
3DFACE
8
S_UMGEBUNG_GELAENDE
10
-105.0000
20
50.0000
30
-0.8564
11
-100.0000
21
50.0000
31
-0.8591
12
-100.0000
22
55.0000
32
-0.7691
13
-105.0000
23
55.0000
33
-0.7664
0
3DFACE
8
S_UMGEBUNG_GELAENDE
10
-105.0000
20
55.0000
30
-0.7664
11
-100.0000
21
55.0000
31
-0.7691
12
-100.0000
22
60.0000
32
-0.6791
13
-105.0000
23
60.0000
33
-0.6764
0
3DFACE
8
S_UMGEBUNG_GELAENDE
10
-105.0000
20
60.0000
30
-0.6764
11
-100.0000
21
60.0000
31
-0.6791
12
-100.0000
22
65.0000
32
-0.5891
13
-105.0000
23
65.0000
33
-0.5864
0
3DFACE
8
S_UMGEBUNG_GELAENDE
10
-105.0000
20
65.0000
30
-0.5864
11
-100.0000
21
65.0000
31
-0.5891
12
-100.0000
22
70.0000
32
-0.4991
13
-105.0000
23
70.0000
33
-0.4964
0
3DFACE
8
S_UMGEBUNG_GELAENDE
10
-105.0000
20
70.0000
30
-0.4964
11
-100.0000
21
70.0000
31
-0.4991
12
-100.0000
22
75.0000
32
-0.4091
13
-105.0000
23
75.0000
33
-0.4064
0
3DFACE
8
S_UMGEBUNG_GELAENDE
10
-105.0000
20
75.0000
30
-0.4064
11
-100.0000
21
75.0000
31
-0.4091
12
-100.0000
22
80.0000
32
-0.3191
13
-105.0000
23
80.0000
33
-0.3164
0
3DFACE
8
S_UMGEBUNG_GELAENDE
10
-105.0000
20
80.0000
30
-0.3164
11
-100.0000
21
80.0000
31
-0.3191
12
-100.0000
22
85.0000
32
-0.2291
13
-105.0000
23
85.0000
33
-0.2264
0
3DFACE
8
S_UMGEBUNG_GELAENDE
10
-105.0000
20
85.0000
30
-0.2264
11
-100.0000
21
85.0000
31
-0.2291
12
-100.0000
22
90.0000
32
-0.1391
13
-105.0000
23
90.0000
33
-0.1364
0
3DFACE
8
S_UMGEBUNG_GELAENDE
10
-105.0000
20
90.0000
30
-0.1364
11
-100.0000
21
90.0000
31
-0.1391
12
-100.0000
22
95.0000
32
-0.0491
13
-105.0000
23
95.0000
33
-0.0464
0
3DFACE
8
S_UMGEBUNG_GELAENDE
10
-105.0000
20
95.0000
30
-0.0464
11
-100.0000
21
95.0000
31
-0.0491
12
-100.0000
22
100.0000
32
0.0409
13
-105.0000
23
100.0000
33
0.0436
0
3DFACE
8
S_UMGEBUNG_GELAENDE
10
-105.0000
20
100.0000
30
0.0436
11
-100.0000
21
100.0000
31
0.0409
12
-100.0000
22
105.0000
32
0.1309
13
-105.0000
23
105.0000
33
0.1336
0
3DFACE
8
S_UMGEBUNG_GELAENDE
10
-105.0000
20
105.0000
30
0.1336
11
-100.0000
21
105.0000
31
0.1309
12
-100.0000
22
110.0000
32
0.2209
13
-105.0000
23
110.0000
33
0.2236
0
3DFACE
8
S_UMGEBUNG_GELAENDE
10
-100.0000
20
-115.0000
30
-3.8291
11
-95.0000
21
-115.0000
31
-3.8262
12
-95.0000
22
-110.0000
32
-3.7362
13
-100.0000
23
-110.0000
33
-3.7391
0
3DFACE
8
S_UMGEBUNG_GELAENDE
10
-100.0000
20
-110.0000
30
-3.7391
11
-95.0000
21
-110.0000
31
-3.7362
12
-95.0000
22
-105.0000
32
-3.6462
13
-100.0000
23
-105.0000
33
-3.6491
0
3DFACE
8
S_UMGEBUNG_GELAENDE
10
-100.0000
20
-105.0000
30
-3.6491
11
-95.0000
21
-105.0000
31
-3.6462
12
-95.0000
22
-100.0000
32
-3.5562
13
-100.0000
23
-100.0000
33
-3.5591
0
3DFACE
8
S_UMGEBUNG_GELAENDE
10
-100.0000
20
-100.0000
30
-3.5591
11
-95.0000
21
-100.0000
31
-3.5562
12
-95.0000
22
-95.0000
32
-3.4662
13
-100.0000
23
-95.0000
33
-3.4691
0
3DFACE
8
S_UMGEBUNG_GELAENDE
10
-100.0000
20
-95.0000
30
-3.4691
11
-95.0000
21
-95.0000
31
-3.4662
12
-95.0000
22
-90.0000
32
-3.3762
13
-100.0000
23
-90.0000
33
-3.3791
0
3DFACE
8
S_UMGEBUNG_GELAENDE
10
-100.0000
20
-90.0000
30
-3.3791
11
-95.0000
21
-90.0000
31
-3.3762
12
-95.0000
22
-85.0000
32
-3.2862
13
-100.0000
23
-85.0000
33
-3.2891
0
3DFACE
8
S_UMGEBUNG_GELAENDE
10
-100.0000
20
-85.0000
30
-3.2891
11
-95.0000
21
-85.0000
31
-3.2862
12
-95.0000
22
-80.0000
32
-3.1962
13
-100.0000
23
-80.0000
33
-3.1991
0
3DFACE
8
S_UMGEBUNG_GELAENDE
10
-100.0000
20
-80.0000
30
-3.1991
11
-95.0000
21
-80.0000
31
-3.1962
12
-95.0000
22
-75.0000
32
-3.1062
13
-100.0000
23
-75.0000
33
-3.1091
0
3DFACE
8
S_UMGEBUNG_GELAENDE
10
-100.0000
20
-75.0000
30
-3.1091
11
-95.0000
21
-75.0000
31
-3.1062
12
-95.0000
22
-70.0000
32
-3.0162
13
-100.0000
23
-70.0000
33
-3.0191
0
3DFACE
8
S_UMGEBUNG_GELAENDE
10
-100.0000
20
-70.0000
30
-3.0191
11
-95.0000
21
-70.0000
31
-3.0162
12
-95.0000
22
-65.0000
32
-2.9262
13
-100.0000
23
-65.0000
33
-2.9291
0
3DFACE
8
S_UMGEBUNG_GELAENDE
10
-100.0000
20
-65.0000
30
-2.9291
11
-95.0000
21
-65.0000
31
-2.9262
12
-95.0000
22
-60.0000
32
-2.8362
13
-100.0000
23
-60.0000
33
-2.8391
0
3DFACE
8
S_UMGEBUNG_GELAENDE
10
-100.0000
20
-60.0000
30
-2.8391
11
-95.0000
21
-60.0000
31
-2.8362
12
-95.0000
22
-55.0000
32
-2.7462
13
-100.0000
23
-55.0000
33
-2.7491
0
3DFACE
8
S_UMGEBUNG_GELAENDE
10
-100.0000
20
-55.0000
30
-2.7491
11
-95.0000
21
-55.0000
31
-2.7462
12
-95.0000
22
-50.0000
32
-2.6562
13
-100.0000
23
-50.0000
33
-2.6591
0
3DFACE
8
S_UMGEBUNG_GELAENDE
10
-100.0000
20
-50.0000
30
-2.6591
11
-95.0000
21
-50.0000
31
-2.6562
12
-95.0000
22
-45.0000
32
-2.5662
13
-100.0000
23
-45.0000
33
-2.5691
0
3DFACE
8
S_UMGEBUNG_GELAENDE
10
-100.0000
20
-45.0000
30
-2.5691
11
-95.0000
21
-45.0000
31
-2.5662
12
-95.0000
22
-40.0000
32
-2.4762
13
-100.0000
23
-40.0000
33
-2.4791
0
3DFACE
8
S_UMGEBUNG_GELAENDE
10
-100.0000
20
-40.0000
30
-2.4791
11
-95.0000
21
-40.0000
31
-2.4762
12
-95.0000
22
-35.0000
32
-2.3862
13
-100.0000
23
-35.0000
33
-2.3891
0
3DFACE
8
S_UMGEBUNG_GELAENDE
10
-100.0000
20
-35.0000
30
-2.3891
11
-95.0000
21
-35.0000
31
-2.3862
12
-95.0000
22
-30.0000
32
-2.2962
13
-100.0000
23
-30.0000
33
-2.2991
0
3DFACE
8
S_UMGEBUNG_GELAENDE
10
-100.0000
20
-30.0000
30
-2.2991
11
-95.0000
21
-30.0000
31
-2.2962
12
-95.0000
22
-25.0000
32
-2.2062
13
-100.0000
23
-25.0000
33
-2.2091
0
3DFACE
8
S_UMGEBUNG_GELAENDE
10
-100.0000
20
-25.0000
30
-2.2091
11
-95.0000
21
-25.0000
31
-2.2062
12
-95.0000
22
-20.0000
32
-2.1162
13
-100.0000
23
-20.0000
33
-2.1191
0
3DFACE
8
S_UMGEBUNG_GELAENDE
10
-100.0000
20
-20.0000
30
-2.1191
11
-95.0000
21
-20.0000
31
-2.1162
12
-95.0000
22
-15.0000
32
-2.0262
13
-100.0000
23
-15.0000
33
-2.0291
0
3DFACE
8
S_UMGEBUNG_GELAENDE
10
-100.0000
20
-15.0000
30
-2.0291
11
-95.0000
21
-15.0000
31
-2.0262
12
-95.0000
22
-10.0000
32
-1.9362
13
-100.0000
23
-10.0000
33
-1.9391
0
3DFACE
8
S_UMGEBUNG_GELAENDE
10
-100.0000
20
-10.0000
30
-1.9391
11
-95.0000
21
-10.0000
31
-1.9362
12
-95.0000
22
-5.0000
32
-1.8462
13
-100.0000
23
-5.0000
33
-1.8491
0
3DFACE
8
S_UMGEBUNG_GELAENDE
10
-100.0000
20
-5.0000
30
-1.8491
11
-95.0000
21
-5.0000
31
-1.8462
12
-95.0000
22
0.0000
32
-1.7562
13
-100.0000
23
0.0000
33
-1.7591
0
3DFACE
8
S_UMGEBUNG_GELAENDE
10
-100.0000
20
0.0000
30
-1.7591
11
-95.0000
21
0.0000
31
-1.7562
12
-95.0000
22
5.0000
32
-1.6662
13
-100.0000
23
5.0000
33
-1.6691
0
3DFACE
8
S_UMGEBUNG_GELAENDE
10
-100.0000
20
5.0000
30
-1.6691
11
-95.0000
21
5.0000
31
-1.6662
12
-95.0000
22
10.0000
32
-1.5762
13
-100.0000
23
10.0000
33
-1.5791
0
3DFACE
8
S_UMGEBUNG_GELAENDE
10
-100.0000
20
10.0000
30
-1.5791
11
-95.0000
21
10.0000
31
-1.5762
12
-95.0000
22
15.0000
32
-1.4862
13
-100.0000
23
15.0000
33
-1.4891
0
3DFACE
8
S_UMGEBUNG_GELAENDE
10
-100.0000
20
15.0000
30
-1.4891
11
-95.0000
21
15.0000
31
-1.4862
12
-95.0000
22
20.0000
32
-1.3962
13
-100.0000
23
20.0000
33
-1.3991
0
3DFACE
8
S_UMGEBUNG_GELAENDE
10
-100.0000
20
20.0000
30
-1.3991
11
-95.0000
21
20.0000
31
-1.3962
12
-95.0000
22
25.0000
32
-1.3062
13
-100.0000
23
25.0000
33
-1.3091
0
3DFACE
8
S_UMGEBUNG_GELAENDE
10
-100.0000
20
25.0000
30
-1.3091
11
-95.0000
21
25.0000
31
-1.3062
12
-95.0000
22
30.0000
32
-1.2162
13
-100.0000
23
30.0000
33
-1.2191
0
3DFACE
8
S_UMGEBUNG_GELAENDE
10
-100.0000
20
30.0000
30
-1.2191
11
-95.0000
21
30.0000
31
-1.2162
12
-95.0000
22
35.0000
32
-1.1262
13
-100.0000
23
35.0000
33
-1.1291
0
3DFACE
8
S_UMGEBUNG_GELAENDE
10
-100.0000
20
35.0000
30
-1.1291
11
-95.0000
21
35.0000
31
-1.1262
12
-95.0000
22
40.0000
32
-1.0362
13
-100.0000
23
40.0000
33
-1.0391
0
3DFACE
8
S_UMGEBUNG_GELAENDE
10
-100.0000
20
40.0000
30
-1.0391
11
-95.0000
21
40.0000
31
-1.0362
12
-95.0000
22
45.0000
32
-0.9462
13
-100.0000
23
45.0000
33
-0.9491
0
3DFACE
8
S_UMGEBUNG_GELAENDE
10
-100.0000
20
45.0000
30
-0.9491
11
-95.0000
21
45.0000
31
-0.9462
12
-95.0000
22
50.0000
32
-0.8562
13
-100.0000
23
50.0000
33
-0.8591
0
3DFACE
8
S_UMGEBUNG_GELAENDE
10
-100.0000
20
50.0000
30
-0.8591
11
-95.0000
21
50.0000
31
-0.8562
12
-95.0000
22
55.0000
32
-0.7662
13
-100.0000
23
55.0000
33
-0.7691
0
3DFACE
8
S_UMGEBUNG_GELAENDE
10
-100.0000
20
55.0000
30
-0.7691
11
-95.0000
21
55.0000
31
-0.7662
12
-95.0000
22
60.0000
32
-0.6762
13
-100.0000
23
60.0000
33
-0.6791
0
3DFACE
8
S_UMGEBUNG_GELAENDE
10
-100.0000
20
60.0000
30
-0.6791
11
-95.0000
21
60.0000
31
-0.6762
12
-95.0000
22
65.0000
32
-0.5862
13
-100.0000
23
65.0000
33
-0.5891
0
3DFACE
8
S_UMGEBUNG_GELAENDE
10
-100.0000
20
65.0000
30
-0.5891
11
-95.0000
21
65.0000
31
-0.5862
12
-95.0000
22
70.0000
32
-0.4962
13
-100.0000
23
70.0000
33
-0.4991
0
3DFACE
8
S_UMGEBUNG_GELAENDE
10
-100.0000
20
70.0000
30
-0.4991
11
-95.0000
21
70.0000
31
-0.4962
12
-95.0000
22
75.0000
32
-0.4062
13
-100.0000
23
75.0000
33
-0.4091
0
3DFACE
8
S_UMGEBUNG_GELAENDE
10
-100.0000
20
75.0000
30
-0.4091
11
-95.0000
21
75.0000
31
-0.4062
12
-95.0000
22
80.0000
32
-0.3162
13
-100.0000
23
80.0000
33
-0.3191
0
3DFACE
8
S_UMGEBUNG_GELAENDE
10
-100.0000
20
80.0000
30
-0.3191
11
-95.0000
21
80.0000
31
-0.3162
12
-95.0000
22
85.0000
32
-0.2262
13
-100.0000
23
85.0000
33
-0.2291
0
3DFACE
8
S_UMGEBUNG_GELAENDE
10
-100.0000
20
85.0000
30
-0.2291
11
-95.0000
21
85.0000
31
-0.2262
12
-95.0000
22
90.0000
32
-0.1362
13
-100.0000
23
90.0000
33
-0.1391
0
3DFACE
8
S_UMGEBUNG_GELAENDE
10
-100.0000
20
90.0000
30
-0.1391
11
-95.0000
21
90.0000
31
-0.1362
12
-95.0000
22
95.0000
32
-0.0462
13
-100.0000
23
95.0000
33
-0.0491
0
3DFACE
8
S_UMGEBUNG_GELAENDE
10
-100.0000
20
95.0000
30
-0.0491
11
-95.0000
21
95.0000
31
-0.0462
12
-95.0000
22
100.0000
32
0.0438
13
-100.0000
23
100.0000
33
0.0409
0
3DFACE
8
S_UMGEBUNG_GELAENDE
10
-100.0000
20
100.0000
30
0.0409
11
-95.0000
21
100.0000
31
0.0438
12
-95.0000
22
105.0000
32
0.1338
13
-100.0000
23
105.0000
33
0.1309
0
3DFACE
8
S_UMGEBUNG_GELAENDE
10
-100.0000
20
105.0000
30
0.1309
11
-95.0000
21
105.0000
31
0.1338
12
-95.0000
22
110.0000
32
0.2238
13
-100.0000
23
110.0000
33
0.2209
0
3DFACE
8
S_UMGEBUNG_GELAENDE
10
-100.0000
20
110.0000
30
0.2209
11
-95.0000
21
110.0000
31
0.2238
12
-95.0000
22
115.0000
32
0.3138
13
-100.0000
23
115.0000
33
0.3109
0
3DFACE
8
S_UMGEBUNG_GELAENDE
10
-95.0000
20
-120.0000
30
-3.9162
11
-90.0000
21
-120.0000
31
-3.9068
12
-90.0000
22
-115.0000
32
-3.8168
13
-95.0000
23
-115.0000
33
-3.8262
0
3DFACE
8
S_UMGEBUNG_GELAENDE
10
-95.0000
20
-115.0000
30
-3.8262
11
-90.0000
21
-115.0000
31
-3.8168
12
-90.0000
22
-110.0000
32
-3.7268
13
-95.0000
23
-110.0000
33
-3.7362
0
3DFACE
8
S_UMGEBUNG_GELAENDE
10
-95.0000
20
-110.0000
30
-3.7362
11
-90.0000
21
-110.0000
31
-3.7268
12
-90.0000
22
-105.0000
32
-3.6368
13
-95.0000
23
-105.0000
33
-3.6462
0
3DFACE
8
S_UMGEBUNG_GELAENDE
10
-95.0000
20
-105.0000
30
-3.6462
11
-90.0000
21
-105.0000
31
-3.6368
12
-90.0000
22
-100.0000
32
-3.5468
13
-95.0000
23
-100.0000
33
-3.5562
0
3DFACE
8
S_UMGEBUNG_GELAENDE
10
-95.0000
20
-100.0000
30
-3.5562
11
-90.0000
21
-100.0000
31
-3.5468
12
-90.0000
22
-95.0000
32
-3.4568
13
-95.0000
23
-95.0000
33
-3.4662
0
3DFACE
8
S_UMGEBUNG_GELAENDE
10
-95.0000
20
-95.0000
30
-3.4662
11
-90.0000
21
-95.0000
31
-3.4568
12
-90.0000
22
-90.0000
32
-3.3668
13
-95.0000
23
-90.0000
33
-3.3762
0
3DFACE
8
S_UMGEBUNG_GELAENDE
10
-95.0000
20
-90.0000
30
-3.3762
11
-90.0000
21
-90.0000
31
-3.3668
12
-90.0000
22
-85.0000
32
-3.2768
13
-95.0000
23
-85.0000
33
-3.2862
0
3DFACE
8
S_UMGEBUNG_GELAENDE
10
-95.0000
20
-85.0000
30
-3.2862
11
-90.0000
21
-85.0000
31
-3.2768
12
-90.0000
22
-80.0000
32
-3.1868
13
-95.0000
23
-80.0000
33
-3.1962
0
3DFACE
8
S_UMGEBUNG_GELAENDE
10
-95.0000
20
-80.0000
30
-3.1962
11
-90.0000
21
-80.0000
31
-3.1868
12
-90.0000
22
-75.0000
32
-3.0968
13
-95.0000
23
-75.0000
33
-3.1062
0
3DFACE
8
S_UMGEBUNG_GELAENDE
10
-95.0000
20
-75.0000
30
-3.1062
11
-90.0000
21
-75.0000
31
-3.0968
12
-90.0000
22
-70.0000
32
-3.0068
13
-95.0000
23
-70.0000
33
-3.0162
0
3DFACE
8
S_UMGEBUNG_GELAENDE
10
-95.0000
20
-70.0000
30
-3.0162
11
-90.0000
21
-70.0000
31
-3.0068
12
-90.0000
22
-65.0000
32
-2.9168
13
-95.0000
23
-65.0000
33
-2.9262
0
3DFACE
8
S_UMGEBUNG_GELAENDE
10
-95.0000
20
-65.0000
30
-2.9262
11
-90.0000
21
-65.0000
31
-2.9168
12
-90.0000
22
-60.0000
32
-2.8268
13
-95.0000
23
-60.0000
33
-2.8362
0
3DFACE
8
S_UMGEBUNG_GELAENDE
10
-95.0000
20
-60.0000
30
-2.8362
11
-90.0000
21
-60.0000
31
-2.8268
12
-90.0000
22
-55.0000
32
-2.7368
13
-95.0000
23
-55.0000
33
-2.7462
0
3DFACE
8
S_UMGEBUNG_GELAENDE
10
-95.0000
20
-55.0000
30
-2.7462
11
-90.0000
21
-55.0000
31
-2.7368
12
-90.0000
22
-50.0000
32
-2.6468
13
-95.0000
23
-50.0000
33
-2.6562
0
3DFACE
8
S_UMGEBUNG_GELAENDE
10
-95.0000
20
-50.0000
30
-2.6562
11
-90.0000
21
-50.0000
31
-2.6468
12
-90.0000
22
-45.0000
32
-2.5568
13
-95.0000
23
-45.0000
33
-2.5662
0
3DFACE
8
S_UMGEBUNG_GELAENDE
10
-95.0000
20
-45.0000
30
-2.5662
11
-90.0000
21
-45.0000
31
-2.5568
12
-90.0000
22
-40.0000
32
-2.4668
13
-95.0000
23
-40.0000
33
-2.4762
0
3DFACE
8
S_UMGEBUNG_GELAENDE
10
-95.0000
20
-40.0000
30
-2.4762
11
-90.0000
21
-40.0000
31
-2.4668
12
-90.0000
22
-35.0000
32
-2.3768
13
-95.0000
23
-35.0000
33
-2.3862
0
3DFACE
8
S_UMGEBUNG_GELAENDE
10
-95.0000
20
-35.0000
30
-2.3862
11
-90.0000
21
-35.0000
31
-2.3768
12
-90.0000
22
-30.0000
32
-2.2868
13
-95.0000
23
-30.0000
33
-2.2962
0
3DFACE
8
S_UMGEBUNG_GELAENDE
10
-95.0000
20
-30.0000
30
-2.2962
11
-90.0000
21
-30.0000
31
-2.2868
12
-90.0000
22
-25.0000
32
-2.1968
13
-95.0000
23
-25.0000
33
-2.2062
0
3DFACE
8
S_UMGEBUNG_GELAENDE
10
-95.0000
20
-25.0000
30
-2.2062
11
-90.0000
21
-25.0000
31
-2.1968
12
-90.0000
22
-20.0000
32
-2.1068
13
-95.0000
23
-20.0000
33
-2.1162
0
3DFACE
8
S_UMGEBUNG_GELAENDE
10
-95.0000
20
-20.0000
30
-2.1162
11
-90.0000
21
-20.0000
31
-2.1068
12
-90.0000
22
-15.0000
32
-2.0168
13
-95.0000
23
-15.0000
33
-2.0262
0
3DFACE
8
S_UMGEBUNG_GELAENDE
10
-95.0000
20
-15.0000
30
-2.0262
11
-90.0000
21
-15.0000
31
-2.0168
12
-90.0000
22
-10.0000
32
-1.9268
13
-95.0000
23
-10.0000
33
-1.9362
0
3DFACE
8
S_UMGEBUNG_GELAENDE
10
-95.0000
20
-10.0000
30
-1.9362
11
-90.0000
21
-10.0000
31
-1.9268
12
-90.0000
22
-5.0000
32
-1.8368
13
-95.0000
23
-5.0000
33
-1.8462
0
3DFACE
8
S_UMGEBUNG_GELAENDE
10
-95.0000
20
-5.0000
30
-1.8462
11
-90.0000
21
-5.0000
31
-1.8368
12
-90.0000
22
0.0000
32
-1.7468
13
-95.0000
23
0.0000
33
-1.7562
0
3DFACE
8
S_UMGEBUNG_GELAENDE
10
-95.0000
20
0.0000
30
-1.7562
11
-90.0000
21
0.0000
31
-1.7468
12
-90.0000
22
5.0000
32
-1.6568
13
-95.0000
23
5.0000
33
-1.6662
0
3DFACE
8
S_UMGEBUNG_GELAENDE
10
-95.0000
20
5.0000
30
-1.6662
11
-90.0000
21
5.0000
31
-1.6568
12
-90.0000
22
10.0000
32
-1.5668
13
-95.0000
23
10.0000
33
-1.5762
0
3DFACE
8
S_UMGEBUNG_GELAENDE
10
-95.0000
20
10.0000
30
-1.5762
11
-90.0000
21
10.0000
31
-1.5668
12
-90.0000
22
15.0000
32
-1.4768
13
-95.0000
23
15.0000
33
-1.4862
0
3DFACE
8
S_UMGEBUNG_GELAENDE
10
-95.0000
20
15.0000
30
-1.4862
11
-90.0000
21
15.0000
31
-1.4768
12
-90.0000
22
20.0000
32
-1.3868
13
-95.0000
23
20.0000
33
-1.3962
0
3DFACE
8
S_UMGEBUNG_GELAENDE
10
-95.0000
20
20.0000
30
-1.3962
11
-90.0000
21
20.0000
31
-1.3868
12
-90.0000
22
25.0000
32
-1.2968
13
-95.0000
23
25.0000
33
-1.3062
0
3DFACE
8
S_UMGEBUNG_GELAENDE
10
-95.0000
20
25.0000
30
-1.3062
11
-90.0000
21
25.0000
31
-1.2968
12
-90.0000
22
30.0000
32
-1.2068
13
-95.0000
23
30.0000
33
-1.2162
0
3DFACE
8
S_UMGEBUNG_GELAENDE
10
-95.0000
20
30.0000
30
-1.2162
11
-90.0000
21
30.0000
31
-1.2068
12
-90.0000
22
35.0000
32
-1.1168
13
-95.0000
23
35.0000
33
-1.1262
0
3DFACE
8
S_UMGEBUNG_GELAENDE
10
-95.0000
20
35.0000
30
-1.1262
11
-90.0000
21
35.0000
31
-1.1168
12
-90.0000
22
40.0000
32
-1.0268
13
-95.0000
23
40.0000
33
-1.0362
0
3DFACE
8
S_UMGEBUNG_GELAENDE
10
-95.0000
20
40.0000
30
-1.0362
11
-90.0000
21
40.0000
31
-1.0268
12
-90.0000
22
45.0000
32
-0.9368
13
-95.0000
23
45.0000
33
-0.9462
0
3DFACE
8
S_UMGEBUNG_GELAENDE
10
-95.0000
20
45.0000
30
-0.9462
11
-90.0000
21
45.0000
31
-0.9368
12
-90.0000
22
50.0000
32
-0.8468
13
-95.0000
23
50.0000
33
-0.8562
0
3DFACE
8
S_UMGEBUNG_GELAENDE
10
-95.0000
20
50.0000
30
-0.8562
11
-90.0000
21
50.0000
31
-0.8468
12
-90.0000
22
55.0000
32
-0.7568
13
-95.0000
23
55.0000
33
-0.7662
0
3DFACE
8
S_UMGEBUNG_GELAENDE
10
-95.0000
20
55.0000
30
-0.7662
11
-90.0000
21
55.0000
31
-0.7568
12
-90.0000
22
60.0000
32
-0.6668
13
-95.0000
23
60.0000
33
-0.6762
0
3DFACE
8
S_UMGEBUNG_GELAENDE
10
-95.0000
20
60.0000
30
-0.6762
11
-90.0000
21
60.0000
31
-0.6668
12
-90.0000
22
65.0000
32
-0.5768
13
-95.0000
23
65.0000
33
-0.5862
0
3DFACE
8
S_UMGEBUNG_GELAENDE
10
-95.0000
20
65.0000
30
-0.5862
11
-90.0000
21
65.0000
31
-0.5768
12
-90.0000
22
70.0000
32
-0.4868
13
-95.0000
23
70.0000
33
-0.4962
0
3DFACE
8
S_UMGEBUNG_GELAENDE
10
-95.0000
20
70.0000
30
-0.4962
11
-90.0000
21
70.0000
31
-0.4868
12
-90.0000
22
75.0000
32
-0.3968
13
-95.0000
23
75.0000
33
-0.4062
0
3DFACE
8
S_UMGEBUNG_GELAENDE
10
-95.0000
20
75.0000
30
-0.4062
11
-90.0000
21
75.0000
31
-0.3968
12
-90.0000
22
80.0000
32
-0.3068
13
-95.0000
23
80.0000
33
-0.3162
0
3DFACE
8
S_UMGEBUNG_GELAENDE
10
-95.0000
20
80.0000
30
-0.3162
11
-90.0000
21
80.0000
31
-0.3068
12
-90.0000
22
85.0000
32
-0.2168
13
-95.0000
23
85.0000
33
-0.2262
0
3DFACE
8
S_UMGEBUNG_GELAENDE
10
-95.0000
20
85.0000
30
-0.2262
11
-90.0000
21
85.0000
31
-0.2168
12
-90.0000
22
90.0000
32
-0.1268
13
-95.0000
23
90.0000
33
-0.1362
0
3DFACE
8
S_UMGEBUNG_GELAENDE
10
-95.0000
20
90.0000
30
-0.1362
11
-90.0000
21
90.0000
31
-0.1268
12
-90.0000
22
95.0000
32
-0.0368
13
-95.0000
23
95.0000
33
-0.0462
0
3DFACE
8
S_UMGEBUNG_GELAENDE
10
-95.0000
20
95.0000
30
-0.0462
11
-90.0000
21
95.0000
31
-0.0368
12
-90.0000
22
100.0000
32
0.0532
13
-95.0000
23
100.0000
33
0.0438
0
3DFACE
8
S_UMGEBUNG_GELAENDE
10
-95.0000
20
100.0000
30
0.0438
11
-90.0000
21
100.0000
31
0.0532
12
-90.0000
22
105.0000
32
0.1432
13
-95.0000
23
105.0000
33
0.1338
0
3DFACE
8
S_UMGEBUNG_GELAENDE
10
-95.0000
20
105.0000
30
0.1338
11
-90.0000
21
105.0000
31
0.1432
12
-90.0000
22
110.0000
32
0.2332
13
-95.0000
23
110.0000
33
0.2238
0
3DFACE
8
S_UMGEBUNG_GELAENDE
10
-95.0000
20
110.0000
30
0.2238
11
-90.0000
21
110.0000
31
0.2332
12
-90.0000
22
115.0000
32
0.3232
13
-95.0000
23
115.0000
33
0.3138
0
3DFACE
8
S_UMGEBUNG_GELAENDE
10
-95.0000
20
115.0000
30
0.3138
11
-90.0000
21
115.0000
31
0.3232
12
-90.0000
22
120.0000
32
0.4132
13
-95.0000
23
120.0000
33
0.4038
0
3DFACE
8
S_UMGEBUNG_GELAENDE
10
-90.0000
20
-120.0000
30
-3.9068
11
-85.0000
21
-120.0000
31
-3.8902
12
-85.0000
22
-115.0000
32
-3.8002
13
-90.0000
23
-115.0000
33
-3.8168
0
3DFACE
8
S_UMGEBUNG_GELAENDE
10
-90.0000
20
-115.0000
30
-3.8168
11
-85.0000
21
-115.0000
31
-3.8002
12
-85.0000
22
-110.0000
32
-3.7102
13
-90.0000
23
-110.0000
33
-3.7268
0
3DFACE
8
S_UMGEBUNG_GELAENDE
10
-90.0000
20
-110.0000
30
-3.7268
11
-85.0000
21
-110.0000
31
-3.7102
12
-85.0000
22
-105.0000
32
-3.6202
13
-90.0000
23
-105.0000
33
-3.6368
0
3DFACE
8
S_UMGEBUNG_GELAENDE
10
-90.0000
20
-105.0000
30
-3.6368
11
-85.0000
21
-105.0000
31
-3.6202
12
-85.0000
22
-100.0000
32
-3.5302
13
-90.0000
23
-100.0000
33
-3.5468
0
3DFACE
8
S_UMGEBUNG_GELAENDE
10
-90.0000
20
-100.0000
30
-3.5468
11
-85.0000
21
-100.0000
31
-3.5302
12
-85.0000
22
-95.0000
32
-3.4402
13
-90.0000
23
-95.0000
33
-3.4568
0
3DFACE
8
S_UMGEBUNG_GELAENDE
10
-90.0000
20
-95.0000
30
-3.4568
11
-85.0000
21
-95.0000
31
-3.4402
12
-85.0000
22
-90.0000
32
-3.3502
13
-90.0000
23
-90.0000
33
-3.3668
0
3DFACE
8
S_UMGEBUNG_GELAENDE
10
-90.0000
20
-90.0000
30
-3.3668
11
-85.0000
21
-90.0000
31
-3.3502
12
-85.0000
22
-85.0000
32
-3.2602
13
-90.0000
23
-85.0000
33
-3.2768
0
3DFACE
8
S_UMGEBUNG_GELAENDE
10
-90.0000
20
-85.0000
30
-3.2768
11
-85.0000
21
-85.0000
31
-3.2602
12
-85.0000
22
-80.0000
32
-3.1702
13
-90.0000
23
-80.0000
33
-3.1868
0
3DFACE
8
S_UMGEBUNG_GELAENDE
10
-90.0000
20
-80.0000
30
-3.1868
11
-85.0000
21
-80.0000
31
-3.1702
12
-85.0000
22
-75.0000
32
-3.0802
13
-90.0000
23
-75.0000
33
-3.0968
0
3DFACE
8
S_UMGEBUNG_GELAENDE
10
-90.0000
20
-75.0000
30
-3.0968
11
-85.0000
21
-75.0000
31
-3.0802
12
-85.0000
22
-70.0000
32
-2.9902
13
-90.0000
23
-70.0000
33
-3.0068
0
3DFACE
8
S_UMGEBUNG_GELAENDE
10
-90.0000
20
-70.0000
30
-3.0068
11
-85.0000
21
-70.0000
31
-2.9902
12
-85.0000
22
-65.0000
32
-2.9002
13
-90.0000
23
-65.0000
33
-2.9168
0
3DFACE
8
S_UMGEBUNG_GELAENDE
10
-90.0000
20
-65.0000
30
-2.9168
11
-85.0000
21
-65.0000
31
-2.9002
12
-85.0000
22
-60.0000
32
-2.8102
13
-90.0000
23
-60.0000
33
-2.8268
0
3DFACE
8
S_UMGEBUNG_GELAENDE
10
-90.0000
20
-60.0000
30
-2.8268
11
-85.0000
21
-60.0000
31
-2.8102
12
-85.0000
22
-55.0000
32
-2.7202
13
-90.0000
23
-55.0000
33
-2.7368
0
3DFACE
8
S_UMGEBUNG_GELAENDE
10
-90.0000
20
-55.0000
30
-2.7368
11
-85.0000
21
-55.0000
31
-2.7202
12
-85.0000
22
-50.0000
32
-2.6302
13
-90.0000
23
-50.0000
33
-2.6468
0
3DFACE
8
S_UMGEBUNG_GELAENDE
10
-90.0000
20
-50.0000
30
-2.6468
11
-85.0000
21
-50.0000
31
-2.6302
12
-85.0000
22
-45.0000
32
-2.5402
13
-90.0000
23
-45.0000
33
-2.5568
0
3DFACE
8
S_UMGEBUNG_GELAENDE
10
-90.0000
20
-45.0000
30
-2.5568
11
-85.0000
21
-45.0000
31
-2.5402
12
-85.0000
22
-40.0000
32
-2.4502
13
-90.0000
23
-40.0000
33
-2.4668
0
3DFACE
8
S_UMGEBUNG_GELAENDE
10
-90.0000
20
-40.0000
30
-2.4668
11
-85.0000
21
-40.0000
31
-2.4502
12
-85.0000
22
-35.0000
32
-2.3602
13
-90.0000
23
-35.0000
33
-2.3768
0
3DFACE
8
S_UMGEBUNG_GELAENDE
10
-90.0000
20
-35.0000
30
-2.3768
11
-85.0000
21
-35.0000
31
-2.3602
12
-85.0000
22
-30.0000
32
-2.2702
13
-90.0000
23
-30.0000
33
-2.2868
0
3DFACE
8
S_UMGEBUNG_GELAENDE
10
-90.0000
20
-30.0000
30
-2.2868
11
-85.0000
21
-30.0000
31
-2.2702
12
-85.0000
22
-25.0000
32
-2.1802
13
-90.0000
23
-25.0000
33
-2.1968
0
3DFACE
8
S_UMGEBUNG_GELAENDE
10
-90.0000
20
-25.0000
30
-2.1968
11
-85.0000
21
-25.0000
31
-2.1802
12
-85.0000
22
-20.0000
32
-2.0902
13
-90.0000
23
-20.0000
33
-2.1068
0
3DFACE
8
S_UMGEBUNG_GELAENDE
10
-90.0000
20
-20.0000
30
-2.1068
11
-85.0000
21
-20.0000
31
-2.0902
12
-85.0000
22
-15.0000
32
-2.0002
13
-90.0000
23
-15.0000
33
-2.0168
0
3DFACE
8
S_UMGEBUNG_GELAENDE
10
-90.0000
20
-15.0000
30
-2.0168
11
-85.0000
21
-15.0000
31
-2.0002
12
-85.0000
22
-10.0000
32
-1.9102
13
-90.0000
23
-10.0000
33
-1.9268
0
3DFACE
8
S_UMGEBUNG_GELAENDE
10
-90.0000
20
-10.0000
30
-1.9268
11
-85.0000
21
-10.0000
31
-1.9102
12
-85.0000
22
-5.0000
32
-1.8202
13
-90.0000
23
-5.0000
33
-1.8368
0
3DFACE
8
S_UMGEBUNG_GELAENDE
10
-90.0000
20
-5.0000
30
-1.8368
11
-85.0000
21
-5.0000
31
-1.8202
12
-85.0000
22
0.0000
32
-1.7302
13
-90.0000
23
0.0000
33
-1.7468
0
3DFACE
8
S_UMGEBUNG_GELAENDE
10
-90.0000
20
0.0000
30
-1.7468
11
-85.0000
21
0.0000
31
-1.7302
12
-85.0000
22
5.0000
32
-1.6402
13
-90.0000
23
5.0000
33
-1.6568
0
3DFACE
8
S_UMGEBUNG_GELAENDE
10
-90.0000
20
5.0000
30
-1.6568
11
-85.0000
21
5.0000
31
-1.6402
12
-85.0000
22
10.0000
32
-1.5502
13
-90.0000
23
10.0000
33
-1.5668
0
3DFACE
8
S_UMGEBUNG_GELAENDE
10
-90.0000
20
10.0000
30
-1.5668
11
-85.0000
21
10.0000
31
-1.5502
12
-85.0000
22
15.0000
32
-1.4602
13
-90.0000
23
15.0000
33
-1.4768
0
3DFACE
8
S_UMGEBUNG_GELAENDE
10
-90.0000
20
15.0000
30
-1.4768
11
-85.0000
21
15.0000
31
-1.4602
12
-85.0000
22
20.0000
32
-1.3702
13
-90.0000
23
20.0000
33
-1.3868
0
3DFACE
8
S_UMGEBUNG_GELAENDE
10
-90.0000
20
20.0000
30
-1.3868
11
-85.0000
21
20.0000
31
-1.3702
12
-85.0000
22
25.0000
32
-1.2802
13
-90.0000
23
25.0000
33
-1.2968
0
3DFACE
8
S_UMGEBUNG_GELAENDE
10
-90.0000
20
25.0000
30
-1.2968
11
-85.0000
21
25.0000
31
-1.2802
12
-85.0000
22
30.0000
32
-1.1902
13
-90.0000
23
30.0000
33
-1.2068
0
3DFACE
8
S_UMGEBUNG_GELAENDE
10
-90.0000
20
30.0000
30
-1.2068
11
-85.0000
21
30.0000
31
-1.1902
12
-85.0000
22
35.0000
32
-1.1002
13
-90.0000
23
35.0000
33
-1.1168
0
3DFACE
8
S_UMGEBUNG_GELAENDE
10
-90.0000
20
35.0000
30
-1.1168
11
-85.0000
21
35.0000
31
-1.1002
12
-85.0000
22
40.0000
32
-1.0102
13
-90.0000
23
40.0000
33
-1.0268
0
3DFACE
8
S_UMGEBUNG_GELAENDE
10
-90.0000
20
40.0000
30
-1.0268
11
-85.0000
21
40.0000
31
-1.0102
12
-85.0000
22
45.0000
32
-0.9202
13
-90.0000
23
45.0000
33
-0.9368
0
3DFACE
8
S_UMGEBUNG_GELAENDE
10
-90.0000
20
45.0000
30
-0.9368
11
-85.0000
21
45.0000
31
-0.9202
12
-85.0000
22
50.0000
32
-0.8302
13
-90.0000
23
50.0000
33
-0.8468
0
3DFACE
8
S_UMGEBUNG_GELAENDE
10
-90.0000
20
50.0000
30
-0.8468
11
-85.0000
21
50.0000
31
-0.8302
12
-85.0000
22
55.0000
32
-0.7402
13
-90.0000
23
55.0000
33
-0.7568
0
3DFACE
8
S_UMGEBUNG_GELAENDE
10
-90.0000
20
55.0000
30
-0.7568
11
-85.0000
21
55.0000
31
-0.7402
12
-85.0000
22
60.0000
32
-0.6502
13
-90.0000
23
60.0000
33
-0.6668
0
3DFACE
8
S_UMGEBUNG_GELAENDE
10
-90.0000
20
60.0000
30
-0.6668
11
-85.0000
21
60.0000
31
-0.6502
12
-85.0000
22
65.0000
32
-0.5602
13
-90.0000
23
65.0000
33
-0.5768
0
3DFACE
8
S_UMGEBUNG_GELAENDE
10
-90.0000
20
65.0000
30
-0.5768
11
-85.0000
21
65.0000
31
-0.5602
12
-85.0000
22
70.0000
32
-0.4702
13
-90.0000
23
70.0000
33
-0.4868
0
3DFACE
8
S_UMGEBUNG_GELAENDE
10
-90.0000
20
70.0000
30
-0.4868
11
-85.0000
21
70.0000
31
-0.4702
12
-85.0000
22
75.0000
32
-0.3802
13
-90.0000
23
75.0000
33
-0.3968
0
3DFACE
8
S_UMGEBUNG_GELAENDE
10
-90.0000
20
75.0000
30
-0.3968
11
-85.0000
21
75.0000
31
-0.3802
12
-85.0000
22
80.0000
32
-0.2902
13
-90.0000
23
80.0000
33
-0.3068
0
3DFACE
8
S_UMGEBUNG_GELAENDE
10
-90.0000
20
80.0000
30
-0.3068
11
-85.0000
21
80.0000
31
-0.2902
12
-85.0000
22
85.0000
32
-0.2002
13
-90.0000
23
85.0000
33
-0.2168
0
3DFACE
8
S_UMGEBUNG_GELAENDE
10
-90.0000
20
85.0000
30
-0.2168
11
-85.0000
21
85.0000
31
-0.2002
12
-85.0000
22
90.0000
32
-0.1102
13
-90.0000
23
90.0000
33
-0.1268
0
3DFACE
8
S_UMGEBUNG_GELAENDE
10
-90.0000
20
90.0000
30
-0.1268
11
-85.0000
21
90.0000
31
-0.1102
12
-85.0000
22
95.0000
32
-0.0202
13
-90.0000
23
95.0000
33
-0.0368
0
3DFACE
8
S_UMGEBUNG_GELAENDE
10
-90.0000
20
95.0000
30
-0.0368
11
-85.0000
21
95.0000
31
-0.0202
12
-85.0000
22
100.0000
32
0.0698
13
-90.0000
23
100.0000
33
0.0532
0
3DFACE
8
S_UMGEBUNG_GELAENDE
10
-90.0000
20
100.0000
30
0.0532
11
-85.0000
21
100.0000
31
0.0698
12
-85.0000
22
105.0000
32
0.1598
13
-90.0000
23
105.0000
33
0.1432
0
3DFACE
8
S_UMGEBUNG_GELAENDE
10
-90.0000
20
105.0000
30
0.1432
11
-85.0000
21
105.0000
31
0.1598
12
-85.0000
22
110.0000
32
0.2498
13
-90.0000
23
110.0000
33
0.2332
0
3DFACE
8
S_UMGEBUNG_GELAENDE
10
-90.0000
20
110.0000
30
0.2332
11
-85.0000
21
110.0000
31
0.2498
12
-85.0000
22
115.0000
32
0.3398
13
-90.0000
23
115.0000
33
0.3232
0
3DFACE
8
S_UMGEBUNG_GELAENDE
10
-90.0000
20
115.0000
30
0.3232
11
-85.0000
21
115.0000
31
0.3398
12
-85.0000
22
120.0000
32
0.4298
13
-90.0000
23
120.0000
33
0.4132
0
3DFACE
8
S_UMGEBUNG_GELAENDE
10
-85.0000
20
-125.0000
30
-3.9802
11
-80.0000
21
-125.0000
31
-3.9556
12
-80.0000
22
-120.0000
32
-3.8656
13
-85.0000
23
-120.0000
33
-3.8902
0
3DFACE
8
S_UMGEBUNG_GELAENDE
10
-85.0000
20
-120.0000
30
-3.8902
11
-80.0000
21
-120.0000
31
-3.8656
12
-80.0000
22
-115.0000
32
-3.7756
13
-85.0000
23
-115.0000
33
-3.8002
0
3DFACE
8
S_UMGEBUNG_GELAENDE
10
-85.0000
20
-115.0000
30
-3.8002
11
-80.0000
21
-115.0000
31
-3.7756
12
-80.0000
22
-110.0000
32
-3.6856
13
-85.0000
23
-110.0000
33
-3.7102
0
3DFACE
8
S_UMGEBUNG_GELAENDE
10
-85.0000
20
-110.0000
30
-3.7102
11
-80.0000
21
-110.0000
31
-3.6856
12
-80.0000
22
-105.0000
32
-3.5956
13
-85.0000
23
-105.0000
33
-3.6202
0
3DFACE
8
S_UMGEBUNG_GELAENDE
10
-85.0000
20
-105.0000
30
-3.6202
11
-80.0000
21
-105.0000
31
-3.5956
12
-80.0000
22
-100.0000
32
-3.5056
13
-85.0000
23
-100.0000
33
-3.5302
0
3DFACE
8
S_UMGEBUNG_GELAENDE
10
-85.0000
20
-100.0000
30
-3.5302
11
-80.0000
21
-100.0000
31
-3.5056
12
-80.0000
22
-95.0000
32
-3.4156
13
-85.0000
23
-95.0000
33
-3.4402
0
3DFACE
8
S_UMGEBUNG_GELAENDE
10
-85.0000
20
-95.0000
30
-3.4402
11
-80.0000
21
-95.0000
31
-3.4156
12
-80.0000
22
-90.0000
32
-3.3256
13
-85.0000
23
-90.0000
33
-3.3502
0
3DFACE
8
S_UMGEBUNG_GELAENDE
10
-85.0000
20
-90.0000
30
-3.3502
11
-80.0000
21
-90.0000
31
-3.3256
12
-80.0000
22
-85.0000
32
-3.2356
13
-85.0000
23
-85.0000
33
-3.2602
0
3DFACE
8
S_UMGEBUNG_GELAENDE
10
-85.0000
20
-85.0000
30
-3.2602
11
-80.0000
21
-85.0000
31
-3.2356
12
-80.0000
22
-80.0000
32
-3.1456
13
-85.0000
23
-80.0000
33
-3.1702
0
3DFACE
8
S_UMGEBUNG_GELAENDE
10
-85.0000
20
-80.0000
30
-3.1702
11
-80.0000
21
-80.0000
31
-3.1456
12
-80.0000
22
-75.0000
32
-3.0556
13
-85.0000
23
-75.0000
33
-3.0802
0
3DFACE
8
S_UMGEBUNG_GELAENDE
10
-85.0000
20
-75.0000
30
-3.0802
11
-80.0000
21
-75.0000
31
-3.0556
12
-80.0000
22
-70.0000
32
-2.9656
13
-85.0000
23
-70.0000
33
-2.9902
0
3DFACE
8
S_UMGEBUNG_GELAENDE
10
-85.0000
20
-70.0000
30
-2.9902
11
-80.0000
21
-70.0000
31
-2.9656
12
-80.0000
22
-65.0000
32
-2.8756
13
-85.0000
23
-65.0000
33
-2.9002
0
3DFACE
8
S_UMGEBUNG_GELAENDE
10
-85.0000
20
-65.0000
30
-2.9002
11
-80.0000
21
-65.0000
31
-2.8756
12
-80.0000
22
-60.0000
32
-2.7856
13
-85.0000
23
-60.0000
33
-2.8102
0
3DFACE
8
S_UMGEBUNG_GELAENDE
10
-85.0000
20
-60.0000
30
-2.8102
11
-80.0000
21
-60.0000
31
-2.7856
12
-80.0000
22
-55.0000
32
-2.6956
13
-85.0000
23
-55.0000
33
-2.7202
0
3DFACE
8
S_UMGEBUNG_GELAENDE
10
-85.0000
20
-55.0000
30
-2.7202
11
-80.0000
21
-55.0000
31
-2.6956
12
-80.0000
22
-50.0000
32
-2.6056
13
-85.0000
23
-50.0000
33
-2.6302
0
3DFACE
8
S_UMGEBUNG_GELAENDE
10
-85.0000
20
-50.0000
30
-2.6302
11
-80.0000
21
-50.0000
31
-2.6056
12
-80.0000
22
-45.0000
32
-2.5156
13
-85.0000
23
-45.0000
33
-2.5402
0
3DFACE
8
S_UMGEBUNG_GELAENDE
10
-85.0000
20
-45.0000
30
-2.5402
11
-80.0000
21
-45.0000
31
-2.5156
12
-80.0000
22
-40.0000
32
-2.4256
13
-85.0000
23
-40.0000
33
-2.4502
0
3DFACE
8
S_UMGEBUNG_GELAENDE
10
-85.0000
20
-40.0000
30
-2.4502
11
-80.0000
21
-40.0000
31
-2.4256
12
-80.0000
22
-35.0000
32
-2.3356
13
-85.0000
23
-35.0000
33
-2.3602
0
3DFACE
8
S_UMGEBUNG_GELAENDE
10
-85.0000
20
-35.0000
30
-2.3602
11
-80.0000
21
-35.0000
31
-2.3356
12
-80.0000
22
-30.0000
32
-2.2456
13
-85.0000
23
-30.0000
33
-2.2702
0
3DFACE
8
S_UMGEBUNG_GELAENDE
10
-85.0000
20
-30.0000
30
-2.2702
11
-80.0000
21
-30.0000
31
-2.2456
12
-80.0000
22
-25.0000
32
-2.1556
13
-85.0000
23
-25.0000
33
-2.1802
0
3DFACE
8
S_UMGEBUNG_GELAENDE
10
-85.0000
20
-25.0000
30
-2.1802
11
-80.0000
21
-25.0000
31
-2.1556
12
-80.0000
22
-20.0000
32
-2.0656
13
-85.0000
23
-20.0000
33
-2.0902
0
3DFACE
8
S_UMGEBUNG_GELAENDE
10
-85.0000
20
-20.0000
30
-2.0902
11
-80.0000
21
-20.0000
31
-2.0656
12
-80.0000
22
-15.0000
32
-1.9756
13
-85.0000
23
-15.0000
33
-2.0002
0
3DFACE
8
S_UMGEBUNG_GELAENDE
10
-85.0000
20
-15.0000
30
-2.0002
11
-80.0000
21
-15.0000
31
-1.9756
12
-80.0000
22
-10.0000
32
-1.8856
13
-85.0000
23
-10.0000
33
-1.9102
0
3DFACE
8
S_UMGEBUNG_GELAENDE
10
-85.0000
20
-10.0000
30
-1.9102
11
-80.0000
21
-10.0000
31
-1.8856
12
-80.0000
22
-5.0000
32
-1.7956
13
-85.0000
23
-5.0000
33
-1.8202
0
3DFACE
8
S_UMGEBUNG_GELAENDE
10
-85.0000
20
-5.0000
30
-1.8202
11
-80.0000
21
-5.0000
31
-1.7956
12
-80.0000
22
0.0000
32
-1.7056
13
-85.0000
23
0.0000
33
-1.7302
0
3DFACE
8
S_UMGEBUNG_GELAENDE
10
-85.0000
20
0.0000
30
-1.7302
11
-80.0000
21
0.0000
31
-1.7056
12
-80.0000
22
5.0000
32
-1.6156
13
-85.0000
23
5.0000
33
-1.6402
0
3DFACE
8
S_UMGEBUNG_GELAENDE
10
-85.0000
20
5.0000
30
-1.6402
11
-80.0000
21
5.0000
31
-1.6156
12
-80.0000
22
10.0000
32
-1.5256
13
-85.0000
23
10.0000
33
-1.5502
0
3DFACE
8
S_UMGEBUNG_GELAENDE
10
-85.0000
20
10.0000
30
-1.5502
11
-80.0000
21
10.0000
31
-1.5256
12
-80.0000
22
15.0000
32
-1.4356
13
-85.0000
23
15.0000
33
-1.4602
0
3DFACE
8
S_UMGEBUNG_GELAENDE
10
-85.0000
20
15.0000
30
-1.4602
11
-80.0000
21
15.0000
31
-1.4356
12
-80.0000
22
20.0000
32
-1.3456
13
-85.0000
23
20.0000
33
-1.3702
0
3DFACE
8
S_UMGEBUNG_GELAENDE
10
-85.0000
20
20.0000
30
-1.3702
11
-80.0000
21
20.0000
31
-1.3456
12
-80.0000
22
25.0000
32
-1.2556
13
-85.0000
23
25.0000
33
-1.2802
0
3DFACE
8
S_UMGEBUNG_GELAENDE
10
-85.0000
20
25.0000
30
-1.2802
11
-80.0000
21
25.0000
31
-1.2556
12
-80.0000
22
30.0000
32
-1.1656
13
-85.0000
23
30.0000
33
-1.1902
0
3DFACE
8
S_UMGEBUNG_GELAENDE
10
-85.0000
20
30.0000
30
-1.1902
11
-80.0000
21
30.0000
31
-1.1656
12
-80.0000
22
35.0000
32
-1.0756
13
-85.0000
23
35.0000
33
-1.1002
0
3DFACE
8
S_UMGEBUNG_GELAENDE
10
-85.0000
20
35.0000
30
-1.1002
11
-80.0000
21
35.0000
31
-1.0756
12
-80.0000
22
40.0000
32
-0.9856
13
-85.0000
23
40.0000
33
-1.0102
0
3DFACE
8
S_UMGEBUNG_GELAENDE
10
-85.0000
20
40.0000
30
-1.0102
11
-80.0000
21
40.0000
31
-0.9856
12
-80.0000
22
45.0000
32
-0.8956
13
-85.0000
23
45.0000
33
-0.9202
0
3DFACE
8
S_UMGEBUNG_GELAENDE
10
-85.0000
20
45.0000
30
-0.9202
11
-80.0000
21
45.0000
31
-0.8956
12
-80.0000
22
50.0000
32
-0.8056
13
-85.0000
23
50.0000
33
-0.8302
0
3DFACE
8
S_UMGEBUNG_GELAENDE
10
-85.0000
20
50.0000
30
-0.8302
11
-80.0000
21
50.0000
31
-0.8056
12
-80.0000
22
55.0000
32
-0.7156
13
-85.0000
23
55.0000
33
-0.7402
0
3DFACE
8
S_UMGEBUNG_GELAENDE
10
-85.0000
20
55.0000
30
-0.7402
11
-80.0000
21
55.0000
31
-0.7156
12
-80.0000
22
60.0000
32
-0.6256
13
-85.0000
23
60.0000
33
-0.6502
0
3DFACE
8
S_UMGEBUNG_GELAENDE
10
-85.0000
20
60.0000
30
-0.6502
11
-80.0000
21
60.0000
31
-0.6256
12
-80.0000
22
65.0000
32
-0.5356
13
-85.0000
23
65.0000
33
-0.5602
0
3DFACE
8
S_UMGEBUNG_GELAENDE
10
-85.0000
20
65.0000
30
-0.5602
11
-80.0000
21
65.0000
31
-0.5356
12
-80.0000
22
70.0000
32
-0.4456
13
-85.0000
23
70.0000
33
-0.4702
0
3DFACE
8
S_UMGEBUNG_GELAENDE
10
-85.0000
20
70.0000
30
-0.4702
11
-80.0000
21
70.0000
31
-0.4456
12
-80.0000
22
75.0000
32
-0.3556
13
-85.0000
23
75.0000
33
-0.3802
0
3DFACE
8
S_UMGEBUNG_GELAENDE
10
-85.0000
20
75.0000
30
-0.3802
11
-80.0000
21
75.0000
31
-0.3556
12
-80.0000
22
80.0000
32
-0.2656
13
-85.0000
23
80.0000
33
-0.2902
0
3DFACE
8
S_UMGEBUNG_GELAENDE
10
-85.0000
20
80.0000
30
-0.2902
11
-80.0000
21
80.0000
31
-0.2656
12
-80.0000
22
85.0000
32
-0.1756
13
-85.0000
23
85.0000
33
-0.2002
0
3DFACE
8
S_UMGEBUNG_GELAENDE
10
-85.0000
20
85.0000
30
-0.2002
11
-80.0000
21
85.0000
31
-0.1756
12
-80.0000
22
90.0000
32
-0.0856
13
-85.0000
23
90.0000
33
-0.1102
0
3DFACE
8
S_UMGEBUNG_GELAENDE
10
-85.0000
20
90.0000
30
-0.1102
11
-80.0000
21
90.0000
31
-0.0856
12
-80.0000
22
95.0000
32
0.0044
13
-85.0000
23
95.0000
33
-0.0202
0
3DFACE
8
S_UMGEBUNG_GELAENDE
10
-85.0000
20
95.0000
30
-0.0202
11
-80.0000
21
95.0000
31
0.0044
12
-80.0000
22
100.0000
32
0.0944
13
-85.0000
23
100.0000
33
0.0698
0
3DFACE
8
S_UMGEBUNG_GELAENDE
10
-85.0000
20
100.0000
30
0.0698
11
-80.0000
21
100.0000
31
0.0944
12
-80.0000
22
105.0000
32
0.1844
13
-85.0000
23
105.0000
33
0.1598
0
3DFACE
8
S_UMGEBUNG_GELAENDE
10
-85.0000
20
105.0000
30
0.1598
11
-80.0000
21
105.0000
31
0.1844
12
-80.0000
22
110.0000
32
0.2744
13
-85.0000
23
110.0000
33
0.2498
0
3DFACE
8
S_UMGEBUNG_GELAENDE
10
-85.0000
20
110.0000
30
0.2498
11
-80.0000
21
110.0000
31
0.2744
12
-80.0000
22
115.0000
32
0.3644
13
-85.0000
23
115.0000
33
0.3398
0
3DFACE
8
S_UMGEBUNG_GELAENDE
10
-85.0000
20
115.0000
30
0.3398
11
-80.0000
21
115.0000
31
0.3644
12
-80.0000
22
120.0000
32
0.4544
13
-85.0000
23
120.0000
33
0.4298
0
3DFACE
8
S_UMGEBUNG_GELAENDE
10
-85.0000
20
120.0000
30
0.4298
11
-80.0000
21
120.0000
31
0.4544
12
-80.0000
22
125.0000
32
0.5444
13
-85.0000
23
125.0000
33
0.5198
0
3DFACE
8
S_UMGEBUNG_GELAENDE
10
-80.0000
20
-130.0000
30
-4.0456
11
-75.0000
21
-130.0000
31
-4.0125
12
-75.0000
22
-125.0000
32
-3.9225
13
-80.0000
23
-125.0000
33
-3.9556
0
3DFACE
8
S_UMGEBUNG_GELAENDE
10
-80.0000
20
-125.0000
30
-3.9556
11
-75.0000
21
-125.0000
31
-3.9225
12
-75.0000
22
-120.0000
32
-3.8325
13
-80.0000
23
-120.0000
33
-3.8656
0
3DFACE
8
S_UMGEBUNG_GELAENDE
10
-80.0000
20
-120.0000
30
-3.8656
11
-75.0000
21
-120.0000
31
-3.8325
12
-75.0000
22
-115.0000
32
-3.7425
13
-80.0000
23
-115.0000
33
-3.7756
0
3DFACE
8
S_UMGEBUNG_GELAENDE
10
-80.0000
20
-115.0000
30
-3.7756
11
-75.0000
21
-115.0000
31
-3.7425
12
-75.0000
22
-110.0000
32
-3.6525
13
-80.0000
23
-110.0000
33
-3.6856
0
3DFACE
8
S_UMGEBUNG_GELAENDE
10
-80.0000
20
-110.0000
30
-3.6856
11
-75.0000
21
-110.0000
31
-3.6525
12
-75.0000
22
-105.0000
32
-3.5625
13
-80.0000
23
-105.0000
33
-3.5956
0
3DFACE
8
S_UMGEBUNG_GELAENDE
10
-80.0000
20
-105.0000
30
-3.5956
11
-75.0000
21
-105.0000
31
-3.5625
12
-75.0000
22
-100.0000
32
-3.4725
13
-80.0000
23
-100.0000
33
-3.5056
0
3DFACE
8
S_UMGEBUNG_GELAENDE
10
-80.0000
20
-100.0000
30
-3.5056
11
-75.0000
21
-100.0000
31
-3.4725
12
-75.0000
22
-95.0000
32
-3.3825
13
-80.0000
23
-95.0000
33
-3.4156
0
3DFACE
8
S_UMGEBUNG_GELAENDE
10
-80.0000
20
-95.0000
30
-3.4156
11
-75.0000
21
-95.0000
31
-3.3825
12
-75.0000
22
-90.0000
32
-3.2925
13
-80.0000
23
-90.0000
33
-3.3256
0
3DFACE
8
S_UMGEBUNG_GELAENDE
10
-80.0000
20
-90.0000
30
-3.3256
11
-75.0000
21
-90.0000
31
-3.2925
12
-75.0000
22
-85.0000
32
-3.2025
13
-80.0000
23
-85.0000
33
-3.2356
0
3DFACE
8
S_UMGEBUNG_GELAENDE
10
-80.0000
20
-85.0000
30
-3.2356
11
-75.0000
21
-85.0000
31
-3.2025
12
-75.0000
22
-80.0000
32
-3.1125
13
-80.0000
23
-80.0000
33
-3.1456
0
3DFACE
8
S_UMGEBUNG_GELAENDE
10
-80.0000
20
-80.0000
30
-3.1456
11
-75.0000
21
-80.0000
31
-3.1125
12
-75.0000
22
-75.0000
32
-3.0225
13
-80.0000
23
-75.0000
33
-3.0556
0
3DFACE
8
S_UMGEBUNG_GELAENDE
10
-80.0000
20
-75.0000
30
-3.0556
11
-75.0000
21
-75.0000
31
-3.0225
12
-75.0000
22
-70.0000
32
-2.9325
13
-80.0000
23
-70.0000
33
-2.9656
0
3DFACE
8
S_UMGEBUNG_GELAENDE
10
-80.0000
20
-70.0000
30
-2.9656
11
-75.0000
21
-70.0000
31
-2.9325
12
-75.0000
22
-65.0000
32
-2.8425
13
-80.0000
23
-65.0000
33
-2.8756
0
3DFACE
8
S_UMGEBUNG_GELAENDE
10
-80.0000
20
-65.0000
30
-2.8756
11
-75.0000
21
-65.0000
31
-2.8425
12
-75.0000
22
-60.0000
32
-2.7525
13
-80.0000
23
-60.0000
33
-2.7856
0
3DFACE
8
S_UMGEBUNG_GELAENDE
10
-80.0000
20
-60.0000
30
-2.7856
11
-75.0000
21
-60.0000
31
-2.7525
12
-75.0000
22
-55.0000
32
-2.6625
13
-80.0000
23
-55.0000
33
-2.6956
0
3DFACE
8
S_UMGEBUNG_GELAENDE
10
-80.0000
20
-55.0000
30
-2.6956
11
-75.0000
21
-55.0000
31
-2.6625
12
-75.0000
22
-50.0000
32
-2.5725
13
-80.0000
23
-50.0000
33
-2.6056
0
3DFACE
8
S_UMGEBUNG_GELAENDE
10
-80.0000
20
-50.0000
30
-2.6056
11
-75.0000
21
-50.0000
31
-2.5725
12
-75.0000
22
-45.0000
32
-2.4825
13
-80.0000
23
-45.0000
33
-2.5156
0
3DFACE
8
S_UMGEBUNG_GELAENDE
10
-80.0000
20
-45.0000
30
-2.5156
11
-75.0000
21
-45.0000
31
-2.4825
12
-75.0000
22
-40.0000
32
-2.3925
13
-80.0000
23
-40.0000
33
-2.4256
0
3DFACE
8
S_UMGEBUNG_GELAENDE
10
-80.0000
20
-40.0000
30
-2.4256
11
-75.0000
21
-40.0000
31
-2.3925
12
-75.0000
22
-35.0000
32
-2.3025
13
-80.0000
23
-35.0000
33
-2.3356
0
3DFACE
8
S_UMGEBUNG_GELAENDE
10
-80.0000
20
-35.0000
30
-2.3356
11
-75.0000
21
-35.0000
31
-2.3025
12
-75.0000
22
-30.0000
32
-2.2125
13
-80.0000
23
-30.0000
33
-2.2456
0
3DFACE
8
S_UMGEBUNG_GELAENDE
10
-80.0000
20
-30.0000
30
-2.2456
11
-75.0000
21
-30.0000
31
-2.2125
12
-75.0000
22
-25.0000
32
-2.1225
13
-80.0000
23
-25.0000
33
-2.1556
0
3DFACE
8
S_UMGEBUNG_GELAENDE
10
-80.0000
20
-25.0000
30
-2.1556
11
-75.0000
21
-25.0000
31
-2.1225
12
-75.0000
22
-20.0000
32
-2.0325
13
-80.0000
23
-20.0000
33
-2.0656
0
3DFACE
8
S_UMGEBUNG_GELAENDE
10
-80.0000
20
-20.0000
30
-2.0656
11
-75.0000
21
-20.0000
31
-2.0325
12
-75.0000
22
-15.0000
32
-1.9425
13
-80.0000
23
-15.0000
33
-1.9756
0
3DFACE
8
S_UMGEBUNG_GELAENDE
10
-80.0000
20
-15.0000
30
-1.9756
11
-75.0000
21
-15.0000
31
-1.9425
12
-75.0000
22
-10.0000
32
-1.8525
13
-80.0000
23
-10.0000
33
-1.8856
0
3DFACE
8
S_UMGEBUNG_GELAENDE
10
-80.0000
20
-10.0000
30
-1.8856
11
-75.0000
21
-10.0000
31
-1.8525
12
-75.0000
22
-5.0000
32
-1.7625
13
-80.0000
23
-5.0000
33
-1.7956
0
3DFACE
8
S_UMGEBUNG_GELAENDE
10
-80.0000
20
-5.0000
30
-1.7956
11
-75.0000
21
-5.0000
31
-1.7625
12
-75.0000
22
0.0000
32
-1.6725
13
-80.0000
23
0.0000
33
-1.7056
0
3DFACE
8
S_UMGEBUNG_GELAENDE
10
-80.0000
20
0.0000
30
-1.7056
11
-75.0000
21
0.0000
31
-1.6725
12
-75.0000
22
5.0000
32
-1.5825
13
-80.0000
23
5.0000
33
-1.6156
0
3DFACE
8
S_UMGEBUNG_GELAENDE
10
-80.0000
20
5.0000
30
-1.6156
11
-75.0000
21
5.0000
31
-1.5825
12
-75.0000
22
10.0000
32
-1.4925
13
-80.0000
23
10.0000
33
-1.5256
0
3DFACE
8
S_UMGEBUNG_GELAENDE
10
-80.0000
20
10.0000
30
-1.5256
11
-75.0000
21
10.0000
31
-1.4925
12
-75.0000
22
15.0000
32
-1.4025
13
-80.0000
23
15.0000
33
-1.4356
0
3DFACE
8
S_UMGEBUNG_GELAENDE
10
-80.0000
20
15.0000
30
-1.4356
11
-75.0000
21
15.0000
31
-1.4025
12
-75.0000
22
20.0000
32
-1.3125
13
-80.0000
23
20.0000
33
-1.3456
0
3DFACE
8
S_UMGEBUNG_GELAENDE
10
-80.0000
20
20.0000
30
-1.3456
11
-75.0000
21
20.0000
31
-1.3125
12
-75.0000
22
25.0000
32
-1.2225
13
-80.0000
23
25.0000
33
-1.2556
0
3DFACE
8
S_UMGEBUNG_GELAENDE
10
-80.0000
20
25.0000
30
-1.2556
11
-75.0000
21
25.0000
31
-1.2225
12
-75.0000
22
30.0000
32
-1.1325
13
-80.0000
23
30.0000
33
-1.1656
0
3DFACE
8
S_UMGEBUNG_GELAENDE
10
-80.0000
20
30.0000
30
-1.1656
11
-75.0000
21
30.0000
31
-1.1325
12
-75.0000
22
35.0000
32
-1.0425
13
-80.0000
23
35.0000
33
-1.0756
0
3DFACE
8
S_UMGEBUNG_GELAENDE
10
-80.0000
20
35.0000
30
-1.0756
11
-75.0000
21
35.0000
31
-1.0425
12
-75.0000
22
40.0000
32
-0.9525
13
-80.0000
23
40.0000
33
-0.9856
0
3DFACE
8
S_UMGEBUNG_GELAENDE
10
-80.0000
20
40.0000
30
-0.9856
11
-75.0000
21
40.0000
31
-0.9525
12
-75.0000
22
45.0000
32
-0.8625
13
-80.0000
23
45.0000
33
-0.8956
0
3DFACE
8
S_UMGEBUNG_GELAENDE
10
-80.0000
20
45.0000
30
-0.8956
11
-75.0000
21
45.0000
31
-0.8625
12
-75.0000
22
50.0000
32
-0.7725
13
-80.0000
23
50.0000
33
-0.8056
0
3DFACE
8
S_UMGEBUNG_GELAENDE
10
-80.0000
20
50.0000
30
-0.8056
11
-75.0000
21
50.0000
31
-0.7725
12
-75.0000
22
55.0000
32
-0.6825
13
-80.0000
23
55.0000
33
-0.7156
0
3DFACE
8
S_UMGEBUNG_GELAENDE
10
-80.0000
20
55.0000
30
-0.7156
11
-75.0000
21
55.0000
31
-0.6825
12
-75.0000
22
60.0000
32
-0.5925
13
-80.0000
23
60.0000
33
-0.6256
0
3DFACE
8
S_UMGEBUNG_GELAENDE
10
-80.0000
20
60.0000
30
-0.6256
11
-75.0000
21
60.0000
31
-0.5925
12
-75.0000
22
65.0000
32
-0.5025
13
-80.0000
23
65.0000
33
-0.5356
0
3DFACE
8
S_UMGEBUNG_GELAENDE
10
-80.0000
20
65.0000
30
-0.5356
11
-75.0000
21
65.0000
31
-0.5025
12
-75.0000
22
70.0000
32
-0.4125
13
-80.0000
23
70.0000
33
-0.4456
0
3DFACE
8
S_UMGEBUNG_GELAENDE
10
-80.0000
20
70.0000
30
-0.4456
11
-75.0000
21
70.0000
31
-0.4125
12
-75.0000
22
75.0000
32
-0.3225
13
-80.0000
23
75.0000
33
-0.3556
0
3DFACE
8
S_UMGEBUNG_GELAENDE
10
-80.0000
20
75.0000
30
-0.3556
11
-75.0000
21
75.0000
31
-0.3225
12
-75.0000
22
80.0000
32
-0.2325
13
-80.0000
23
80.0000
33
-0.2656
0
3DFACE
8
S_UMGEBUNG_GELAENDE
10
-80.0000
20
80.0000
30
-0.2656
11
-75.0000
21
80.0000
31
-0.2325
12
-75.0000
22
85.0000
32
-0.1425
13
-80.0000
23
85.0000
33
-0.1756
0
3DFACE
8
S_UMGEBUNG_GELAENDE
10
-80.0000
20
85.0000
30
-0.1756
11
-75.0000
21
85.0000
31
-0.1425
12
-75.0000
22
90.0000
32
-0.0525
13
-80.0000
23
90.0000
33
-0.0856
0
3DFACE
8
S_UMGEBUNG_GELAENDE
10
-80.0000
20
90.0000
30
-0.0856
11
-75.0000
21
90.0000
31
-0.0525
12
-75.0000
22
95.0000
32
0.0375
13
-80.0000
23
95.0000
33
0.0044
0
3DFACE
8
S_UMGEBUNG_GELAENDE
10
-80.0000
20
95.0000
30
0.0044
11
-75.0000
21
95.0000
31
0.0375
12
-75.0000
22
100.0000
32
0.1275
13
-80.0000
23
100.0000
33
0.0944
0
3DFACE
8
S_UMGEBUNG_GELAENDE
10
-80.0000
20
100.0000
30
0.0944
11
-75.0000
21
100.0000
31
0.1275
12
-75.0000
22
105.0000
32
0.2175
13
-80.0000
23
105.0000
33
0.1844
0
3DFACE
8
S_UMGEBUNG_GELAENDE
10
-80.0000
20
105.0000
30
0.1844
11
-75.0000
21
105.0000
31
0.2175
12
-75.0000
22
110.0000
32
0.3075
13
-80.0000
23
110.0000
33
0.2744
0
3DFACE
8
S_UMGEBUNG_GELAENDE
10
-80.0000
20
110.0000
30
0.2744
11
-75.0000
21
110.0000
31
0.3075
12
-75.0000
22
115.0000
32
0.3975
13
-80.0000
23
115.0000
33
0.3644
0
3DFACE
8
S_UMGEBUNG_GELAENDE
10
-80.0000
20
115.0000
30
0.3644
11
-75.0000
21
115.0000
31
0.3975
12
-75.0000
22
120.0000
32
0.4875
13
-80.0000
23
120.0000
33
0.4544
0
3DFACE
8
S_UMGEBUNG_GELAENDE
10
-80.0000
20
120.0000
30
0.4544
11
-75.0000
21
120.0000
31
0.4875
12
-75.0000
22
125.0000
32
0.5775
13
-80.0000
23
125.0000
33
0.5444
0
3DFACE
8
S_UMGEBUNG_GELAENDE
10
-80.0000
20
125.0000
30
0.5444
11
-75.0000
21
125.0000
31
0.5775
12
-75.0000
22
130.0000
32
0.6675
13
-80.0000
23
130.0000
33
0.6344
0
3DFACE
8
S_UMGEBUNG_GELAENDE
10
-75.0000
20
-130.0000
30
-4.0125
11
-70.0000
21
-130.0000
31
-3.9704
12
-70.0000
22
-125.0000
32
-3.8804
13
-75.0000
23
-125.0000
33
-3.9225
0
3DFACE
8
S_UMGEBUNG_GELAENDE
10
-75.0000
20
-125.0000
30
-3.9225
11
-70.0000
21
-125.0000
31
-3.8804
12
-70.0000
22
-120.0000
32
-3.7904
13
-75.0000
23
-120.0000
33
-3.8325
0
3DFACE
8
S_UMGEBUNG_GELAENDE
10
-75.0000
20
-120.0000
30
-3.8325
11
-70.0000
21
-120.0000
31
-3.7904
12
-70.0000
22
-115.0000
32
-3.7004
13
-75.0000
23
-115.0000
33
-3.7425
0
3DFACE
8
S_UMGEBUNG_GELAENDE
10
-75.0000
20
-115.0000
30
-3.7425
11
-70.0000
21
-115.0000
31
-3.7004
12
-70.0000
22
-110.0000
32
-3.6104
13
-75.0000
23
-110.0000
33
-3.6525
0
3DFACE
8
S_UMGEBUNG_GELAENDE
10
-75.0000
20
-110.0000
30
-3.6525
11
-70.0000
21
-110.0000
31
-3.6104
12
-70.0000
22
-105.0000
32
-3.5204
13
-75.0000
23
-105.0000
33
-3.5625
0
3DFACE
8
S_UMGEBUNG_GELAENDE
10
-75.0000
20
-105.0000
30
-3.5625
11
-70.0000
21
-105.0000
31
-3.5204
12
-70.0000
22
-100.0000
32
-3.4304
13
-75.0000
23
-100.0000
33
-3.4725
0
3DFACE
8
S_UMGEBUNG_GELAENDE
10
-75.0000
20
-100.0000
30
-3.4725
11
-70.0000
21
-100.0000
31
-3.4304
12
-70.0000
22
-95.0000
32
-3.3404
13
-75.0000
23
-95.0000
33
-3.3825
0
3DFACE
8
S_UMGEBUNG_GELAENDE
10
-75.0000
20
-95.0000
30
-3.3825
11
-70.0000
21
-95.0000
31
-3.3404
12
-70.0000
22
-90.0000
32
-3.2504
13
-75.0000
23
-90.0000
33
-3.2925
0
3DFACE
8
S_UMGEBUNG_GELAENDE
10
-75.0000
20
-90.0000
30
-3.2925
11
-70.0000
21
-90.0000
31
-3.2504
12
-70.0000
22
-85.0000
32
-3.1604
13
-75.0000
23
-85.0000
33
-3.2025
0
3DFACE
8
S_UMGEBUNG_GELAENDE
10
-75.0000
20
-85.0000
30
-3.2025
11
-70.0000
21
-85.0000
31
-3.1604
12
-70.0000
22
-80.0000
32
-3.0704
13
-75.0000
23
-80.0000
33
-3.1125
0
3DFACE
8
S_UMGEBUNG_GELAENDE
10
-75.0000
20
-80.0000
30
-3.1125
11
-70.0000
21
-80.0000
31
-3.0704
12
-70.0000
22
-75.0000
32
-2.9804
13
-75.0000
23
-75.0000
33
-3.0225
0
3DFACE
8
S_UMGEBUNG_GELAENDE
10
-75.0000
20
-75.0000
30
-3.0225
11
-70.0000
21
-75.0000
31
-2.9804
12
-70.0000
22
-70.0000
32
-2.8904
13
-75.0000
23
-70.0000
33
-2.9325
0
3DFACE
8
S_UMGEBUNG_GELAENDE
10
-75.0000
20
-70.0000
30
-2.9325
11
-70.0000
21
-70.0000
31
-2.8904
12
-70.0000
22
-65.0000
32
-2.8004
13
-75.0000
23
-65.0000
33
-2.8425
0
3DFACE
8
S_UMGEBUNG_GELAENDE
10
-75.0000
20
-65.0000
30
-2.8425
11
-70.0000
21
-65.0000
31
-2.8004
12
-70.0000
22
-60.0000
32
-2.7104
13
-75.0000
23
-60.0000
33
-2.7525
0
3DFACE
8
S_UMGEBUNG_GELAENDE
10
-75.0000
20
-60.0000
30
-2.7525
11
-70.0000
21
-60.0000
31
-2.7104
12
-70.0000
22
-55.0000
32
-2.6204
13
-75.0000
23
-55.0000
33
-2.6625
0
3DFACE
8
S_UMGEBUNG_GELAENDE
10
-75.0000
20
-55.0000
30
-2.6625
11
-70.0000
21
-55.0000
31
-2.6204
12
-70.0000
22
-50.0000
32
-2.5304
13
-75.0000
23
-50.0000
33
-2.5725
0
3DFACE
8
S_UMGEBUNG_GELAENDE
10
-75.0000
20
-50.0000
30
-2.5725
11
-70.0000
21
-50.0000
31
-2.5304
12
-70.0000
22
-45.0000
32
-2.4404
13
-75.0000
23
-45.0000
33
-2.4825
0
3DFACE
8
S_UMGEBUNG_GELAENDE
10
-75.0000
20
-45.0000
30
-2.4825
11
-70.0000
21
-45.0000
31
-2.4404
12
-70.0000
22
-40.0000
32
-2.3504
13
-75.0000
23
-40.0000
33
-2.3925
0
3DFACE
8
S_UMGEBUNG_GELAENDE
10
-75.0000
20
-40.0000
30
-2.3925
11
-70.0000
21
-40.0000
31
-2.3504
12
-70.0000
22
-35.0000
32
-2.2604
13
-75.0000
23
-35.0000
33
-2.3025
0
3DFACE
8
S_UMGEBUNG_GELAENDE
10
-75.0000
20
-35.0000
30
-2.3025
11
-70.0000
21
-35.0000
31
-2.2604
12
-70.0000
22
-30.0000
32
-2.1704
13
-75.0000
23
-30.0000
33
-2.2125
0
3DFACE
8
S_UMGEBUNG_GELAENDE
10
-75.0000
20
-30.0000
30
-2.2125
11
-70.0000
21
-30.0000
31
-2.1704
12
-70.0000
22
-25.0000
32
-2.0804
13
-75.0000
23
-25.0000
33
-2.1225
0
3DFACE
8
S_UMGEBUNG_GELAENDE
10
-75.0000
20
-25.0000
30
-2.1225
11
-70.0000
21
-25.0000
31
-2.0804
12
-70.0000
22
-20.0000
32
-1.9904
13
-75.0000
23
-20.0000
33
-2.0325
0
3DFACE
8
S_UMGEBUNG_GELAENDE
10
-75.0000
20
-20.0000
30
-2.0325
11
-70.0000
21
-20.0000
31
-1.9904
12
-70.0000
22
-15.0000
32
-1.9004
13
-75.0000
23
-15.0000
33
-1.9425
0
3DFACE
8
S_UMGEBUNG_GELAENDE
10
-75.0000
20
-15.0000
30
-1.9425
11
-70.0000
21
-15.0000
31
-1.9004
12
-70.0000
22
-10.0000
32
-1.8104
13
-75.0000
23
-10.0000
33
-1.8525
0
3DFACE
8
S_UMGEBUNG_GELAENDE
10
-75.0000
20
-10.0000
30
-1.8525
11
-70.0000
21
-10.0000
31
-1.8104
12
-70.0000
22
-5.0000
32
-1.7204
13
-75.0000
23
-5.0000
33
-1.7625
0
3DFACE
8
S_UMGEBUNG_GELAENDE
10
-75.0000
20
-5.0000
30
-1.7625
11
-70.0000
21
-5.0000
31
-1.7204
12
-70.0000
22
0.0000
32
-1.6304
13
-75.0000
23
0.0000
33
-1.6725
0
3DFACE
8
S_UMGEBUNG_GELAENDE
10
-75.0000
20
0.0000
30
-1.6725
11
-70.0000
21
0.0000
31
-1.6304
12
-70.0000
22
5.0000
32
-1.5404
13
-75.0000
23
5.0000
33
-1.5825
0
3DFACE
8
S_UMGEBUNG_GELAENDE
10
-75.0000
20
5.0000
30
-1.5825
11
-70.0000
21
5.0000
31
-1.5404
12
-70.0000
22
10.0000
32
-1.4504
13
-75.0000
23
10.0000
33
-1.4925
0
3DFACE
8
S_UMGEBUNG_GELAENDE
10
-75.0000
20
10.0000
30
-1.4925
11
-70.0000
21
10.0000
31
-1.4504
12
-70.0000
22
15.0000
32
-1.3604
13
-75.0000
23
15.0000
33
-1.4025
0
3DFACE
8
S_UMGEBUNG_GELAENDE
10
-75.0000
20
15.0000
30
-1.4025
11
-70.0000
21
15.0000
31
-1.3604
12
-70.0000
22
20.0000
32
-1.2704
13
-75.0000
23
20.0000
33
-1.3125
0
3DFACE
8
S_UMGEBUNG_GELAENDE
10
-75.0000
20
20.0000
30
-1.3125
11
-70.0000
21
20.0000
31
-1.2704
12
-70.0000
22
25.0000
32
-1.1804
13
-75.0000
23
25.0000
33
-1.2225
0
3DFACE
8
S_UMGEBUNG_GELAENDE
10
-75.0000
20
25.0000
30
-1.2225
11
-70.0000
21
25.0000
31
-1.1804
12
-70.0000
22
30.0000
32
-1.0904
13
-75.0000
23
30.0000
33
-1.1325
0
3DFACE
8
S_UMGEBUNG_GELAENDE
10
-75.0000
20
30.0000
30
-1.1325
11
-70.0000
21
30.0000
31
-1.0904
12
-70.0000
22
35.0000
32
-1.0004
13
-75.0000
23
35.0000
33
-1.0425
0
3DFACE
8
S_UMGEBUNG_GELAENDE
10
-75.0000
20
35.0000
30
-1.0425
11
-70.0000
21
35.0000
31
-1.0004
12
-70.0000
22
40.0000
32
-0.9104
13
-75.0000
23
40.0000
33
-0.9525
0
3DFACE
8
S_UMGEBUNG_GELAENDE
10
-75.0000
20
40.0000
30
-0.9525
11
-70.0000
21
40.0000
31
-0.9104
12
-70.0000
22
45.0000
32
-0.8204
13
-75.0000
23
45.0000
33
-0.8625
0
3DFACE
8
S_UMGEBUNG_GELAENDE
10
-75.0000
20
45.0000
30
-0.8625
11
-70.0000
21
45.0000
31
-0.8204
12
-70.0000
22
50.0000
32
-0.7304
13
-75.0000
23
50.0000
33
-0.7725
0
3DFACE
8
S_UMGEBUNG_GELAENDE
10
-75.0000
20
50.0000
30
-0.7725
11
-70.0000
21
50.0000
31
-0.7304
12
-70.0000
22
55.0000
32
-0.6404
13
-75.0000
23
55.0000
33
-0.6825
0
3DFACE
8
S_UMGEBUNG_GELAENDE
10
-75.0000
20
55.0000
30
-0.6825
11
-70.0000
21
55.0000
31
-0.6404
12
-70.0000
22
60.0000
32
-0.5504
13
-75.0000
23
60.0000
33
-0.5925
0
3DFACE
8
S_UMGEBUNG_GELAENDE
10
-75.0000
20
60.0000
30
-0.5925
11
-70.0000
21
60.0000
31
-0.5504
12
-70.0000
22
65.0000
32
-0.4604
13
-75.0000
23
65.0000
33
-0.5025
0
3DFACE
8
S_UMGEBUNG_GELAENDE
10
-75.0000
20
65.0000
30
-0.5025
11
-70.0000
21
65.0000
31
-0.4604
12
-70.0000
22
70.0000
32
-0.3704
13
-75.0000
23
70.0000
33
-0.4125
0
3DFACE
8
S_UMGEBUNG_GELAENDE
10
-75.0000
20
70.0000
30
-0.4125
11
-70.0000
21
70.0000
31
-0.3704
12
-70.0000
22
75.0000
32
-0.2804
13
-75.0000
23
75.0000
33
-0.3225
0
3DFACE
8
S_UMGEBUNG_GELAENDE
10
-75.0000
20
75.0000
30
-0.3225
11
-70.0000
21
75.0000
31
-0.2804
12
-70.0000
22
80.0000
32
-0.1904
13
-75.0000
23
80.0000
33
-0.2325
0
3DFACE
8
S_UMGEBUNG_GELAENDE
10
-75.0000
20
80.0000
30
-0.2325
11
-70.0000
21
80.0000
31
-0.1904
12
-70.0000
22
85.0000
32
-0.1004
13
-75.0000
23
85.0000
33
-0.1425
0
3DFACE
8
S_UMGEBUNG_GELAENDE
10
-75.0000
20
85.0000
30
-0.1425
11
-70.0000
21
85.0000
31
-0.1004
12
-70.0000
22
90.0000
32
-0.0104
13
-75.0000
23
90.0000
33
-0.0525
0
3DFACE
8
S_UMGEBUNG_GELAENDE
10
-75.0000
20
90.0000
30
-0.0525
11
-70.0000
21
90.0000
31
-0.0104
12
-70.0000
22
95.0000
32
0.0796
13
-75.0000
23
95.0000
33
0.0375
0
3DFACE
8
S_UMGEBUNG_GELAENDE
10
-75.0000
20
95.0000
30
0.0375
11
-70.0000
21
95.0000
31
0.0796
12
-70.0000
22
100.0000
32
0.1696
13
-75.0000
23
100.0000
33
0.1275
0
3DFACE
8
S_UMGEBUNG_GELAENDE
10
-75.0000
20
100.0000
30
0.1275
11
-70.0000
21
100.0000
31
0.1696
12
-70.0000
22
105.0000
32
0.2596
13
-75.0000
23
105.0000
33
0.2175
0
3DFACE
8
S_UMGEBUNG_GELAENDE
10
-75.0000
20
105.0000
30
0.2175
11
-70.0000
21
105.0000
31
0.2596
12
-70.0000
22
110.0000
32
0.3496
13
-75.0000
23
110.0000
33
0.3075
0
3DFACE
8
S_UMGEBUNG_GELAENDE
10
-75.0000
20
110.0000
30
0.3075
11
-70.0000
21
110.0000
31
0.3496
12
-70.0000
22
115.0000
32
0.4396
13
-75.0000
23
115.0000
33
0.3975
0
3DFACE
8
S_UMGEBUNG_GELAENDE
10
-75.0000
20
115.0000
30
0.3975
11
-70.0000
21
115.0000
31
0.4396
12
-70.0000
22
120.0000
32
0.5296
13
-75.0000
23
120.0000
33
0.4875
0
3DFACE
8
S_UMGEBUNG_GELAENDE
10
-75.0000
20
120.0000
30
0.4875
11
-70.0000
21
120.0000
31
0.5296
12
-70.0000
22
125.0000
32
0.6196
13
-75.0000
23
125.0000
33
0.5775
0
3DFACE
8
S_UMGEBUNG_GELAENDE
10
-75.0000
20
125.0000
30
0.5775
11
-70.0000
21
125.0000
31
0.6196
12
-70.0000
22
130.0000
32
0.7096
13
-75.0000
23
130.0000
33
0.6675
0
3DFACE
8
S_UMGEBUNG_GELAENDE
10
-70.0000
20
-135.0000
30
-4.0604
11
-65.0000
21
-135.0000
31
-4.0091
12
-65.0000
22
-130.0000
32
-3.9191
13
-70.0000
23
-130.0000
33
-3.9704
0
3DFACE
8
S_UMGEBUNG_GELAENDE
10
-70.0000
20
-130.0000
30
-3.9704
11
-65.0000
21
-130.0000
31
-3.9191
12
-65.0000
22
-125.0000
32
-3.8291
13
-70.0000
23
-125.0000
33
-3.8804
0
3DFACE
8
S_UMGEBUNG_GELAENDE
10
-70.0000
20
-125.0000
30
-3.8804
11
-65.0000
21
-125.0000
31
-3.8291
12
-65.0000
22
-120.0000
32
-3.7391
13
-70.0000
23
-120.0000
33
-3.7904
0
3DFACE
8
S_UMGEBUNG_GELAENDE
10
-70.0000
20
-120.0000
30
-3.7904
11
-65.0000
21
-120.0000
31
-3.7391
12
-65.0000
22
-115.0000
32
-3.6491
13
-70.0000
23
-115.0000
33
-3.7004
0
3DFACE
8
S_UMGEBUNG_GELAENDE
10
-70.0000
20
-115.0000
30
-3.7004
11
-65.0000
21
-115.0000
31
-3.6491
12
-65.0000
22
-110.0000
32
-3.5591
13
-70.0000
23
-110.0000
33
-3.6104
0
3DFACE
8
S_UMGEBUNG_GELAENDE
10
-70.0000
20
-110.0000
30
-3.6104
11
-65.0000
21
-110.0000
31
-3.5591
12
-65.0000
22
-105.0000
32
-3.4691
13
-70.0000
23
-105.0000
33
-3.5204
0
3DFACE
8
S_UMGEBUNG_GELAENDE
10
-70.0000
20
-105.0000
30
-3.5204
11
-65.0000
21
-105.0000
31
-3.4691
12
-65.0000
22
-100.0000
32
-3.3791
13
-70.0000
23
-100.0000
33
-3.4304
0
3DFACE
8
S_UMGEBUNG_GELAENDE
10
-70.0000
20
-100.0000
30
-3.4304
11
-65.0000
21
-100.0000
31
-3.3791
12
-65.0000
22
-95.0000
32
-3.2891
13
-70.0000
23
-95.0000
33
-3.3404
0
3DFACE
8
S_UMGEBUNG_GELAENDE
10
-70.0000
20
-95.0000
30
-3.3404
11
-65.0000
21
-95.0000
31
-3.2891
12
-65.0000
22
-90.0000
32
-3.1991
13
-70.0000
23
-90.0000
33
-3.2504
0
3DFACE
8
S_UMGEBUNG_GELAENDE
10
-70.0000
20
-90.0000
30
-3.2504
11
-65.0000
21
-90.0000
31
-3.1991
12
-65.0000
22
-85.0000
32
-3.1091
13
-70.0000
23
-85.0000
33
-3.1604
0
3DFACE
8
S_UMGEBUNG_GELAENDE
10
-70.0000
20
-85.0000
30
-3.1604
11
-65.0000
21
-85.0000
31
-3.1091
12
-65.0000
22
-80.0000
32
-3.0191
13
-70.0000
23
-80.0000
33
-3.0704
0
3DFACE
8
S_UMGEBUNG_GELAENDE
10
-70.0000
20
-80.0000
30
-3.0704
11
-65.0000
21
-80.0000
31
-3.0191
12
-65.0000
22
-75.0000
32
-2.9291
13
-70.0000
23
-75.0000
33
-2.9804
0
3DFACE
8
S_UMGEBUNG_GELAENDE
10
-70.0000
20
-75.0000
30
-2.9804
11
-65.0000
21
-75.0000
31
-2.9291
12
-65.0000
22
-70.0000
32
-2.8391
13
-70.0000
23
-70.0000
33
-2.8904
0
3DFACE
8
S_UMGEBUNG_GELAENDE
10
-70.0000
20
-70.0000
30
-2.8904
11
-65.0000
21
-70.0000
31
-2.8391
12
-65.0000
22
-65.0000
32
-2.7491
13
-70.0000
23
-65.0000
33
-2.8004
0
3DFACE
8
S_UMGEBUNG_GELAENDE
10
-70.0000
20
-65.0000
30
-2.8004
11
-65.0000
21
-65.0000
31
-2.7491
12
-65.0000
22
-60.0000
32
-2.6591
13
-70.0000
23
-60.0000
33
-2.7104
0
3DFACE
8
S_UMGEBUNG_GELAENDE
10
-70.0000
20
-60.0000
30
-2.7104
11
-65.0000
21
-60.0000
31
-2.6591
12
-65.0000
22
-55.0000
32
-2.5691
13
-70.0000
23
-55.0000
33
-2.6204
0
3DFACE
8
S_UMGEBUNG_GELAENDE
10
-70.0000
20
-55.0000
30
-2.6204
11
-65.0000
21
-55.0000
31
-2.5691
12
-65.0000
22
-50.0000
32
-2.4791
13
-70.0000
23
-50.0000
33
-2.5304
0
3DFACE
8
S_UMGEBUNG_GELAENDE
10
-70.0000
20
-50.0000
30
-2.5304
11
-65.0000
21
-50.0000
31
-2.4791
12
-65.0000
22
-45.0000
32
-2.3891
13
-70.0000
23
-45.0000
33
-2.4404
0
3DFACE
8
S_UMGEBUNG_GELAENDE
10
-70.0000
20
-45.0000
30
-2.4404
11
-65.0000
21
-45.0000
31
-2.3891
12
-65.0000
22
-40.0000
32
-2.2991
13
-70.0000
23
-40.0000
33
-2.3504
0
3DFACE
8
S_UMGEBUNG_GELAENDE
10
-70.0000
20
-40.0000
30
-2.3504
11
-65.0000
21
-40.0000
31
-2.2991
12
-65.0000
22
-35.0000
32
-2.2091
13
-70.0000
23
-35.0000
33
-2.2604
0
3DFACE
8
S_UMGEBUNG_GELAENDE
10
-70.0000
20
-35.0000
30
-2.2604
11
-65.0000
21
-35.0000
31
-2.2091
12
-65.0000
22
-30.0000
32
-2.1191
13
-70.0000
23
-30.0000
33
-2.1704
0
3DFACE
8
S_UMGEBUNG_GELAENDE
10
-70.0000
20
-30.0000
30
-2.1704
11
-65.0000
21
-30.0000
31
-2.1191
12
-65.0000
22
-25.0000
32
-2.0291
13
-70.0000
23
-25.0000
33
-2.0804
0
3DFACE
8
S_UMGEBUNG_GELAENDE
10
-70.0000
20
-25.0000
30
-2.0804
11
-65.0000
21
-25.0000
31
-2.0291
12
-65.0000
22
-20.0000
32
-1.9391
13
-70.0000
23
-20.0000
33
-1.9904
0
3DFACE
8
S_UMGEBUNG_GELAENDE
10
-70.0000
20
-20.0000
30
-1.9904
11
-65.0000
21
-20.0000
31
-1.9391
12
-65.0000
22
-15.0000
32
-1.8491
13
-70.0000
23
-15.0000
33
-1.9004
0
3DFACE
8
S_UMGEBUNG_GELAENDE
10
-70.0000
20
-15.0000
30
-1.9004
11
-65.0000
21
-15.0000
31
-1.8491
12
-65.0000
22
-10.0000
32
-1.7591
13
-70.0000
23
-10.0000
33
-1.8104
0
3DFACE
8
S_UMGEBUNG_GELAENDE
10
-70.0000
20
-10.0000
30
-1.8104
11
-65.0000
21
-10.0000
31
-1.7591
12
-65.0000
22
-5.0000
32
-1.6691
13
-70.0000
23
-5.0000
33
-1.7204
0
3DFACE
8
S_UMGEBUNG_GELAENDE
10
-70.0000
20
-5.0000
30
-1.7204
11
-65.0000
21
-5.0000
31
-1.6691
12
-65.0000
22
0.0000
32
-1.5791
13
-70.0000
23
0.0000
33
-1.6304
0
3DFACE
8
S_UMGEBUNG_GELAENDE
10
-70.0000
20
0.0000
30
-1.6304
11
-65.0000
21
0.0000
31
-1.5791
12
-65.0000
22
5.0000
32
-1.4891
13
-70.0000
23
5.0000
33
-1.5404
0
3DFACE
8
S_UMGEBUNG_GELAENDE
10
-70.0000
20
5.0000
30
-1.5404
11
-65.0000
21
5.0000
31
-1.4891
12
-65.0000
22
10.0000
32
-1.3991
13
-70.0000
23
10.0000
33
-1.4504
0
3DFACE
8
S_UMGEBUNG_GELAENDE
10
-70.0000
20
10.0000
30
-1.4504
11
-65.0000
21
10.0000
31
-1.3991
12
-65.0000
22
15.0000
32
-1.3091
13
-70.0000
23
15.0000
33
-1.3604
0
3DFACE
8
S_UMGEBUNG_GELAENDE
10
-70.0000
20
15.0000
30
-1.3604
11
-65.0000
21
15.0000
31
-1.3091
12
-65.0000
22
20.0000
32
-1.2191
13
-70.0000
23
20.0000
33
-1.2704
0
3DFACE
8
S_UMGEBUNG_GELAENDE
10
-70.0000
20
20.0000
30
-1.2704
11
-65.0000
21
20.0000
31
-1.2191
12
-65.0000
22
25.0000
32
-1.1291
13
-70.0000
23
25.0000
33
-1.1804
0
3DFACE
8
S_UMGEBUNG_GELAENDE
10
-70.0000
20
25.0000
30
-1.1804
11
-65.0000
21
25.0000
31
-1.1291
12
-65.0000
22
30.0000
32
-1.0391
13
-70.0000
23
30.0000
33
-1.0904
0
3DFACE
8
S_UMGEBUNG_GELAENDE
10
-70.0000
20
30.0000
30
-1.0904
11
-65.0000
21
30.0000
31
-1.0391
12
-65.0000
22
35.0000
32
-0.9491
13
-70.0000
23
35.0000
33
-1.0004
0
3DFACE
8
S_UMGEBUNG_GELAENDE
10
-70.0000
20
35.0000
30
-1.0004
11
-65.0000
21
35.0000
31
-0.9491
12
-65.0000
22
40.0000
32
-0.8591
13
-70.0000
23
40.0000
33
-0.9104
0
3DFACE
8
S_UMGEBUNG_GELAENDE
10
-70.0000
20
40.0000
30
-0.9104
11
-65.0000
21
40.0000
31
-0.8591
12
-65.0000
22
45.0000
32
-0.7691
13
-70.0000
23
45.0000
33
-0.8204
0
3DFACE
8
S_UMGEBUNG_GELAENDE
10
-70.0000
20
45.0000
30
-0.8204
11
-65.0000
21
45.0000
31
-0.7691
12
-65.0000
22
50.0000
32
-0.6791
13
-70.0000
23
50.0000
33
-0.7304
0
3DFACE
8
S_UMGEBUNG_GELAENDE
10
-70.0000
20
50.0000
30
-0.7304
11
-65.0000
21
50.0000
31
-0.6791
12
-65.0000
22
55.0000
32
-0.5891
13
-70.0000
23
55.0000
33
-0.6404
0
3DFACE
8
S_UMGEBUNG_GELAENDE
10
-70.0000
20
55.0000
30
-0.6404
11
-65.0000
21
55.0000
31
-0.5891
12
-65.0000
22
60.0000
32
-0.4991
13
-70.0000
23
60.0000
33
-0.5504
0
3DFACE
8
S_UMGEBUNG_GELAENDE
10
-70.0000
20
60.0000
30
-0.5504
11
-65.0000
21
60.0000
31
-0.4991
12
-65.0000
22
65.0000
32
-0.4091
13
-70.0000
23
65.0000
33
-0.4604
0
3DFACE
8
S_UMGEBUNG_GELAENDE
10
-70.0000
20
65.0000
30
-0.4604
11
-65.0000
21
65.0000
31
-0.4091
12
-65.0000
22
70.0000
32
-0.3191
13
-70.0000
23
70.0000
33
-0.3704
0
3DFACE
8
S_UMGEBUNG_GELAENDE
10
-70.0000
20
70.0000
30
-0.3704
11
-65.0000
21
70.0000
31
-0.3191
12
-65.0000
22
75.0000
32
-0.2291
13
-70.0000
23
75.0000
33
-0.2804
0
3DFACE
8
S_UMGEBUNG_GELAENDE
10
-70.0000
20
75.0000
30
-0.2804
11
-65.0000
21
75.0000
31
-0.2291
12
-65.0000
22
80.0000
32
-0.1391
13
-70.0000
23
80.0000
33
-0.1904
0
3DFACE
8
S_UMGEBUNG_GELAENDE
10
-70.0000
20
80.0000
30
-0.1904
11
-65.0000
21
80.0000
31
-0.1391
12
-65.0000
22
85.0000
32
-0.0491
13
-70.0000
23
85.0000
33
-0.1004
0
3DFACE
8
S_UMGEBUNG_GELAENDE
10
-70.0000
20
85.0000
30
-0.1004
11
-65.0000
21
85.0000
31
-0.0491
12
-65.0000
22
90.0000
32
0.0409
13
-70.0000
23
90.0000
33
-0.0104
0
3DFACE
8
S_UMGEBUNG_GELAENDE
10
-70.0000
20
90.0000
30
-0.0104
11
-65.0000
21
90.0000
31
0.0409
12
-65.0000
22
95.0000
32
0.1309
13
-70.0000
23
95.0000
33
0.0796
0
3DFACE
8
S_UMGEBUNG_GELAENDE
10
-70.0000
20
95.0000
30
0.0796
11
-65.0000
21
95.0000
31
0.1309
12
-65.0000
22
100.0000
32
0.2209
13
-70.0000
23
100.0000
33
0.1696
0
3DFACE
8
S_UMGEBUNG_GELAENDE
10
-70.0000
20
100.0000
30
0.1696
11
-65.0000
21
100.0000
31
0.2209
12
-65.0000
22
105.0000
32
0.3109
13
-70.0000
23
105.0000
33
0.2596
0
3DFACE
8
S_UMGEBUNG_GELAENDE
10
-70.0000
20
105.0000
30
0.2596
11
-65.0000
21
105.0000
31
0.3109
12
-65.0000
22
110.0000
32
0.4009
13
-70.0000
23
110.0000
33
0.3496
0
3DFACE
8
S_UMGEBUNG_GELAENDE
10
-70.0000
20
110.0000
30
0.3496
11
-65.0000
21
110.0000
31
0.4009
12
-65.0000
22
115.0000
32
0.4909
13
-70.0000
23
115.0000
33
0.4396
0
3DFACE
8
S_UMGEBUNG_GELAENDE
10
-70.0000
20
115.0000
30
0.4396
11
-65.0000
21
115.0000
31
0.4909
12
-65.0000
22
120.0000
32
0.5809
13
-70.0000
23
120.0000
33
0.5296
0
3DFACE
8
S_UMGEBUNG_GELAENDE
10
-70.0000
20
120.0000
30
0.5296
11
-65.0000
21
120.0000
31
0.5809
12
-65.0000
22
125.0000
32
0.6709
13
-70.0000
23
125.0000
33
0.6196
0
3DFACE
8
S_UMGEBUNG_GELAENDE
10
-70.0000
20
125.0000
30
0.6196
11
-65.0000
21
125.0000
31
0.6709
12
-65.0000
22
130.0000
32
0.7609
13
-70.0000
23
130.0000
33
0.7096
0
3DFACE
8
S_UMGEBUNG_GELAENDE
10
-70.0000
20
130.0000
30
0.7096
11
-65.0000
21
130.0000
31
0.7609
12
-65.0000
22
135.0000
32
0.8509
13
-70.0000
23
135.0000
33
0.7996
0
3DFACE
8
S_UMGEBUNG_GELAENDE
10
-65.0000
20
-135.0000
30
-4.0091
11
-60.0000
21
-135.0000
31
-3.9485
12
-60.0000
22
-130.0000
32
-3.8585
13
-65.0000
23
-130.0000
33
-3.9191
0
3DFACE
8
S_UMGEBUNG_GELAENDE
10
-65.0000
20
-130.0000
30
-3.9191
11
-60.0000
21
-130.0000
31
-3.8585
12
-60.0000
22
-125.0000
32
-3.7685
13
-65.0000
23
-125.0000
33
-3.8291
0
3DFACE
8
S_UMGEBUNG_GELAENDE
10
-65.0000
20
-125.0000
30
-3.8291
11
-60.0000
21
-125.0000
31
-3.7685
12
-60.0000
22
-120.0000
32
-3.6785
13
-65.0000
23
-120.0000
33
-3.7391
0
3DFACE
8
S_UMGEBUNG_GELAENDE
10
-65.0000
20
-120.0000
30
-3.7391
11
-60.0000
21
-120.0000
31
-3.6785
12
-60.0000
22
-115.0000
32
-3.5885
13
-65.0000
23
-115.0000
33
-3.6491
0
3DFACE
8
S_UMGEBUNG_GELAENDE
10
-65.0000
20
-115.0000
30
-3.6491
11
-60.0000
21
-115.0000
31
-3.5885
12
-60.0000
22
-110.0000
32
-3.4985
13
-65.0000
23
-110.0000
33
-3.5591
0
3DFACE
8
S_UMGEBUNG_GELAENDE
10
-65.0000
20
-110.0000
30
-3.5591
11
-60.0000
21
-110.0000
31
-3.4985
12
-60.0000
22
-105.0000
32
-3.4085
13
-65.0000
23
-105.0000
33
-3.4691
0
3DFACE
8
S_UMGEBUNG_GELAENDE
10
-65.0000
20
-105.0000
30
-3.4691
11
-60.0000
21
-105.0000
31
-3.4085
12
-60.0000
22
-100.0000
32
-3.3185
13
-65.0000
23
-100.0000
33
-3.3791
0
3DFACE
8
S_UMGEBUNG_GELAENDE
10
-65.0000
20
-100.0000
30
-3.3791
11
-60.0000
21
-100.0000
31
-3.3185
12
-60.0000
22
-95.0000
32
-3.2285
13
-65.0000
23
-95.0000
33
-3.2891
0
3DFACE
8
S_UMGEBUNG_GELAENDE
10
-65.0000
20
-95.0000
30
-3.2891
11
-60.0000
21
-95.0000
31
-3.2285
12
-60.0000
22
-90.0000
32
-3.1385
13
-65.0000
23
-90.0000
33
-3.1991
0
3DFACE
8
S_UMGEBUNG_GELAENDE
10
-65.0000
20
-90.0000
30
-3.1991
11
-60.0000
21
-90.0000
31
-3.1385
12
-60.0000
22
-85.0000
32
-3.0485
13
-65.0000
23
-85.0000
33
-3.1091
0
3DFACE
8
S_UMGEBUNG_GELAENDE
10
-65.0000
20
-85.0000
30
-3.1091
11
-60.0000
21
-85.0000
31
-3.0485
12
-60.0000
22
-80.0000
32
-2.9585
13
-65.0000
23
-80.0000
33
-3.0191
0
3DFACE
8
S_UMGEBUNG_GELAENDE
10
-65.0000
20
-80.0000
30
-3.0191
11
-60.0000
21
-80.0000
31
-2.9585
12
-60.0000
22
-75.0000
32
-2.8685
13
-65.0000
23
-75.0000
33
-2.9291
0
3DFACE
8
S_UMGEBUNG_GELAENDE
10
-65.0000
20
-75.0000
30
-2.9291
11
-60.0000
21
-75.0000
31
-2.8685
12
-60.0000
22
-70.0000
32
-2.7785
13
-65.0000
23
-70.0000
33
-2.8391
0
3DFACE
8
S_UMGEBUNG_GELAENDE
10
-65.0000
20
-70.0000
30
-2.8391
11
-60.0000
21
-70.0000
31
-2.7785
12
-60.0000
22
-65.0000
32
-2.6885
13
-65.0000
23
-65.0000
33
-2.7491
0
3DFACE
8
S_UMGEBUNG_GELAENDE
10
-65.0000
20
-65.0000
30
-2.7491
11
-60.0000
21
-65.0000
31
-2.6885
12
-60.0000
22
-60.0000
32
-2.5985
13
-65.0000
23
-60.0000
33
-2.6591
0
3DFACE
8
S_UMGEBUNG_GELAENDE
10
-65.0000
20
-60.0000
30
-2.6591
11
-60.0000
21
-60.0000
31
-2.5985
12
-60.0000
22
-55.0000
32
-2.5085
13
-65.0000
23
-55.0000
33
-2.5691
0
3DFACE
8
S_UMGEBUNG_GELAENDE
10
-65.0000
20
-55.0000
30
-2.5691
11
-60.0000
21
-55.0000
31
-2.5085
12
-60.0000
22
-50.0000
32
-2.4185
13
-65.0000
23
-50.0000
33
-2.4791
0
3DFACE
8
S_UMGEBUNG_GELAENDE
10
-65.0000
20
-50.0000
30
-2.4791
11
-60.0000
21
-50.0000
31
-2.4185
12
-60.0000
22
-45.0000
32
-2.3285
13
-65.0000
23
-45.0000
33
-2.3891
0
3DFACE
8
S_UMGEBUNG_GELAENDE
10
-65.0000
20
-45.0000
30
-2.3891
11
-60.0000
21
-45.0000
31
-2.3285
12
-60.0000
22
-40.0000
32
-2.2385
13
-65.0000
23
-40.0000
33
-2.2991
0
3DFACE
8
S_UMGEBUNG_GELAENDE
10
-65.0000
20
-40.0000
30
-2.2991
11
-60.0000
21
-40.0000
31
-2.2385
12
-60.0000
22
-35.0000
32
-2.1485
13
-65.0000
23
-35.0000
33
-2.2091
0
3DFACE
8
S_UMGEBUNG_GELAENDE
10
-65.0000
20
-35.0000
30
-2.2091
11
-60.0000
21
-35.0000
31
-2.1485
12
-60.0000
22
-30.0000
32
-2.0585
13
-65.0000
23
-30.0000
33
-2.1191
0
3DFACE
8
S_UMGEBUNG_GELAENDE
10
-65.0000
20
-30.0000
30
-2.1191
11
-60.0000
21
-30.0000
31
-2.0585
12
-60.0000
22
-25.0000
32
-1.9685
13
-65.0000
23
-25.0000
33
-2.0291
0
3DFACE
8
S_UMGEBUNG_GELAENDE
10
-65.0000
20
-25.0000
30
-2.0291
11
-60.0000
21
-25.0000
31
-1.9685
12
-60.0000
22
-20.0000
32
-1.8785
13
-65.0000
23
-20.0000
33
-1.9391
0
3DFACE
8
S_UMGEBUNG_GELAENDE
10
-65.0000
20
-20.0000
30
-1.9391
11
-60.0000
21
-20.0000
31
-1.8785
12
-60.0000
22
-15.0000
32
-1.7885
13
-65.0000
23
-15.0000
33
-1.8491
0
3DFACE
8
S_UMGEBUNG_GELAENDE
10
-65.0000
20
-15.0000
30
-1.8491
11
-60.0000
21
-15.0000
31
-1.7885
12
-60.0000
22
-10.0000
32
-1.6985
13
-65.0000
23
-10.0000
33
-1.7591
0
3DFACE
8
S_UMGEBUNG_GELAENDE
10
-65.0000
20
-10.0000
30
-1.7591
11
-60.0000
21
-10.0000
31
-1.6985
12
-60.0000
22
-5.0000
32
-1.6085
13
-65.0000
23
-5.0000
33
-1.6691
0
3DFACE
8
S_UMGEBUNG_GELAENDE
10
-65.0000
20
-5.0000
30
-1.6691
11
-60.0000
21
-5.0000
31
-1.6085
12
-60.0000
22
0.0000
32
-1.5185
13
-65.0000
23
0.0000
33
-1.5791
0
3DFACE
8
S_UMGEBUNG_GELAENDE
10
-65.0000
20
0.0000
30
-1.5791
11
-60.0000
21
0.0000
31
-1.5185
12
-60.0000
22
5.0000
32
-1.4285
13
-65.0000
23
5.0000
33
-1.4891
0
3DFACE
8
S_UMGEBUNG_GELAENDE
10
-65.0000
20
5.0000
30
-1.4891
11
-60.0000
21
5.0000
31
-1.4285
12
-60.0000
22
10.0000
32
-1.3385
13
-65.0000
23
10.0000
33
-1.3991
0
3DFACE
8
S_UMGEBUNG_GELAENDE
10
-65.0000
20
10.0000
30
-1.3991
11
-60.0000
21
10.0000
31
-1.3385
12
-60.0000
22
15.0000
32
-1.2485
13
-65.0000
23
15.0000
33
-1.3091
0
3DFACE
8
S_UMGEBUNG_GELAENDE
10
-65.0000
20
15.0000
30
-1.3091
11
-60.0000
21
15.0000
31
-1.2485
12
-60.0000
22
20.0000
32
-1.1585
13
-65.0000
23
20.0000
33
-1.2191
0
3DFACE
8
S_UMGEBUNG_GELAENDE
10
-65.0000
20
20.0000
30
-1.2191
11
-60.0000
21
20.0000
31
-1.1585
12
-60.0000
22
25.0000
32
-1.0685
13
-65.0000
23
25.0000
33
-1.1291
0
3DFACE
8
S_UMGEBUNG_GELAENDE
10
-65.0000
20
25.0000
30
-1.1291
11
-60.0000
21
25.0000
31
-1.0685
12
-60.0000
22
30.0000
32
-0.9785
13
-65.0000
23
30.0000
33
-1.0391
0
3DFACE
8
S_UMGEBUNG_GELAENDE
10
-65.0000
20
30.0000
30
-1.0391
11
-60.0000
21
30.0000
31
-0.9785
12
-60.0000
22
35.0000
32
-0.8885
13
-65.0000
23
35.0000
33
-0.9491
0
3DFACE
8
S_UMGEBUNG_GELAENDE
10
-65.0000
20
35.0000
30
-0.9491
11
-60.0000
21
35.0000
31
-0.8885
12
-60.0000
22
40.0000
32
-0.7985
13
-65.0000
23
40.0000
33
-0.8591
0
3DFACE
8
S_UMGEBUNG_GELAENDE
10
-65.0000
20
40.0000
30
-0.8591
11
-60.0000
21
40.0000
31
-0.7985
12
-60.0000
22
45.0000
32
-0.7085
13
-65.0000
23
45.0000
33
-0.7691
0
3DFACE
8
S_UMGEBUNG_GELAENDE
10
-65.0000
20
45.0000
30
-0.7691
11
-60.0000
21
45.0000
31
-0.7085
12
-60.0000
22
50.0000
32
-0.6185
13
-65.0000
23
50.0000
33
-0.6791
0
3DFACE
8
S_UMGEBUNG_GELAENDE
10
-65.0000
20
50.0000
30
-0.6791
11
-60.0000
21
50.0000
31
-0.6185
12
-60.0000
22
55.0000
32
-0.5285
13
-65.0000
23
55.0000
33
-0.5891
0
3DFACE
8
S_UMGEBUNG_GELAENDE
10
-65.0000
20
55.0000
30
-0.5891
11
-60.0000
21
55.0000
31
-0.5285
12
-60.0000
22
60.0000
32
-0.4385
13
-65.0000
23
60.0000
33
-0.4991
0
3DFACE
8
S_UMGEBUNG_GELAENDE
10
-65.0000
20
60.0000
30
-0.4991
11
-60.0000
21
60.0000
31
-0.4385
12
-60.0000
22
65.0000
32
-0.3485
13
-65.0000
23
65.0000
33
-0.4091
0
3DFACE
8
S_UMGEBUNG_GELAENDE
10
-65.0000
20
65.0000
30
-0.4091
11
-60.0000
21
65.0000
31
-0.3485
12
-60.0000
22
70.0000
32
-0.2585
13
-65.0000
23
70.0000
33
-0.3191
0
3DFACE
8
S_UMGEBUNG_GELAENDE
10
-65.0000
20
70.0000
30
-0.3191
11
-60.0000
21
70.0000
31
-0.2585
12
-60.0000
22
75.0000
32
-0.1685
13
-65.0000
23
75.0000
33
-0.2291
0
3DFACE
8
S_UMGEBUNG_GELAENDE
10
-65.0000
20
75.0000
30
-0.2291
11
-60.0000
21
75.0000
31
-0.1685
12
-60.0000
22
80.0000
32
-0.0785
13
-65.0000
23
80.0000
33
-0.1391
0
3DFACE
8
S_UMGEBUNG_GELAENDE
10
-65.0000
20
80.0000
30
-0.1391
11
-60.0000
21
80.0000
31
-0.0785
12
-60.0000
22
85.0000
32
0.0115
13
-65.0000
23
85.0000
33
-0.0491
0
3DFACE
8
S_UMGEBUNG_GELAENDE
10
-65.0000
20
85.0000
30
-0.0491
11
-60.0000
21
85.0000
31
0.0115
12
-60.0000
22
90.0000
32
0.1015
13
-65.0000
23
90.0000
33
0.0409
0
3DFACE
8
S_UMGEBUNG_GELAENDE
10
-65.0000
20
90.0000
30
0.0409
11
-60.0000
21
90.0000
31
0.1015
12
-60.0000
22
95.0000
32
0.1915
13
-65.0000
23
95.0000
33
0.1309
0
3DFACE
8
S_UMGEBUNG_GELAENDE
10
-65.0000
20
95.0000
30
0.1309
11
-60.0000
21
95.0000
31
0.1915
12
-60.0000
22
100.0000
32
0.2815
13
-65.0000
23
100.0000
33
0.2209
0
3DFACE
8
S_UMGEBUNG_GELAENDE
10
-65.0000
20
100.0000
30
0.2209
11
-60.0000
21
100.0000
31
0.2815
12
-60.0000
22
105.0000
32
0.3715
13
-65.0000
23
105.0000
33
0.3109
0
3DFACE
8
S_UMGEBUNG_GELAENDE
10
-65.0000
20
105.0000
30
0.3109
11
-60.0000
21
105.0000
31
0.3715
12
-60.0000
22
110.0000
32
0.4615
13
-65.0000
23
110.0000
33
0.4009
0
3DFACE
8
S_UMGEBUNG_GELAENDE
10
-65.0000
20
110.0000
30
0.4009
11
-60.0000
21
110.0000
31
0.4615
12
-60.0000
22
115.0000
32
0.5515
13
-65.0000
23
115.0000
33
0.4909
0
3DFACE
8
S_UMGEBUNG_GELAENDE
10
-65.0000
20
115.0000
30
0.4909
11
-60.0000
21
115.0000
31
0.5515
12
-60.0000
22
120.0000
32
0.6415
13
-65.0000
23
120.0000
33
0.5809
0
3DFACE
8
S_UMGEBUNG_GELAENDE
10
-65.0000
20
120.0000
30
0.5809
11
-60.0000
21
120.0000
31
0.6415
12
-60.0000
22
125.0000
32
0.7315
13
-65.0000
23
125.0000
33
0.6709
0
3DFACE
8
S_UMGEBUNG_GELAENDE
10
-65.0000
20
125.0000
30
0.6709
11
-60.0000
21
125.0000
31
0.7315
12
-60.0000
22
130.0000
32
0.8215
13
-65.0000
23
130.0000
33
0.7609
0
3DFACE
8
S_UMGEBUNG_GELAENDE
10
-65.0000
20
130.0000
30
0.7609
11
-60.0000
21
130.0000
31
0.8215
12
-60.0000
22
135.0000
32
0.9115
13
-65.0000
23
135.0000
33
0.8509
0
3DFACE
8
S_UMGEBUNG_GELAENDE
10
-60.0000
20
-140.0000
30
-4.0385
11
-55.0000
21
-140.0000
31
-3.9685
12
-55.0000
22
-135.0000
32
-3.8785
13
-60.0000
23
-135.0000
33
-3.9485
0
3DFACE
8
S_UMGEBUNG_GELAENDE
10
-60.0000
20
-135.0000
30
-3.9485
11
-55.0000
21
-135.0000
31
-3.8785
12
-55.0000
22
-130.0000
32
-3.7885
13
-60.0000
23
-130.0000
33
-3.8585
0
3DFACE
8
S_UMGEBUNG_GELAENDE
10
-60.0000
20
-130.0000
30
-3.8585
11
-55.0000
21
-130.0000
31
-3.7885
12
-55.0000
22
-125.0000
32
-3.6985
13
-60.0000
23
-125.0000
33
-3.7685
0
3DFACE
8
S_UMGEBUNG_GELAENDE
10
-60.0000
20
-125.0000
30
-3.7685
11
-55.0000
21
-125.0000
31
-3.6985
12
-55.0000
22
-120.0000
32
-3.6085
13
-60.0000
23
-120.0000
33
-3.6785
0
3DFACE
8
S_UMGEBUNG_GELAENDE
10
-60.0000
20
-120.0000
30
-3.6785
11
-55.0000
21
-120.0000
31
-3.6085
12
-55.0000
22
-115.0000
32
-3.5185
13
-60.0000
23
-115.0000
33
-3.5885
0
3DFACE
8
S_UMGEBUNG_GELAENDE
10
-60.0000
20
-115.0000
30
-3.5885
11
-55.0000
21
-115.0000
31
-3.5185
12
-55.0000
22
-110.0000
32
-3.4285
13
-60.0000
23
-110.0000
33
-3.4985
0
3DFACE
8
S_UMGEBUNG_GELAENDE
10
-60.0000
20
-110.0000
30
-3.4985
11
-55.0000
21
-110.0000
31
-3.4285
12
-55.0000
22
-105.0000
32
-3.3385
13
-60.0000
23
-105.0000
33
-3.4085
0
3DFACE
8
S_UMGEBUNG_GELAENDE
10
-60.0000
20
-105.0000
30
-3.4085
11
-55.0000
21
-105.0000
31
-3.3385
12
-55.0000
22
-100.0000
32
-3.2485
13
-60.0000
23
-100.0000
33
-3.3185
0
3DFACE
8
S_UMGEBUNG_GELAENDE
10
-60.0000
20
-100.0000
30
-3.3185
11
-55.0000
21
-100.0000
31
-3.2485
12
-55.0000
22
-95.0000
32
-3.1585
13
-60.0000
23
-95.0000
33
-3.2285
0
3DFACE
8
S_UMGEBUNG_GELAENDE
10
-60.0000
20
-95.0000
30
-3.2285
11
-55.0000
21
-95.0000
31
-3.1585
12
-55.0000
22
-90.0000
32
-3.0685
13
-60.0000
23
-90.0000
33
-3.1385
0
3DFACE
8
S_UMGEBUNG_GELAENDE
10
-60.0000
20
-90.0000
30
-3.1385
11
-55.0000
21
-90.0000
31
-3.0685
12
-55.0000
22
-85.0000
32
-2.9785
13
-60.0000
23
-85.0000
33
-3.0485
0
3DFACE
8
S_UMGEBUNG_GELAENDE
10
-60.0000
20
-85.0000
30
-3.0485
11
-55.0000
21
-85.0000
31
-2.9785
12
-55.0000
22
-80.0000
32
-2.8885
13
-60.0000
23
-80.0000
33
-2.9585
0
3DFACE
8
S_UMGEBUNG_GELAENDE
10
-60.0000
20
-80.0000
30
-2.9585
11
-55.0000
21
-80.0000
31
-2.8885
12
-55.0000
22
-75.0000
32
-2.7985
13
-60.0000
23
-75.0000
33
-2.8685
0
3DFACE
8
S_UMGEBUNG_GELAENDE
10
-60.0000
20
-75.0000
30
-2.8685
11
-55.0000
21
-75.0000
31
-2.7985
12
-55.0000
22
-70.0000
32
-2.7085
13
-60.0000
23
-70.0000
33
-2.7785
0
3DFACE
8
S_UMGEBUNG_GELAENDE
10
-60.0000
20
-70.0000
30
-2.7785
11
-55.0000
21
-70.0000
31
-2.7085
12
-55.0000
22
-65.0000
32
-2.6185
13
-60.0000
23
-65.0000
33
-2.6885
0
3DFACE
8
S_UMGEBUNG_GELAENDE
10
-60.0000
20
-65.0000
30
-2.6885
11
-55.0000
21
-65.0000
31
-2.6185
12
-55.0000
22
-60.0000
32
-2.5285
13
-60.0000
23
-60.0000
33
-2.5985
0
3DFACE
8
S_UMGEBUNG_GELAENDE
10
-60.0000
20
-60.0000
30
-2.5985
11
-55.0000
21
-60.0000
31
-2.5285
12
-55.0000
22
-55.0000
32
-2.4385
13
-60.0000
23
-55.0000
33
-2.5085
0
3DFACE
8
S_UMGEBUNG_GELAENDE
10
-60.0000
20
-55.0000
30
-2.5085
11
-55.0000
21
-55.0000
31
-2.4385
12
-55.0000
22
-50.0000
32
-2.3485
13
-60.0000
23
-50.0000
33
-2.4185
0
3DFACE
8
S_UMGEBUNG_GELAENDE
10
-60.0000
20
-50.0000
30
-2.4185
11
-55.0000
21
-50.0000
31
-2.3485
12
-55.0000
22
-45.0000
32
-2.2585
13
-60.0000
23
-45.0000
33
-2.3285
0
3DFACE
8
S_UMGEBUNG_GELAENDE
10
-60.0000
20
-45.0000
30
-2.3285
11
-55.0000
21
-45.0000
31
-2.2585
12
-55.0000
22
-40.0000
32
-2.1685
13
-60.0000
23
-40.0000
33
-2.2385
0
3DFACE
8
S_UMGEBUNG_GELAENDE
10
-60.0000
20
-40.0000
30
-2.2385
11
-55.0000
21
-40.0000
31
-2.1685
12
-55.0000
22
-35.0000
32
-2.0785
13
-60.0000
23
-35.0000
33
-2.1485
0
3DFACE
8
S_UMGEBUNG_GELAENDE
10
-60.0000
20
-35.0000
30
-2.1485
11
-55.0000
21
-35.0000
31
-2.0785
12
-55.0000
22
-30.0000
32
-1.9885
13
-60.0000
23
-30.0000
33
-2.0585
0
3DFACE
8
S_UMGEBUNG_GELAENDE
10
-60.0000
20
-30.0000
30
-2.0585
11
-55.0000
21
-30.0000
31
-1.9885
12
-55.0000
22
-25.0000
32
-1.8985
13
-60.0000
23
-25.0000
33
-1.9685
0
3DFACE
8
S_UMGEBUNG_GELAENDE
10
-60.0000
20
-25.0000
30
-1.9685
11
-55.0000
21
-25.0000
31
-1.8985
12
-55.0000
22
-20.0000
32
-1.8085
13
-60.0000
23
-20.0000
33
-1.8785
0
3DFACE
8
S_UMGEBUNG_GELAENDE
10
-60.0000
20
-20.0000
30
-1.8785
11
-55.0000
21
-20.0000
31
-1.8085
12
-55.0000
22
-15.0000
32
-1.7185
13
-60.0000
23
-15.0000
33
-1.7885
0
3DFACE
8
S_UMGEBUNG_GELAENDE
10
-60.0000
20
-15.0000
30
-1.7885
11
-55.0000
21
-15.0000
31
-1.7185
12
-55.0000
22
-10.0000
32
-1.6285
13
-60.0000
23
-10.0000
33
-1.6985
0
3DFACE
8
S_UMGEBUNG_GELAENDE
10
-60.0000
20
-10.0000
30
-1.6985
11
-55.0000
21
-10.0000
31
-1.6285
12
-55.0000
22
-5.0000
32
-1.5385
13
-60.0000
23
-5.0000
33
-1.6085
0
3DFACE
8
S_UMGEBUNG_GELAENDE
10
-60.0000
20
-5.0000
30
-1.6085
11
-55.0000
21
-5.0000
31
-1.5385
12
-55.0000
22
0.0000
32
-1.4485
13
-60.0000
23
0.0000
33
-1.5185
0
3DFACE
8
S_UMGEBUNG_GELAENDE
10
-60.0000
20
0.0000
30
-1.5185
11
-55.0000
21
0.0000
31
-1.4485
12
-55.0000
22
5.0000
32
-1.3585
13
-60.0000
23
5.0000
33
-1.4285
0
3DFACE
8
S_UMGEBUNG_GELAENDE
10
-60.0000
20
5.0000
30
-1.4285
11
-55.0000
21
5.0000
31
-1.3585
12
-55.0000
22
10.0000
32
-1.2685
13
-60.0000
23
10.0000
33
-1.3385
0
3DFACE
8
S_UMGEBUNG_GELAENDE
10
-60.0000
20
10.0000
30
-1.3385
11
-55.0000
21
10.0000
31
-1.2685
12
-55.0000
22
15.0000
32
-1.1785
13
-60.0000
23
15.0000
33
-1.2485
0
3DFACE
8
S_UMGEBUNG_GELAENDE
10
-60.0000
20
15.0000
30
-1.2485
11
-55.0000
21
15.0000
31
-1.1785
12
-55.0000
22
20.0000
32
-1.0885
13
-60.0000
23
20.0000
33
-1.1585
0
3DFACE
8
S_UMGEBUNG_GELAENDE
10
-60.0000
20
20.0000
30
-1.1585
11
-55.0000
21
20.0000
31
-1.0885
12
-55.0000
22
25.0000
32
-0.9985
13
-60.0000
23
25.0000
33
-1.0685
0
3DFACE
8
S_UMGEBUNG_GELAENDE
10
-60.0000
20
25.0000
30
-1.0685
11
-55.0000
21
25.0000
31
-0.9985
12
-55.0000
22
30.0000
32
-0.9085
13
-60.0000
23
30.0000
33
-0.9785
0
3DFACE
8
S_UMGEBUNG_GELAENDE
10
-60.0000
20
30.0000
30
-0.9785
11
-55.0000
21
30.0000
31
-0.9085
12
-55.0000
22
35.0000
32
-0.8185
13
-60.0000
23
35.0000
33
-0.8885
0
3DFACE
8
S_UMGEBUNG_GELAENDE
10
-60.0000
20
35.0000
30
-0.8885
11
-55.0000
21
35.0000
31
-0.8185
12
-55.0000
22
40.0000
32
-0.7285
13
-60.0000
23
40.0000
33
-0.7985
0
3DFACE
8
S_UMGEBUNG_GELAENDE
10
-60.0000
20
40.0000
30
-0.7985
11
-55.0000
21
40.0000
31
-0.7285
12
-55.0000
22
45.0000
32
-0.6385
13
-60.0000
23
45.0000
33
-0.7085
0
3DFACE
8
S_UMGEBUNG_GELAENDE
10
-60.0000
20
45.0000
30
-0.7085
11
-55.0000
21
45.0000
31
-0.6385
12
-55.0000
22
50.0000
32
-0.5485
13
-60.0000
23
50.0000
33
-0.6185
0
3DFACE
8
S_UMGEBUNG_GELAENDE
10
-60.0000
20
50.0000
30
-0.6185
11
-55.0000
21
50.0000
31
-0.5485
12
-55.0000
22
55.0000
32
-0.4585
13
-60.0000
23
55.0000
33
-0.5285
0
3DFACE
8
S_UMGEBUNG_GELAENDE
10
-60.0000
20
55.0000
30
-0.5285
11
-55.0000
21
55.0000
31
-0.4585
12
-55.0000
22
60.0000
32
-0.3685
13
-60.0000
23
60.0000
33
-0.4385
0
3DFACE
8
S_UMGEBUNG_GELAENDE
10
-60.0000
20
60.0000
30
-0.4385
11
-55.0000
21
60.0000
31
-0.3685
12
-55.0000
22
65.0000
32
-0.2785
13
-60.0000
23
65.0000
33
-0.3485
0
3DFACE
8
S_UMGEBUNG_GELAENDE
10
-60.0000
20
65.0000
30
-0.3485
11
-55.0000
21
65.0000
31
-0.2785
12
-55.0000
22
70.0000
32
-0.1885
13
-60.0000
23
70.0000
33
-0.2585
0
3DFACE
8
S_UMGEBUNG_GELAENDE
10
-60.0000
20
70.0000
30
-0.2585
11
-55.0000
21
70.0000
31
-0.1885
12
-55.0000
22
75.0000
32
-0.0985
13
-60.0000
23
75.0000
33
-0.1685
0
3DFACE
8
S_UMGEBUNG_GELAENDE
10
-60.0000
20
75.0000
30
-0.1685
11
-55.0000
21
75.0000
31
-0.0985
12
-55.0000
22
80.0000
32
-0.0085
13
-60.0000
23
80.0000
33
-0.0785
0
3DFACE
8
S_UMGEBUNG_GELAENDE
10
-60.0000
20
80.0000
30
-0.0785
11
-55.0000
21
80.0000
31
-0.0085
12
-55.0000
22
85.0000
32
0.0815
13
-60.0000
23
85.0000
33
0.0115
0
3DFACE
8
S_UMGEBUNG_GELAENDE
10
-60.0000
20
85.0000
30
0.0115
11
-55.0000
21
85.0000
31
0.0815
12
-55.0000
22
90.0000
32
0.1715
13
-60.0000
23
90.0000
33
0.1015
0
3DFACE
8
S_UMGEBUNG_GELAENDE
10
-60.0000
20
90.0000
30
0.1015
11
-55.0000
21
90.0000
31
0.1715
12
-55.0000
22
95.0000
32
0.2615
13
-60.0000
23
95.0000
33
0.1915
0
3DFACE
8
S_UMGEBUNG_GELAENDE
10
-60.0000
20
95.0000
30
0.1915
11
-55.0000
21
95.0000
31
0.2615
12
-55.0000
22
100.0000
32
0.3515
13
-60.0000
23
100.0000
33
0.2815
0
3DFACE
8
S_UMGEBUNG_GELAENDE
10
-60.0000
20
100.0000
30
0.2815
11
-55.0000
21
100.0000
31
0.3515
12
-55.0000
22
105.0000
32
0.4415
13
-60.0000
23
105.0000
33
0.3715
0
3DFACE
8
S_UMGEBUNG_GELAENDE
10
-60.0000
20
105.0000
30
0.3715
11
-55.0000
21
105.0000
31
0.4415
12
-55.0000
22
110.0000
32
0.5315
13
-60.0000
23
110.0000
33
0.4615
0
3DFACE
8
S_UMGEBUNG_GELAENDE
10
-60.0000
20
110.0000
30
0.4615
11
-55.0000
21
110.0000
31
0.5315
12
-55.0000
22
115.0000
32
0.6215
13
-60.0000
23
115.0000
33
0.5515
0
3DFACE
8
S_UMGEBUNG_GELAENDE
10
-60.0000
20
115.0000
30
0.5515
11
-55.0000
21
115.0000
31
0.6215
12
-55.0000
22
120.0000
32
0.7115
13
-60.0000
23
120.0000
33
0.6415
0
3DFACE
8
S_UMGEBUNG_GELAENDE
10
-60.0000
20
120.0000
30
0.6415
11
-55.0000
21
120.0000
31
0.7115
12
-55.0000
22
125.0000
32
0.8015
13
-60.0000
23
125.0000
33
0.7315
0
3DFACE
8
S_UMGEBUNG_GELAENDE
10
-60.0000
20
125.0000
30
0.7315
11
-55.0000
21
125.0000
31
0.8015
12
-55.0000
22
130.0000
32
0.8915
13
-60.0000
23
130.0000
33
0.8215
0
3DFACE
8
S_UMGEBUNG_GELAENDE
10
-60.0000
20
130.0000
30
0.8215
11
-55.0000
21
130.0000
31
0.8915
12
-55.0000
22
135.0000
32
0.9815
13
-60.0000
23
135.0000
33
0.9115
0
3DFACE
8
S_UMGEBUNG_GELAENDE
10
-60.0000
20
135.0000
30
0.9115
11
-55.0000
21
135.0000
31
0.9815
12
-55.0000
22
140.0000
32
1.0715
13
-60.0000
23
140.0000
33
1.0015
0
3DFACE
8
S_UMGEBUNG_GELAENDE
10
-55.0000
20
-140.0000
30
-3.9685
11
-50.0000
21
-140.0000
31
-3.8894
12
-50.0000
22
-135.0000
32
-3.7994
13
-55.0000
23
-135.0000
33
-3.8785
0
3DFACE
8
S_UMGEBUNG_GELAENDE
10
-55.0000
20
-135.0000
30
-3.8785
11
-50.0000
21
-135.0000
31
-3.7994
12
-50.0000
22
-130.0000
32
-3.7094
13
-55.0000
23
-130.0000
33
-3.7885
0
3DFACE
8
S_UMGEBUNG_GELAENDE
10
-55.0000
20
-130.0000
30
-3.7885
11
-50.0000
21
-130.0000
31
-3.7094
12
-50.0000
22
-125.0000
32
-3.6194
13
-55.0000
23
-125.0000
33
-3.6985
0
3DFACE
8
S_UMGEBUNG_GELAENDE
10
-55.0000
20
-125.0000
30
-3.6985
11
-50.0000
21
-125.0000
31
-3.6194
12
-50.0000
22
-120.0000
32
-3.5294
13
-55.0000
23
-120.0000
33
-3.6085
0
3DFACE
8
S_UMGEBUNG_GELAENDE
10
-55.0000
20
-120.0000
30
-3.6085
11
-50.0000
21
-120.0000
31
-3.5294
12
-50.0000
22
-115.0000
32
-3.4394
13
-55.0000
23
-115.0000
33
-3.5185
0
3DFACE
8
S_UMGEBUNG_GELAENDE
10
-55.0000
20
-115.0000
30
-3.5185
11
-50.0000
21
-115.0000
31
-3.4394
12
-50.0000
22
-110.0000
32
-3.3494
13
-55.0000
23
-110.0000
33
-3.4285
0
3DFACE
8
S_UMGEBUNG_GELAENDE
10
-55.0000
20
-110.0000
30
-3.4285
11
-50.0000
21
-110.0000
31
-3.3494
12
-50.0000
22
-105.0000
32
-3.2594
13
-55.0000
23
-105.0000
33
-3.3385
0
3DFACE
8
S_UMGEBUNG_GELAENDE
10
-55.0000
20
-105.0000
30
-3.3385
11
-50.0000
21
-105.0000
31
-3.2594
12
-50.0000
22
-100.0000
32
-3.1694
13
-55.0000
23
-100.0000
33
-3.2485
0
3DFACE
8
S_UMGEBUNG_GELAENDE
10
-55.0000
20
-100.0000
30
-3.2485
11
-50.0000
21
-100.0000
31
-3.1694
12
-50.0000
22
-95.0000
32
-3.0794
13
-55.0000
23
-95.0000
33
-3.1585
0
3DFACE
8
S_UMGEBUNG_GELAENDE
10
-55.0000
20
-95.0000
30
-3.1585
11
-50.0000
21
-95.0000
31
-3.0794
12
-50.0000
22
-90.0000
32
-2.9894
13
-55.0000
23
-90.0000
33
-3.0685
0
3DFACE
8
S_UMGEBUNG_GELAENDE
10
-55.0000
20
-90.0000
30
-3.0685
11
-50.0000
21
-90.0000
31
-2.9894
12
-50.0000
22
-85.0000
32
-2.8994
13
-55.0000
23
-85.0000
33
-2.9785
0
3DFACE
8
S_UMGEBUNG_GELAENDE
10
-55.0000
20
-85.0000
30
-2.9785
11
-50.0000
21
-85.0000
31
-2.8994
12
-50.0000
22
-80.0000
32
-2.8094
13
-55.0000
23
-80.0000
33
-2.8885
0
3DFACE
8
S_UMGEBUNG_GELAENDE
10
-55.0000
20
-80.0000
30
-2.8885
11
-50.0000
21
-80.0000
31
-2.8094
12
-50.0000
22
-75.0000
32
-2.7194
13
-55.0000
23
-75.0000
33
-2.7985
0
3DFACE
8
S_UMGEBUNG_GELAENDE
10
-55.0000
20
-75.0000
30
-2.7985
11
-50.0000
21
-75.0000
31
-2.7194
12
-50.0000
22
-70.0000
32
-2.6294
13
-55.0000
23
-70.0000
33
-2.7085
0
3DFACE
8
S_UMGEBUNG_GELAENDE
10
-55.0000
20
-70.0000
30
-2.7085
11
-50.0000
21
-70.0000
31
-2.6294
12
-50.0000
22
-65.0000
32
-2.5394
13
-55.0000
23
-65.0000
33
-2.6185
0
3DFACE
8
S_UMGEBUNG_GELAENDE
10
-55.0000
20
-65.0000
30
-2.6185
11
-50.0000
21
-65.0000
31
-2.5394
12
-50.0000
22
-60.0000
32
-2.4494
13
-55.0000
23
-60.0000
33
-2.5285
0
3DFACE
8
S_UMGEBUNG_GELAENDE
10
-55.0000
20
-60.0000
30
-2.5285
11
-50.0000
21
-60.0000
31
-2.4494
12
-50.0000
22
-55.0000
32
-2.3594
13
-55.0000
23
-55.0000
33
-2.4385
0
3DFACE
8
S_UMGEBUNG_GELAENDE
10
-55.0000
20
-55.0000
30
-2.4385
11
-50.0000
21
-55.0000
31
-2.3594
12
-50.0000
22
-50.0000
32
-2.2694
13
-55.0000
23
-50.0000
33
-2.3485
0
3DFACE
8
S_UMGEBUNG_GELAENDE
10
-55.0000
20
-50.0000
30
-2.3485
11
-50.0000
21
-50.0000
31
-2.2694
12
-50.0000
22
-45.0000
32
-2.1794
13
-55.0000
23
-45.0000
33
-2.2585
0
3DFACE
8
S_UMGEBUNG_GELAENDE
10
-55.0000
20
-45.0000
30
-2.2585
11
-50.0000
21
-45.0000
31
-2.1794
12
-50.0000
22
-40.0000
32
-2.0894
13
-55.0000
23
-40.0000
33
-2.1685
0
3DFACE
8
S_UMGEBUNG_GELAENDE
10
-55.0000
20
-40.0000
30
-2.1685
11
-50.0000
21
-40.0000
31
-2.0894
12
-50.0000
22
-35.0000
32
-1.9994
13
-55.0000
23
-35.0000
33
-2.0785
0
3DFACE
8
S_UMGEBUNG_GELAENDE
10
-55.0000
20
-35.0000
30
-2.0785
11
-50.0000
21
-35.0000
31
-1.9994
12
-50.0000
22
-30.0000
32
-1.9094
13
-55.0000
23
-30.0000
33
-1.9885
0
3DFACE
8
S_UMGEBUNG_GELAENDE
10
-55.0000
20
-30.0000
30
-1.9885
11
-50.0000
21
-30.0000
31
-1.9094
12
-50.0000
22
-25.0000
32
-1.8194
13
-55.0000
23
-25.0000
33
-1.8985
0
3DFACE
8
S_UMGEBUNG_GELAENDE
10
-55.0000
20
-25.0000
30
-1.8985
11
-50.0000
21
-25.0000
31
-1.8194
12
-50.0000
22
-20.0000
32
-1.7294
13
-55.0000
23
-20.0000
33
-1.8085
0
3DFACE
8
S_UMGEBUNG_GELAENDE
10
-55.0000
20
-20.0000
30
-1.8085
11
-50.0000
21
-20.0000
31
-1.7294
12
-50.0000
22
-15.0000
32
-1.6394
13
-55.0000
23
-15.0000
33
-1.7185
0
3DFACE
8
S_UMGEBUNG_GELAENDE
10
-55.0000
20
-15.0000
30
-1.7185
11
-50.0000
21
-15.0000
31
-1.6394
12
-50.0000
22
-10.0000
32
-1.5494
13
-55.0000
23
-10.0000
33
-1.6285
0
3DFACE
8
S_UMGEBUNG_GELAENDE
10
-55.0000
20
-10.0000
30
-1.6285
11
-50.0000
21
-10.0000
31
-1.5494
12
-50.0000
22
-5.0000
32
-1.4594
13
-55.0000
23
-5.0000
33
-1.5385
0
3DFACE
8
S_UMGEBUNG_GELAENDE
10
-55.0000
20
-5.0000
30
-1.5385
11
-50.0000
21
-5.0000
31
-1.4594
12
-50.0000
22
0.0000
32
-1.3694
13
-55.0000
23
0.0000
33
-1.4485
0
3DFACE
8
S_UMGEBUNG_GELAENDE
10
-55.0000
20
0.0000
30
-1.4485
11
-50.0000
21
0.0000
31
-1.3694
12
-50.0000
22
5.0000
32
-1.2794
13
-55.0000
23
5.0000
33
-1.3585
0
3DFACE
8
S_UMGEBUNG_GELAENDE
10
-55.0000
20
5.0000
30
-1.3585
11
-50.0000
21
5.0000
31
-1.2794
12
-50.0000
22
10.0000
32
-1.1894
13
-55.0000
23
10.0000
33
-1.2685
0
3DFACE
8
S_UMGEBUNG_GELAENDE
10
-55.0000
20
10.0000
30
-1.2685
11
-50.0000
21
10.0000
31
-1.1894
12
-50.0000
22
15.0000
32
-1.0994
13
-55.0000
23
15.0000
33
-1.1785
0
3DFACE
8
S_UMGEBUNG_GELAENDE
10
-55.0000
20
15.0000
30
-1.1785
11
-50.0000
21
15.0000
31
-1.0994
12
-50.0000
22
20.0000
32
-1.0094
13
-55.0000
23
20.0000
33
-1.0885
0
3DFACE
8
S_UMGEBUNG_GELAENDE
10
-55.0000
20
20.0000
30
-1.0885
11
-50.0000
21
20.0000
31
-1.0094
12
-50.0000
22
25.0000
32
-0.9194
13
-55.0000
23
25.0000
33
-0.9985
0
3DFACE
8
S_UMGEBUNG_GELAENDE
10
-55.0000
20
25.0000
30
-0.9985
11
-50.0000
21
25.0000
31
-0.9194
12
-50.0000
22
30.0000
32
-0.8294
13
-55.0000
23
30.0000
33
-0.9085
0
3DFACE
8
S_UMGEBUNG_GELAENDE
10
-55.0000
20
30.0000
30
-0.9085
11
-50.0000
21
30.0000
31
-0.8294
12
-50.0000
22
35.0000
32
-0.7394
13
-55.0000
23
35.0000
33
-0.8185
0
3DFACE
8
S_UMGEBUNG_GELAENDE
10
-55.0000
20
35.0000
30
-0.8185
11
-50.0000
21
35.0000
31
-0.7394
12
-50.0000
22
40.0000
32
-0.6494
13
-55.0000
23
40.0000
33
-0.7285
0
3DFACE
8
S_UMGEBUNG_GELAENDE
10
-55.0000
20
40.0000
30
-0.7285
11
-50.0000
21
40.0000
31
-0.6494
12
-50.0000
22
45.0000
32
-0.5594
13
-55.0000
23
45.0000
33
-0.6385
0
3DFACE
8
S_UMGEBUNG_GELAENDE
10
-55.0000
20
45.0000
30
-0.6385
11
-50.0000
21
45.0000
31
-0.5594
12
-50.0000
22
50.0000
32
-0.4694
13
-55.0000
23
50.0000
33
-0.5485
0
3DFACE
8
S_UMGEBUNG_GELAENDE
10
-55.0000
20
50.0000
30
-0.5485
11
-50.0000
21
50.0000
31
-0.4694
12
-50.0000
22
55.0000
32
-0.3794
13
-55.0000
23
55.0000
33
-0.4585
0
3DFACE
8
S_UMGEBUNG_GELAENDE
10
-55.0000
20
55.0000
30
-0.4585
11
-50.0000
21
55.0000
31
-0.3794
12
-50.0000
22
60.0000
32
-0.2894
13
-55.0000
23
60.0000
33
-0.3685
0
3DFACE
8
S_UMGEBUNG_GELAENDE
10
-55.0000
20
60.0000
30
-0.3685
11
-50.0000
21
60.0000
31
-0.2894
12
-50.0000
22
65.0000
32
-0.1994
13
-55.0000
23
65.0000
33
-0.2785
0
3DFACE
8
S_UMGEBUNG_GELAENDE
10
-55.0000
20
65.0000
30
-0.2785
11
-50.0000
21
65.0000
31
-0.1994
12
-50.0000
22
70.0000
32
-0.1094
13
-55.0000
23
70.0000
33
-0.1885
0
3DFACE
8
S_UMGEBUNG_GELAENDE
10
-55.0000
20
70.0000
30
-0.1885
11
-50.0000
21
70.0000
31
-0.1094
12
-50.0000
22
75.0000
32
-0.0194
13
-55.0000
23
75.0000
33
-0.0985
0
3DFACE
8
S_UMGEBUNG_GELAENDE
10
-55.0000
20
75.0000
30
-0.0985
11
-50.0000
21
75.0000
31
-0.0194
12
-50.0000
22
80.0000
32
0.0706
13
-55.0000
23
80.0000
33
-0.0085
0
3DFACE
8
S_UMGEBUNG_GELAENDE
10
-55.0000
20
80.0000
30
-0.0085
11
-50.0000
21
80.0000
31
0.0706
12
-50.0000
22
85.0000
32
0.1606
13
-55.0000
23
85.0000
33
0.0815
0
3DFACE
8
S_UMGEBUNG_GELAENDE
10
-55.0000
20
85.0000
30
0.0815
11
-50.0000
21
85.0000
31
0.1606
12
-50.0000
22
90.0000
32
0.2506
13
-55.0000
23
90.0000
33
0.1715
0
3DFACE
8
S_UMGEBUNG_GELAENDE
10
-55.0000
20
90.0000
30
0.1715
11
-50.0000
21
90.0000
31
0.2506
12
-50.0000
22
95.0000
32
0.3406
13
-55.0000
23
95.0000
33
0.2615
0
3DFACE
8
S_UMGEBUNG_GELAENDE
10
-55.0000
20
95.0000
30
0.2615
11
-50.0000
21
95.0000
31
0.3406
12
-50.0000
22
100.0000
32
0.4306
13
-55.0000
23
100.0000
33
0.3515
0
3DFACE
8
S_UMGEBUNG_GELAENDE
10
-55.0000
20
100.0000
30
0.3515
11
-50.0000
21
100.0000
31
0.4306
12
-50.0000
22
105.0000
32
0.5206
13
-55.0000
23
105.0000
33
0.4415
0
3DFACE
8
S_UMGEBUNG_GELAENDE
10
-55.0000
20
105.0000
30
0.4415
11
-50.0000
21
105.0000
31
0.5206
12
-50.0000
22
110.0000
32
0.6106
13
-55.0000
23
110.0000
33
0.5315
0
3DFACE
8
S_UMGEBUNG_GELAENDE
10
-55.0000
20
110.0000
30
0.5315
11
-50.0000
21
110.0000
31
0.6106
12
-50.0000
22
115.0000
32
0.7006
13
-55.0000
23
115.0000
33
0.6215
0
3DFACE
8
S_UMGEBUNG_GELAENDE
10
-55.0000
20
115.0000
30
0.6215
11
-50.0000
21
115.0000
31
0.7006
12
-50.0000
22
120.0000
32
0.7906
13
-55.0000
23
120.0000
33
0.7115
0
3DFACE
8
S_UMGEBUNG_GELAENDE
10
-55.0000
20
120.0000
30
0.7115
11
-50.0000
21
120.0000
31
0.7906
12
-50.0000
22
125.0000
32
0.8806
13
-55.0000
23
125.0000
33
0.8015
0
3DFACE
8
S_UMGEBUNG_GELAENDE
10
-55.0000
20
125.0000
30
0.8015
11
-50.0000
21
125.0000
31
0.8806
12
-50.0000
22
130.0000
32
0.9706
13
-55.0000
23
130.0000
33
0.8915
0
3DFACE
8
S_UMGEBUNG_GELAENDE
10
-55.0000
20
130.0000
30
0.8915
11
-50.0000
21
130.0000
31
0.9706
12
-50.0000
22
135.0000
32
1.0606
13
-55.0000
23
135.0000
33
0.9815
0
3DFACE
8
S_UMGEBUNG_GELAENDE
10
-55.0000
20
135.0000
30
0.9815
11
-50.0000
21
135.0000
31
1.0606
12
-50.0000
22
140.0000
32
1.1506
13
-55.0000
23
140.0000
33
1.0715
0
3DFACE
8
S_UMGEBUNG_GELAENDE
10
-50.0000
20
-140.0000
30
-3.8894
11
-45.0000
21
-140.0000
31
-3.8014
12
-45.0000
22
-135.0000
32
-3.7114
13
-50.0000
23
-135.0000
33
-3.7994
0
3DFACE
8
S_UMGEBUNG_GELAENDE
10
-50.0000
20
-135.0000
30
-3.7994
11
-45.0000
21
-135.0000
31
-3.7114
12
-45.0000
22
-130.0000
32
-3.6214
13
-50.0000
23
-130.0000
33
-3.7094
0
3DFACE
8
S_UMGEBUNG_GELAENDE
10
-50.0000
20
-130.0000
30
-3.7094
11
-45.0000
21
-130.0000
31
-3.6214
12
-45.0000
22
-125.0000
32
-3.5314
13
-50.0000
23
-125.0000
33
-3.6194
0
3DFACE
8
S_UMGEBUNG_GELAENDE
10
-50.0000
20
-125.0000
30
-3.6194
11
-45.0000
21
-125.0000
31
-3.5314
12
-45.0000
22
-120.0000
32
-3.4414
13
-50.0000
23
-120.0000
33
-3.5294
0
3DFACE
8
S_UMGEBUNG_GELAENDE
10
-50.0000
20
-120.0000
30
-3.5294
11
-45.0000
21
-120.0000
31
-3.4414
12
-45.0000
22
-115.0000
32
-3.3514
13
-50.0000
23
-115.0000
33
-3.4394
0
3DFACE
8
S_UMGEBUNG_GELAENDE
10
-50.0000
20
-115.0000
30
-3.4394
11
-45.0000
21
-115.0000
31
-3.3514
12
-45.0000
22
-110.0000
32
-3.2614
13
-50.0000
23
-110.0000
33
-3.3494
0
3DFACE
8
S_UMGEBUNG_GELAENDE
10
-50.0000
20
-110.0000
30
-3.3494
11
-45.0000
21
-110.0000
31
-3.2614
12
-45.0000
22
-105.0000
32
-3.1714
13
-50.0000
23
-105.0000
33
-3.2594
0
3DFACE
8
S_UMGEBUNG_GELAENDE
10
-50.0000
20
-105.0000
30
-3.2594
11
-45.0000
21
-105.0000
31
-3.1714
12
-45.0000
22
-100.0000
32
-3.0814
13
-50.0000
23
-100.0000
33
-3.1694
0
3DFACE
8
S_UMGEBUNG_GELAENDE
10
-50.0000
20
-100.0000
30
-3.1694
11
-45.0000
21
-100.0000
31
-3.0814
12
-45.0000
22
-95.0000
32
-2.9914
13
-50.0000
23
-95.0000
33
-3.0794
0
3DFACE
8
S_UMGEBUNG_GELAENDE
10
-50.0000
20
-95.0000
30
-3.0794
11
-45.0000
21
-95.0000
31
-2.9914
12
-45.0000
22
-90.0000
32
-2.9014
13
-50.0000
23
-90.0000
33
-2.9894
0
3DFACE
8
S_UMGEBUNG_GELAENDE
10
-50.0000
20
-90.0000
30
-2.9894
11
-45.0000
21
-90.0000
31
-2.9014
12
-45.0000
22
-85.0000
32
-2.8114
13
-50.0000
23
-85.0000
33
-2.8994
0
3DFACE
8
S_UMGEBUNG_GELAENDE
10
-50.0000
20
-85.0000
30
-2.8994
11
-45.0000
21
-85.0000
31
-2.8114
12
-45.0000
22
-80.0000
32
-2.7214
13
-50.0000
23
-80.0000
33
-2.8094
0
3DFACE
8
S_UMGEBUNG_GELAENDE
10
-50.0000
20
-80.0000
30
-2.8094
11
-45.0000
21
-80.0000
31
-2.7214
12
-45.0000
22
-75.0000
32
-2.6314
13
-50.0000
23
-75.0000
33
-2.7194
0
3DFACE
8
S_UMGEBUNG_GELAENDE
10
-50.0000
20
-75.0000
30
-2.7194
11
-45.0000
21
-75.0000
31
-2.6314
12
-45.0000
22
-70.0000
32
-2.5414
13
-50.0000
23
-70.0000
33
-2.6294
0
3DFACE
8
S_UMGEBUNG_GELAENDE
10
-50.0000
20
-70.0000
30
-2.6294
11
-45.0000
21
-70.0000
31
-2.5414
12
-45.0000
22
-65.0000
32
-2.4514
13
-50.0000
23
-65.0000
33
-2.5394
0
3DFACE
8
S_UMGEBUNG_GELAENDE
10
-50.0000
20
-65.0000
30
-2.5394
11
-45.0000
21
-65.0000
31
-2.4514
12
-45.0000
22
-60.0000
32
-2.3614
13
-50.0000
23
-60.0000
33
-2.4494
0
3DFACE
8
S_UMGEBUNG_GELAENDE
10
-50.0000
20
-60.0000
30
-2.4494
11
-45.0000
21
-60.0000
31
-2.3614
12
-45.0000
22
-55.0000
32
-2.2714
13
-50.0000
23
-55.0000
33
-2.3594
0
3DFACE
8
S_UMGEBUNG_GELAENDE
10
-50.0000
20
-55.0000
30
-2.3594
11
-45.0000
21
-55.0000
31
-2.2714
12
-45.0000
22
-50.0000
32
-2.1814
13
-50.0000
23
-50.0000
33
-2.2694
0
3DFACE
8
S_UMGEBUNG_GELAENDE
10
-50.0000
20
-50.0000
30
-2.2694
11
-45.0000
21
-50.0000
31
-2.1814
12
-45.0000
22
-45.0000
32
-2.0914
13
-50.0000
23
-45.0000
33
-2.1794
0
3DFACE
8
S_UMGEBUNG_GELAENDE
10
-50.0000
20
-45.0000
30
-2.1794
11
-45.0000
21
-45.0000
31
-2.0914
12
-45.0000
22
-40.0000
32
-2.0014
13
-50.0000
23
-40.0000
33
-2.0894
0
3DFACE
8
S_UMGEBUNG_GELAENDE
10
-50.0000
20
-40.0000
30
-2.0894
11
-45.0000
21
-40.0000
31
-2.0014
12
-45.0000
22
-35.0000
32
-1.9114
13
-50.0000
23
-35.0000
33
-1.9994
0
3DFACE
8
S_UMGEBUNG_GELAENDE
10
-50.0000
20
-35.0000
30
-1.9994
11
-45.0000
21
-35.0000
31
-1.9114
12
-45.0000
22
-30.0000
32
-1.8214
13
-50.0000
23
-30.0000
33
-1.9094
0
3DFACE
8
S_UMGEBUNG_GELAENDE
10
-50.0000
20
-30.0000
30
-1.9094
11
-45.0000
21
-30.0000
31
-1.8214
12
-45.0000
22
-25.0000
32
-1.7314
13
-50.0000
23
-25.0000
33
-1.8194
0
3DFACE
8
S_UMGEBUNG_GELAENDE
10
-50.0000
20
-25.0000
30
-1.8194
11
-45.0000
21
-25.0000
31
-1.7314
12
-45.0000
22
-20.0000
32
-1.6414
13
-50.0000
23
-20.0000
33
-1.7294
0
3DFACE
8
S_UMGEBUNG_GELAENDE
10
-50.0000
20
-20.0000
30
-1.7294
11
-45.0000
21
-20.0000
31
-1.6414
12
-45.0000
22
-15.0000
32
-1.5514
13
-50.0000
23
-15.0000
33
-1.6394
0
3DFACE
8
S_UMGEBUNG_GELAENDE
10
-50.0000
20
-15.0000
30
-1.6394
11
-45.0000
21
-15.0000
31
-1.5514
12
-45.0000
22
-10.0000
32
-1.4614
13
-50.0000
23
-10.0000
33
-1.5494
0
3DFACE
8
S_UMGEBUNG_GELAENDE
10
-50.0000
20
-10.0000
30
-1.5494
11
-45.0000
21
-10.0000
31
-1.4614
12
-45.0000
22
-5.0000
32
-1.3714
13
-50.0000
23
-5.0000
33
-1.4594
0
3DFACE
8
S_UMGEBUNG_GELAENDE
10
-50.0000
20
-5.0000
30
-1.4594
11
-45.0000
21
-5.0000
31
-1.3714
12
-45.0000
22
0.0000
32
-1.2814
13
-50.0000
23
0.0000
33
-1.3694
0
3DFACE
8
S_UMGEBUNG_GELAENDE
10
-50.0000
20
0.0000
30
-1.3694
11
-45.0000
21
0.0000
31
-1.2814
12
-45.0000
22
5.0000
32
-1.1914
13
-50.0000
23
5.0000
33
-1.2794
0
3DFACE
8
S_UMGEBUNG_GELAENDE
10
-50.0000
20
5.0000
30
-1.2794
11
-45.0000
21
5.0000
31
-1.1914
12
-45.0000
22
10.0000
32
-1.1014
13
-50.0000
23
10.0000
33
-1.1894
0
3DFACE
8
S_UMGEBUNG_GELAENDE
10
-50.0000
20
10.0000
30
-1.1894
11
-45.0000
21
10.0000
31
-1.1014
12
-45.0000
22
15.0000
32
-1.0114
13
-50.0000
23
15.0000
33
-1.0994
0
3DFACE
8
S_UMGEBUNG_GELAENDE
10
-50.0000
20
15.0000
30
-1.0994
11
-45.0000
21
15.0000
31
-1.0114
12
-45.0000
22
20.0000
32
-0.9214
13
-50.0000
23
20.0000
33
-1.0094
0
3DFACE
8
S_UMGEBUNG_GELAENDE
10
-50.0000
20
20.0000
30
-1.0094
11
-45.0000
21
20.0000
31
-0.9214
12
-45.0000
22
25.0000
32
-0.8314
13
-50.0000
23
25.0000
33
-0.9194
0
3DFACE
8
S_UMGEBUNG_GELAENDE
10
-50.0000
20
25.0000
30
-0.9194
11
-45.0000
21
25.0000
31
-0.8314
12
-45.0000
22
30.0000
32
-0.7414
13
-50.0000
23
30.0000
33
-0.8294
0
3DFACE
8
S_UMGEBUNG_GELAENDE
10
-50.0000
20
30.0000
30
-0.8294
11
-45.0000
21
30.0000
31
-0.7414
12
-45.0000
22
35.0000
32
-0.6514
13
-50.0000
23
35.0000
33
-0.7394
0
3DFACE
8
S_UMGEBUNG_GELAENDE
10
-50.0000
20
35.0000
30
-0.7394
11
-45.0000
21
35.0000
31
-0.6514
12
-45.0000
22
40.0000
32
-0.5614
13
-50.0000
23
40.0000
33
-0.6494
0
3DFACE
8
S_UMGEBUNG_GELAENDE
10
-50.0000
20
40.0000
30
-0.6494
11
-45.0000
21
40.0000
31
-0.5614
12
-45.0000
22
45.0000
32
-0.4714
13
-50.0000
23
45.0000
33
-0.5594
0
3DFACE
8
S_UMGEBUNG_GELAENDE
10
-50.0000
20
45.0000
30
-0.5594
11
-45.0000
21
45.0000
31
-0.4714
12
-45.0000
22
50.0000
32
-0.3814
13
-50.0000
23
50.0000
33
-0.4694
0
3DFACE
8
S_UMGEBUNG_GELAENDE
10
-50.0000
20
50.0000
30
-0.4694
11
-45.0000
21
50.0000
31
-0.3814
12
-45.0000
22
55.0000
32
-0.2914
13
-50.0000
23
55.0000
33
-0.3794
0
3DFACE
8
S_UMGEBUNG_GELAENDE
10
-50.0000
20
55.0000
30
-0.3794
11
-45.0000
21
55.0000
31
-0.2914
12
-45.0000
22
60.0000
32
-0.2014
13
-50.0000
23
60.0000
33
-0.2894
0
3DFACE
8
S_UMGEBUNG_GELAENDE
10
-50.0000
20
60.0000
30
-0.2894
11
-45.0000
21
60.0000
31
-0.2014
12
-45.0000
22
65.0000
32
-0.1114
13
-50.0000
23
65.0000
33
-0.1994
0
3DFACE
8
S_UMGEBUNG_GELAENDE
10
-50.0000
20
65.0000
30
-0.1994
11
-45.0000
21
65.0000
31
-0.1114
12
-45.0000
22
70.0000
32
-0.0214
13
-50.0000
23
70.0000
33
-0.1094
0
3DFACE
8
S_UMGEBUNG_GELAENDE
10
-50.0000
20
70.0000
30
-0.1094
11
-45.0000
21
70.0000
31
-0.0214
12
-45.0000
22
75.0000
32
0.0686
13
-50.0000
23
75.0000
33
-0.0194
0
3DFACE
8
S_UMGEBUNG_GELAENDE
10
-50.0000
20
75.0000
30
-0.0194
11
-45.0000
21
75.0000
31
0.0686
12
-45.0000
22
80.0000
32
0.1586
13
-50.0000
23
80.0000
33
0.0706
0
3DFACE
8
S_UMGEBUNG_GELAENDE
10
-50.0000
20
80.0000
30
0.0706
11
-45.0000
21
80.0000
31
0.1586
12
-45.0000
22
85.0000
32
0.2486
13
-50.0000
23
85.0000
33
0.1606
0
3DFACE
8
S_UMGEBUNG_GELAENDE
10
-50.0000
20
85.0000
30
0.1606
11
-45.0000
21
85.0000
31
0.2486
12
-45.0000
22
90.0000
32
0.3386
13
-50.0000
23
90.0000
33
0.2506
0
3DFACE
8
S_UMGEBUNG_GELAENDE
10
-50.0000
20
90.0000
30
0.2506
11
-45.0000
21
90.0000
31
0.3386
12
-45.0000
22
95.0000
32
0.4286
13
-50.0000
23
95.0000
33
0.3406
0
3DFACE
8
S_UMGEBUNG_GELAENDE
10
-50.0000
20
95.0000
30
0.3406
11
-45.0000
21
95.0000
31
0.4286
12
-45.0000
22
100.0000
32
0.5186
13
-50.0000
23
100.0000
33
0.4306
0
3DFACE
8
S_UMGEBUNG_GELAENDE
10
-50.0000
20
100.0000
30
0.4306
11
-45.0000
21
100.0000
31
0.5186
12
-45.0000
22
105.0000
32
0.6086
13
-50.0000
23
105.0000
33
0.5206
0
3DFACE
8
S_UMGEBUNG_GELAENDE
10
-50.0000
20
105.0000
30
0.5206
11
-45.0000
21
105.0000
31
0.6086
12
-45.0000
22
110.0000
32
0.6986
13
-50.0000
23
110.0000
33
0.6106
0
3DFACE
8
S_UMGEBUNG_GELAENDE
10
-50.0000
20
110.0000
30
0.6106
11
-45.0000
21
110.0000
31
0.6986
12
-45.0000
22
115.0000
32
0.7886
13
-50.0000
23
115.0000
33
0.7006
0
3DFACE
8
S_UMGEBUNG_GELAENDE
10
-50.0000
20
115.0000
30
0.7006
11
-45.0000
21
115.0000
31
0.7886
12
-45.0000
22
120.0000
32
0.8786
13
-50.0000
23
120.0000
33
0.7906
0
3DFACE
8
S_UMGEBUNG_GELAENDE
10
-50.0000
20
120.0000
30
0.7906
11
-45.0000
21
120.0000
31
0.8786
12
-45.0000
22
125.0000
32
0.9686
13
-50.0000
23
125.0000
33
0.8806
0
3DFACE
8
S_UMGEBUNG_GELAENDE
10
-50.0000
20
125.0000
30
0.8806
11
-45.0000
21
125.0000
31
0.9686
12
-45.0000
22
130.0000
32
1.0586
13
-50.0000
23
130.0000
33
0.9706
0
3DFACE
8
S_UMGEBUNG_GELAENDE
10
-50.0000
20
130.0000
30
0.9706
11
-45.0000
21
130.0000
31
1.0586
12
-45.0000
22
135.0000
32
1.1486
13
-50.0000
23
135.0000
33
1.0606
0
3DFACE
8
S_UMGEBUNG_GELAENDE
10
-50.0000
20
135.0000
30
1.0606
11
-45.0000
21
135.0000
31
1.1486
12
-45.0000
22
140.0000
32
1.2386
13
-50.0000
23
140.0000
33
1.1506
0
3DFACE
8
S_UMGEBUNG_GELAENDE
10
-45.0000
20
-145.0000
30
-3.8914
11
-40.0000
21
-145.0000
31
-3.7949
12
-40.0000
22
-140.0000
32
-3.7049
13
-45.0000
23
-140.0000
33
-3.8014
0
3DFACE
8
S_UMGEBUNG_GELAENDE
10
-45.0000
20
-140.0000
30
-3.8014
11
-40.0000
21
-140.0000
31
-3.7049
12
-40.0000
22
-135.0000
32
-3.6149
13
-45.0000
23
-135.0000
33
-3.7114
0
3DFACE
8
S_UMGEBUNG_GELAENDE
10
-45.0000
20
-135.0000
30
-3.7114
11
-40.0000
21
-135.0000
31
-3.6149
12
-40.0000
22
-130.0000
32
-3.5249
13
-45.0000
23
-130.0000
33
-3.6214
0
3DFACE
8
S_UMGEBUNG_GELAENDE
10
-45.0000
20
-130.0000
30
-3.6214
11
-40.0000
21
-130.0000
31
-3.5249
12
-40.0000
22
-125.0000
32
-3.4349
13
-45.0000
23
-125.0000
33
-3.5314
0
3DFACE
8
S_UMGEBUNG_GELAENDE
10
-45.0000
20
-125.0000
30
-3.5314
11
-40.0000
21
-125.0000
31
-3.4349
12
-40.0000
22
-120.0000
32
-3.3449
13
-45.0000
23
-120.0000
33
-3.4414
0
3DFACE
8
S_UMGEBUNG_GELAENDE
10
-45.0000
20
-120.0000
30
-3.4414
11
-40.0000
21
-120.0000
31
-3.3449
12
-40.0000
22
-115.0000
32
-3.2549
13
-45.0000
23
-115.0000
33
-3.3514
0
3DFACE
8
S_UMGEBUNG_GELAENDE
10
-45.0000
20
-115.0000
30
-3.3514
11
-40.0000
21
-115.0000
31
-3.2549
12
-40.0000
22
-110.0000
32
-3.1649
13
-45.0000
23
-110.0000
33
-3.2614
0
3DFACE
8
S_UMGEBUNG_GELAENDE
10
-45.0000
20
-110.0000
30
-3.2614
11
-40.0000
21
-110.0000
31
-3.1649
12
-40.0000
22
-105.0000
32
-3.0749
13
-45.0000
23
-105.0000
33
-3.1714
0
3DFACE
8
S_UMGEBUNG_GELAENDE
10
-45.0000
20
-105.0000
30
-3.1714
11
-40.0000
21
-105.0000
31
-3.0749
12
-40.0000
22
-100.0000
32
-2.9849
13
-45.0000
23
-100.0000
33
-3.0814
0
3DFACE
8
S_UMGEBUNG_GELAENDE
10
-45.0000
20
-100.0000
30
-3.0814
11
-40.0000
21
-100.0000
31
-2.9849
12
-40.0000
22
-95.0000
32
-2.8949
13
-45.0000
23
-95.0000
33
-2.9914
0
3DFACE
8
S_UMGEBUNG_GELAENDE
10
-45.0000
20
-95.0000
30
-2.9914
11
-40.0000
21
-95.0000
31
-2.8949
12
-40.0000
22
-90.0000
32
-2.8049
13
-45.0000
23
-90.0000
33
-2.9014
0
3DFACE
8
S_UMGEBUNG_GELAENDE
10
-45.0000
20
-90.0000
30
-2.9014
11
-40.0000
21
-90.0000
31
-2.8049
12
-40.0000
22
-85.0000
32
-2.7149
13
-45.0000
23
-85.0000
33
-2.8114
0
3DFACE
8
S_UMGEBUNG_GELAENDE
10
-45.0000
20
-85.0000
30
-2.8114
11
-40.0000
21
-85.0000
31
-2.7149
12
-40.0000
22
-80.0000
32
-2.6249
13
-45.0000
23
-80.0000
33
-2.7214
0
3DFACE
8
S_UMGEBUNG_GELAENDE
10
-45.0000
20
-80.0000
30
-2.7214
11
-40.0000
21
-80.0000
31
-2.6249
12
-40.0000
22
-75.0000
32
-2.5349
13
-45.0000
23
-75.0000
33
-2.6314
0
3DFACE
8
S_UMGEBUNG_GELAENDE
10
-45.0000
20
-75.0000
30
-2.6314
11
-40.0000
21
-75.0000
31
-2.5349
12
-40.0000
22
-70.0000
32
-2.4449
13
-45.0000
23
-70.0000
33
-2.5414
0
3DFACE
8
S_UMGEBUNG_GELAENDE
10
-45.0000
20
-70.0000
30
-2.5414
11
-40.0000
21
-70.0000
31
-2.4449
12
-40.0000
22
-65.0000
32
-2.3549
13
-45.0000
23
-65.0000
33
-2.4514
0
3DFACE
8
S_UMGEBUNG_GELAENDE
10
-45.0000
20
-65.0000
30
-2.4514
11
-40.0000
21
-65.0000
31
-2.3549
12
-40.0000
22
-60.0000
32
-2.2649
13
-45.0000
23
-60.0000
33
-2.3614
0
3DFACE
8
S_UMGEBUNG_GELAENDE
10
-45.0000
20
-60.0000
30
-2.3614
11
-40.0000
21
-60.0000
31
-2.2649
12
-40.0000
22
-55.0000
32
-2.1749
13
-45.0000
23
-55.0000
33
-2.2714
0
3DFACE
8
S_UMGEBUNG_GELAENDE
10
-45.0000
20
-55.0000
30
-2.2714
11
-40.0000
21
-55.0000
31
-2.1749
12
-40.0000
22
-50.0000
32
-2.0849
13
-45.0000
23
-50.0000
33
-2.1814
0
3DFACE
8
S_UMGEBUNG_GELAENDE
10
-45.0000
20
-50.0000
30
-2.1814
11
-40.0000
21
-50.0000
31
-2.0849
12
-40.0000
22
-45.0000
32
-1.9949
13
-45.0000
23
-45.0000
33
-2.0914
0
3DFACE
8
S_UMGEBUNG_GELAENDE
10
-45.0000
20
-45.0000
30
-2.0914
11
-40.0000
21
-45.0000
31
-1.9949
12
-40.0000
22
-40.0000
32
-1.9049
13
-45.0000
23
-40.0000
33
-2.0014
0
3DFACE
8
S_UMGEBUNG_GELAENDE
10
-45.0000
20
-40.0000
30
-2.0014
11
-40.0000
21
-40.0000
31
-1.9049
12
-40.0000
22
-35.0000
32
-1.8149
13
-45.0000
23
-35.0000
33
-1.9114
0
3DFACE
8
S_UMGEBUNG_GELAENDE
10
-45.0000
20
-35.0000
30
-1.9114
11
-40.0000
21
-35.0000
31
-1.8149
12
-40.0000
22
-30.0000
32
-1.7249
13
-45.0000
23
-30.0000
33
-1.8214
0
3DFACE
8
S_UMGEBUNG_GELAENDE
10
-45.0000
20
-30.0000
30
-1.8214
11
-40.0000
21
-30.0000
31
-1.7249
12
-40.0000
22
-25.0000
32
-1.6349
13
-45.0000
23
-25.0000
33
-1.7314
0
3DFACE
8
S_UMGEBUNG_GELAENDE
10
-45.0000
20
-25.0000
30
-1.7314
11
-40.0000
21
-25.0000
31
-1.6349
12
-40.0000
22
-20.0000
32
-1.5449
13
-45.0000
23
-20.0000
33
-1.6414
0
3DFACE
8
S_UMGEBUNG_GELAENDE
10
-45.0000
20
-20.0000
30
-1.6414
11
-40.0000
21
-20.0000
31
-1.5449
12
-40.0000
22
-15.0000
32
-1.4549
13
-45.0000
23
-15.0000
33
-1.5514
0
3DFACE
8
S_UMGEBUNG_GELAENDE
10
-45.0000
20
-15.0000
30
-1.5514
11
-40.0000
21
-15.0000
31
-1.4549
12
-40.0000
22
-10.0000
32
-1.3649
13
-45.0000
23
-10.0000
33
-1.4614
0
3DFACE
8
S_UMGEBUNG_GELAENDE
10
-45.0000
20
-10.0000
30
-1.4614
11
-40.0000
21
-10.0000
31
-1.3649
12
-40.0000
22
-5.0000
32
-1.2749
13
-45.0000
23
-5.0000
33
-1.3714
0
3DFACE
8
S_UMGEBUNG_GELAENDE
10
-45.0000
20
-5.0000
30
-1.3714
11
-40.0000
21
-5.0000
31
-1.2749
12
-40.0000
22
0.0000
32
-1.1849
13
-45.0000
23
0.0000
33
-1.2814
0
3DFACE
8
S_UMGEBUNG_GELAENDE
10
-45.0000
20
0.0000
30
-1.2814
11
-40.0000
21
0.0000
31
-1.1849
12
-40.0000
22
5.0000
32
-1.0949
13
-45.0000
23
5.0000
33
-1.1914
0
3DFACE
8
S_UMGEBUNG_GELAENDE
10
-45.0000
20
5.0000
30
-1.1914
11
-40.0000
21
5.0000
31
-1.0949
12
-40.0000
22
10.0000
32
-1.0049
13
-45.0000
23
10.0000
33
-1.1014
0
3DFACE
8
S_UMGEBUNG_GELAENDE
10
-45.0000
20
10.0000
30
-1.1014
11
-40.0000
21
10.0000
31
-1.0049
12
-40.0000
22
15.0000
32
-0.9149
13
-45.0000
23
15.0000
33
-1.0114
0
3DFACE
8
S_UMGEBUNG_GELAENDE
10
-45.0000
20
15.0000
30
-1.0114
11
-40.0000
21
15.0000
31
-0.9149
12
-40.0000
22
20.0000
32
-0.8249
13
-45.0000
23
20.0000
33
-0.9214
0
3DFACE
8
S_UMGEBUNG_GELAENDE
10
-45.0000
20
20.0000
30
-0.9214
11
-40.0000
21
20.0000
31
-0.8249
12
-40.0000
22
25.0000
32
-0.7349
13
-45.0000
23
25.0000
33
-0.8314
0
3DFACE
8
S_UMGEBUNG_GELAENDE
10
-45.0000
20
25.0000
30
-0.8314
11
-40.0000
21
25.0000
31
-0.7349
12
-40.0000
22
30.0000
32
-0.6449
13
-45.0000
23
30.0000
33
-0.7414
0
3DFACE
8
S_UMGEBUNG_GELAENDE
10
-45.0000
20
30.0000
30
-0.7414
11
-40.0000
21
30.0000
31
-0.6449
12
-40.0000
22
35.0000
32
-0.5549
13
-45.0000
23
35.0000
33
-0.6514
0
3DFACE
8
S_UMGEBUNG_GELAENDE
10
-45.0000
20
35.0000
30
-0.6514
11
-40.0000
21
35.0000
31
-0.5549
12
-40.0000
22
40.0000
32
-0.4649
13
-45.0000
23
40.0000
33
-0.5614
0
3DFACE
8
S_UMGEBUNG_GELAENDE
10
-45.0000
20
40.0000
30
-0.5614
11
-40.0000
21
40.0000
31
-0.4649
12
-40.0000
22
45.0000
32
-0.3749
13
-45.0000
23
45.0000
33
-0.4714
0
3DFACE
8
S_UMGEBUNG_GELAENDE
10
-45.0000
20
45.0000
30
-0.4714
11
-40.0000
21
45.0000
31
-0.3749
12
-40.0000
22
50.0000
32
-0.2849
13
-45.0000
23
50.0000
33
-0.3814
0
3DFACE
8
S_UMGEBUNG_GELAENDE
10
-45.0000
20
50.0000
30
-0.3814
11
-40.0000
21
50.0000
31
-0.2849
12
-40.0000
22
55.0000
32
-0.1949
13
-45.0000
23
55.0000
33
-0.2914
0
3DFACE
8
S_UMGEBUNG_GELAENDE
10
-45.0000
20
55.0000
30
-0.2914
11
-40.0000
21
55.0000
31
-0.1949
12
-40.0000
22
60.0000
32
-0.1049
13
-45.0000
23
60.0000
33
-0.2014
0
3DFACE
8
S_UMGEBUNG_GELAENDE
10
-45.0000
20
60.0000
30
-0.2014
11
-40.0000
21
60.0000
31
-0.1049
12
-40.0000
22
65.0000
32
-0.0149
13
-45.0000
23
65.0000
33
-0.1114
0
3DFACE
8
S_UMGEBUNG_GELAENDE
10
-45.0000
20
65.0000
30
-0.1114
11
-40.0000
21
65.0000
31
-0.0149
12
-40.0000
22
70.0000
32
0.0751
13
-45.0000
23
70.0000
33
-0.0214
0
3DFACE
8
S_UMGEBUNG_GELAENDE
10
-45.0000
20
70.0000
30
-0.0214
11
-40.0000
21
70.0000
31
0.0751
12
-40.0000
22
75.0000
32
0.1651
13
-45.0000
23
75.0000
33
0.0686
0
3DFACE
8
S_UMGEBUNG_GELAENDE
10
-45.0000
20
75.0000
30
0.0686
11
-40.0000
21
75.0000
31
0.1651
12
-40.0000
22
80.0000
32
0.2551
13
-45.0000
23
80.0000
33
0.1586
0
3DFACE
8
S_UMGEBUNG_GELAENDE
10
-45.0000
20
80.0000
30
0.1586
11
-40.0000
21
80.0000
31
0.2551
12
-40.0000
22
85.0000
32
0.3451
13
-45.0000
23
85.0000
33
0.2486
0
3DFACE
8
S_UMGEBUNG_GELAENDE
10
-45.0000
20
85.0000
30
0.2486
11
-40.0000
21
85.0000
31
0.3451
12
-40.0000
22
90.0000
32
0.4351
13
-45.0000
23
90.0000
33
0.3386
0
3DFACE
8
S_UMGEBUNG_GELAENDE
10
-45.0000
20
90.0000
30
0.3386
11
-40.0000
21
90.0000
31
0.4351
12
-40.0000
22
95.0000
32
0.5251
13
-45.0000
23
95.0000
33
0.4286
0
3DFACE
8
S_UMGEBUNG_GELAENDE
10
-45.0000
20
95.0000
30
0.4286
11
-40.0000
21
95.0000
31
0.5251
12
-40.0000
22
100.0000
32
0.6151
13
-45.0000
23
100.0000
33
0.5186
0
3DFACE
8
S_UMGEBUNG_GELAENDE
10
-45.0000
20
100.0000
30
0.5186
11
-40.0000
21
100.0000
31
0.6151
12
-40.0000
22
105.0000
32
0.7051
13
-45.0000
23
105.0000
33
0.6086
0
3DFACE
8
S_UMGEBUNG_GELAENDE
10
-45.0000
20
105.0000
30
0.6086
11
-40.0000
21
105.0000
31
0.7051
12
-40.0000
22
110.0000
32
0.7951
13
-45.0000
23
110.0000
33
0.6986
0
3DFACE
8
S_UMGEBUNG_GELAENDE
10
-45.0000
20
110.0000
30
0.6986
11
-40.0000
21
110.0000
31
0.7951
12
-40.0000
22
115.0000
32
0.8851
13
-45.0000
23
115.0000
33
0.7886
0
3DFACE
8
S_UMGEBUNG_GELAENDE
10
-45.0000
20
115.0000
30
0.7886
11
-40.0000
21
115.0000
31
0.8851
12
-40.0000
22
120.0000
32
0.9751
13
-45.0000
23
120.0000
33
0.8786
0
3DFACE
8
S_UMGEBUNG_GELAENDE
10
-45.0000
20
120.0000
30
0.8786
11
-40.0000
21
120.0000
31
0.9751
12
-40.0000
22
125.0000
32
1.0651
13
-45.0000
23
125.0000
33
0.9686
0
3DFACE
8
S_UMGEBUNG_GELAENDE
10
-45.0000
20
125.0000
30
0.9686
11
-40.0000
21
125.0000
31
1.0651
12
-40.0000
22
130.0000
32
1.1551
13
-45.0000
23
130.0000
33
1.0586
0
3DFACE
8
S_UMGEBUNG_GELAENDE
10
-45.0000
20
130.0000
30
1.0586
11
-40.0000
21
130.0000
31
1.1551
12
-40.0000
22
135.0000
32
1.2451
13
-45.0000
23
135.0000
33
1.1486
0
3DFACE
8
S_UMGEBUNG_GELAENDE
10
-45.0000
20
135.0000
30
1.1486
11
-40.0000
21
135.0000
31
1.2451
12
-40.0000
22
140.0000
32
1.3351
13
-45.0000
23
140.0000
33
1.2386
0
3DFACE
8
S_UMGEBUNG_GELAENDE
10
-45.0000
20
140.0000
30
1.2386
11
-40.0000
21
140.0000
31
1.3351
12
-40.0000
22
145.0000
32
1.4251
13
-45.0000
23
145.0000
33
1.3286
0
3DFACE
8
S_UMGEBUNG_GELAENDE
10
-40.0000
20
-145.0000
30
-3.7949
11
-35.0000
21
-145.0000
31
-3.6905
12
-35.0000
22
-140.0000
32
-3.6005
13
-40.0000
23
-140.0000
33
-3.7049
0
3DFACE
8
S_UMGEBUNG_GELAENDE
10
-40.0000
20
-140.0000
30
-3.7049
11
-35.0000
21
-140.0000
31
-3.6005
12
-35.0000
22
-135.0000
32
-3.5105
13
-40.0000
23
-135.0000
33
-3.6149
0
3DFACE
8
S_UMGEBUNG_GELAENDE
10
-40.0000
20
-135.0000
30
-3.6149
11
-35.0000
21
-135.0000
31
-3.5105
12
-35.0000
22
-130.0000
32
-3.4205
13
-40.0000
23
-130.0000
33
-3.5249
0
3DFACE
8
S_UMGEBUNG_GELAENDE
10
-40.0000
20
-130.0000
30
-3.5249
11
-35.0000
21
-130.0000
31
-3.4205
12
-35.0000
22
-125.0000
32
-3.3305
13
-40.0000
23
-125.0000
33
-3.4349
0
3DFACE
8
S_UMGEBUNG_GELAENDE
10
-40.0000
20
-125.0000
30
-3.4349
11
-35.0000
21
-125.0000
31
-3.3305
12
-35.0000
22
-120.0000
32
-3.2405
13
-40.0000
23
-120.0000
33
-3.3449
0
3DFACE
8
S_UMGEBUNG_GELAENDE
10
-40.0000
20
-120.0000
30
-3.3449
11
-35.0000
21
-120.0000
31
-3.2405
12
-35.0000
22
-115.0000
32
-3.1505
13
-40.0000
23
-115.0000
33
-3.2549
0
3DFACE
8
S_UMGEBUNG_GELAENDE
10
-40.0000
20
-115.0000
30
-3.2549
11
-35.0000
21
-115.0000
31
-3.1505
12
-35.0000
22
-110.0000
32
-3.0605
13
-40.0000
23
-110.0000
33
-3.1649
0
3DFACE
8
S_UMGEBUNG_GELAENDE
10
-40.0000
20
-110.0000
30
-3.1649
11
-35.0000
21
-110.0000
31
-3.0605
12
-35.0000
22
-105.0000
32
-2.9705
13
-40.0000
23
-105.0000
33
-3.0749
0
3DFACE
8
S_UMGEBUNG_GELAENDE
10
-40.0000
20
-105.0000
30
-3.0749
11
-35.0000
21
-105.0000
31
-2.9705
12
-35.0000
22
-100.0000
32
-2.8805
13
-40.0000
23
-100.0000
33
-2.9849
0
3DFACE
8
S_UMGEBUNG_GELAENDE
10
-40.0000
20
-100.0000
30
-2.9849
11
-35.0000
21
-100.0000
31
-2.8805
12
-35.0000
22
-95.0000
32
-2.7905
13
-40.0000
23
-95.0000
33
-2.8949
0
3DFACE
8
S_UMGEBUNG_GELAENDE
10
-40.0000
20
-95.0000
30
-2.8949
11
-35.0000
21
-95.0000
31
-2.7905
12
-35.0000
22
-90.0000
32
-2.7005
13
-40.0000
23
-90.0000
33
-2.8049
0
3DFACE
8
S_UMGEBUNG_GELAENDE
10
-40.0000
20
-90.0000
30
-2.8049
11
-35.0000
21
-90.0000
31
-2.7005
12
-35.0000
22
-85.0000
32
-2.6105
13
-40.0000
23
-85.0000
33
-2.7149
0
3DFACE
8
S_UMGEBUNG_GELAENDE
10
-40.0000
20
-85.0000
30
-2.7149
11
-35.0000
21
-85.0000
31
-2.6105
12
-35.0000
22
-80.0000
32
-2.5205
13
-40.0000
23
-80.0000
33
-2.6249
0
3DFACE
8
S_UMGEBUNG_GELAENDE
10
-40.0000
20
-80.0000
30
-2.6249
11
-35.0000
21
-80.0000
31
-2.5205
12
-35.0000
22
-75.0000
32
-2.4305
13
-40.0000
23
-75.0000
33
-2.5349
0
3DFACE
8
S_UMGEBUNG_GELAENDE
10
-40.0000
20
-75.0000
30
-2.5349
11
-35.0000
21
-75.0000
31
-2.4305
12
-35.0000
22
-70.0000
32
-2.3405
13
-40.0000
23
-70.0000
33
-2.4449
0
3DFACE
8
S_UMGEBUNG_GELAENDE
10
-40.0000
20
-70.0000
30
-2.4449
11
-35.0000
21
-70.0000
31
-2.3405
12
-35.0000
22
-65.0000
32
-2.2505
13
-40.0000
23
-65.0000
33
-2.3549
0
3DFACE
8
S_UMGEBUNG_GELAENDE
10
-40.0000
20
-65.0000
30
-2.3549
11
-35.0000
21
-65.0000
31
-2.2505
12
-35.0000
22
-60.0000
32
-2.1605
13
-40.0000
23
-60.0000
33
-2.2649
0
3DFACE
8
S_UMGEBUNG_GELAENDE
10
-40.0000
20
-60.0000
30
-2.2649
11
-35.0000
21
-60.0000
31
-2.1605
12
-35.0000
22
-55.0000
32
-2.0705
13
-40.0000
23
-55.0000
33
-2.1749
0
3DFACE
8
S_UMGEBUNG_GELAENDE
10
-40.0000
20
-55.0000
30
-2.1749
11
-35.0000
21
-55.0000
31
-2.0705
12
-35.0000
22
-50.0000
32
-1.9805
13
-40.0000
23
-50.0000
33
-2.0849
0
3DFACE
8
S_UMGEBUNG_GELAENDE
10
-40.0000
20
-50.0000
30
-2.0849
11
-35.0000
21
-50.0000
31
-1.9805
12
-35.0000
22
-45.0000
32
-1.8905
13
-40.0000
23
-45.0000
33
-1.9949
0
3DFACE
8
S_UMGEBUNG_GELAENDE
10
-40.0000
20
-45.0000
30
-1.9949
11
-35.0000
21
-45.0000
31
-1.8905
12
-35.0000
22
-40.0000
32
-1.8005
13
-40.0000
23
-40.0000
33
-1.9049
0
3DFACE
8
S_UMGEBUNG_GELAENDE
10
-40.0000
20
-40.0000
30
-1.9049
11
-35.0000
21
-40.0000
31
-1.8005
12
-35.0000
22
-35.0000
32
-1.7105
13
-40.0000
23
-35.0000
33
-1.8149
0
3DFACE
8
S_UMGEBUNG_GELAENDE
10
-40.0000
20
-35.0000
30
-1.8149
11
-35.0000
21
-35.0000
31
-1.7105
12
-35.0000
22
-30.0000
32
-1.6205
13
-40.0000
23
-30.0000
33
-1.7249
0
3DFACE
8
S_UMGEBUNG_GELAENDE
10
-40.0000
20
-30.0000
30
-1.7249
11
-35.0000
21
-30.0000
31
-1.6205
12
-35.0000
22
-25.0000
32
-1.5305
13
-40.0000
23
-25.0000
33
-1.6349
0
3DFACE
8
S_UMGEBUNG_GELAENDE
10
-40.0000
20
-25.0000
30
-1.6349
11
-35.0000
21
-25.0000
31
-1.5305
12
-35.0000
22
-20.0000
32
-1.4405
13
-40.0000
23
-20.0000
33
-1.5449
0
3DFACE
8
S_UMGEBUNG_GELAENDE
10
-40.0000
20
-20.0000
30
-1.5449
11
-35.0000
21
-20.0000
31
-1.4405
12
-35.0000
22
-15.0000
32
-1.3505
13
-40.0000
23
-15.0000
33
-1.4549
0
3DFACE
8
S_UMGEBUNG_GELAENDE
10
-40.0000
20
-15.0000
30
-1.4549
11
-35.0000
21
-15.0000
31
-1.3505
12
-35.0000
22
-10.0000
32
-1.2605
13
-40.0000
23
-10.0000
33
-1.3649
0
3DFACE
8
S_UMGEBUNG_GELAENDE
10
-40.0000
20
-10.0000
30
-1.3649
11
-35.0000
21
-10.0000
31
-1.2605
12
-35.0000
22
-5.0000
32
-1.1705
13
-40.0000
23
-5.0000
33
-1.2749
0
3DFACE
8
S_UMGEBUNG_GELAENDE
10
-40.0000
20
-5.0000
30
-1.2749
11
-35.0000
21
-5.0000
31
-1.1705
12
-35.0000
22
0.0000
32
-1.0805
13
-40.0000
23
0.0000
33
-1.1849
0
3DFACE
8
S_UMGEBUNG_GELAENDE
10
-40.0000
20
0.0000
30
-1.1849
11
-35.0000
21
0.0000
31
-1.0805
12
-35.0000
22
5.0000
32
-0.9905
13
-40.0000
23
5.0000
33
-1.0949
0
3DFACE
8
S_UMGEBUNG_GELAENDE
10
-40.0000
20
5.0000
30
-1.0949
11
-35.0000
21
5.0000
31
-0.9905
12
-35.0000
22
10.0000
32
-0.9005
13
-40.0000
23
10.0000
33
-1.0049
0
3DFACE
8
S_UMGEBUNG_GELAENDE
10
-40.0000
20
10.0000
30
-1.0049
11
-35.0000
21
10.0000
31
-0.9005
12
-35.0000
22
15.0000
32
-0.8105
13
-40.0000
23
15.0000
33
-0.9149
0
3DFACE
8
S_UMGEBUNG_GELAENDE
10
-40.0000
20
15.0000
30
-0.9149
11
-35.0000
21
15.0000
31
-0.8105
12
-35.0000
22
20.0000
32
-0.7205
13
-40.0000
23
20.0000
33
-0.8249
0
3DFACE
8
S_UMGEBUNG_GELAENDE
10
-40.0000
20
20.0000
30
-0.8249
11
-35.0000
21
20.0000
31
-0.7205
12
-35.0000
22
25.0000
32
-0.6305
13
-40.0000
23
25.0000
33
-0.7349
0
3DFACE
8
S_UMGEBUNG_GELAENDE
10
-40.0000
20
25.0000
30
-0.7349
11
-35.0000
21
25.0000
31
-0.6305
12
-35.0000
22
30.0000
32
-0.5405
13
-40.0000
23
30.0000
33
-0.6449
0
3DFACE
8
S_UMGEBUNG_GELAENDE
10
-40.0000
20
30.0000
30
-0.6449
11
-35.0000
21
30.0000
31
-0.5405
12
-35.0000
22
35.0000
32
-0.4505
13
-40.0000
23
35.0000
33
-0.5549
0
3DFACE
8
S_UMGEBUNG_GELAENDE
10
-40.0000
20
35.0000
30
-0.5549
11
-35.0000
21
35.0000
31
-0.4505
12
-35.0000
22
40.0000
32
-0.3605
13
-40.0000
23
40.0000
33
-0.4649
0
3DFACE
8
S_UMGEBUNG_GELAENDE
10
-40.0000
20
40.0000
30
-0.4649
11
-35.0000
21
40.0000
31
-0.3605
12
-35.0000
22
45.0000
32
-0.2705
13
-40.0000
23
45.0000
33
-0.3749
0
3DFACE
8
S_UMGEBUNG_GELAENDE
10
-40.0000
20
45.0000
30
-0.3749
11
-35.0000
21
45.0000
31
-0.2705
12
-35.0000
22
50.0000
32
-0.1805
13
-40.0000
23
50.0000
33
-0.2849
0
3DFACE
8
S_UMGEBUNG_GELAENDE
10
-40.0000
20
50.0000
30
-0.2849
11
-35.0000
21
50.0000
31
-0.1805
12
-35.0000
22
55.0000
32
-0.0905
13
-40.0000
23
55.0000
33
-0.1949
0
3DFACE
8
S_UMGEBUNG_GELAENDE
10
-40.0000
20
55.0000
30
-0.1949
11
-35.0000
21
55.0000
31
-0.0905
12
-35.0000
22
60.0000
32
-0.0005
13
-40.0000
23
60.0000
33
-0.1049
0
3DFACE
8
S_UMGEBUNG_GELAENDE
10
-40.0000
20
60.0000
30
-0.1049
11
-35.0000
21
60.0000
31
-0.0005
12
-35.0000
22
65.0000
32
0.0895
13
-40.0000
23
65.0000
33
-0.0149
0
3DFACE
8
S_UMGEBUNG_GELAENDE
10
-40.0000
20
65.0000
30
-0.0149
11
-35.0000
21
65.0000
31
0.0895
12
-35.0000
22
70.0000
32
0.1795
13
-40.0000
23
70.0000
33
0.0751
0
3DFACE
8
S_UMGEBUNG_GELAENDE
10
-40.0000
20
70.0000
30
0.0751
11
-35.0000
21
70.0000
31
0.1795
12
-35.0000
22
75.0000
32
0.2695
13
-40.0000
23
75.0000
33
0.1651
0
3DFACE
8
S_UMGEBUNG_GELAENDE
10
-40.0000
20
75.0000
30
0.1651
11
-35.0000
21
75.0000
31
0.2695
12
-35.0000
22
80.0000
32
0.3595
13
-40.0000
23
80.0000
33
0.2551
0
3DFACE
8
S_UMGEBUNG_GELAENDE
10
-40.0000
20
80.0000
30
0.2551
11
-35.0000
21
80.0000
31
0.3595
12
-35.0000
22
85.0000
32
0.4495
13
-40.0000
23
85.0000
33
0.3451
0
3DFACE
8
S_UMGEBUNG_GELAENDE
10
-40.0000
20
85.0000
30
0.3451
11
-35.0000
21
85.0000
31
0.4495
12
-35.0000
22
90.0000
32
0.5395
13
-40.0000
23
90.0000
33
0.4351
0
3DFACE
8
S_UMGEBUNG_GELAENDE
10
-40.0000
20
90.0000
30
0.4351
11
-35.0000
21
90.0000
31
0.5395
12
-35.0000
22
95.0000
32
0.6295
13
-40.0000
23
95.0000
33
0.5251
0
3DFACE
8
S_UMGEBUNG_GELAENDE
10
-40.0000
20
95.0000
30
0.5251
11
-35.0000
21
95.0000
31
0.6295
12
-35.0000
22
100.0000
32
0.7195
13
-40.0000
23
100.0000
33
0.6151
0
3DFACE
8
S_UMGEBUNG_GELAENDE
10
-40.0000
20
100.0000
30
0.6151
11
-35.0000
21
100.0000
31
0.7195
12
-35.0000
22
105.0000
32
0.8095
13
-40.0000
23
105.0000
33
0.7051
0
3DFACE
8
S_UMGEBUNG_GELAENDE
10
-40.0000
20
105.0000
30
0.7051
11
-35.0000
21
105.0000
31
0.8095
12
-35.0000
22
110.0000
32
0.8995
13
-40.0000
23
110.0000
33
0.7951
0
3DFACE
8
S_UMGEBUNG_GELAENDE
10
-40.0000
20
110.0000
30
0.7951
11
-35.0000
21
110.0000
31
0.8995
12
-35.0000
22
115.0000
32
0.9895
13
-40.0000
23
115.0000
33
0.8851
0
3DFACE
8
S_UMGEBUNG_GELAENDE
10
-40.0000
20
115.0000
30
0.8851
11
-35.0000
21
115.0000
31
0.9895
12
-35.0000
22
120.0000
32
1.0795
13
-40.0000
23
120.0000
33
0.9751
0
3DFACE
8
S_UMGEBUNG_GELAENDE
10
-40.0000
20
120.0000
30
0.9751
11
-35.0000
21
120.0000
31
1.0795
12
-35.0000
22
125.0000
32
1.1695
13
-40.0000
23
125.0000
33
1.0651
0
3DFACE
8
S_UMGEBUNG_GELAENDE
10
-40.0000
20
125.0000
30
1.0651
11
-35.0000
21
125.0000
31
1.1695
12
-35.0000
22
130.0000
32
1.2595
13
-40.0000
23
130.0000
33
1.1551
0
3DFACE
8
S_UMGEBUNG_GELAENDE
10
-40.0000
20
130.0000
30
1.1551
11
-35.0000
21
130.0000
31
1.2595
12
-35.0000
22
135.0000
32
1.3495
13
-40.0000
23
135.0000
33
1.2451
0
3DFACE
8
S_UMGEBUNG_GELAENDE
10
-40.0000
20
135.0000
30
1.2451
11
-35.0000
21
135.0000
31
1.3495
12
-35.0000
22
140.0000
32
1.4395
13
-40.0000
23
140.0000
33
1.3351
0
3DFACE
8
S_UMGEBUNG_GELAENDE
10
-40.0000
20
140.0000
30
1.3351
11
-35.0000
21
140.0000
31
1.4395
12
-35.0000
22
145.0000
32
1.5295
13
-40.0000
23
145.0000
33
1.4251
0
3DFACE
8
S_UMGEBUNG_GELAENDE
10
-35.0000
20
-145.0000
30
-3.6905
11
-30.0000
21
-145.0000
31
-3.5790
12
-30.0000
22
-140.0000
32
-3.4890
13
-35.0000
23
-140.0000
33
-3.6005
0
3DFACE
8
S_UMGEBUNG_GELAENDE
10
-35.0000
20
-140.0000
30
-3.6005
11
-30.0000
21
-140.0000
31
-3.4890
12
-30.0000
22
-135.0000
32
-3.3990
13
-35.0000
23
-135.0000
33
-3.5105
0
3DFACE
8
S_UMGEBUNG_GELAENDE
10
-35.0000
20
-135.0000
30
-3.5105
11
-30.0000
21
-135.0000
31
-3.3990
12
-30.0000
22
-130.0000
32
-3.3090
13
-35.0000
23
-130.0000
33
-3.4205
0
3DFACE
8
S_UMGEBUNG_GELAENDE
10
-35.0000
20
-130.0000
30
-3.4205
11
-30.0000
21
-130.0000
31
-3.3090
12
-30.0000
22
-125.0000
32
-3.2190
13
-35.0000
23
-125.0000
33
-3.3305
0
3DFACE
8
S_UMGEBUNG_GELAENDE
10
-35.0000
20
-125.0000
30
-3.3305
11
-30.0000
21
-125.0000
31
-3.2190
12
-30.0000
22
-120.0000
32
-3.1290
13
-35.0000
23
-120.0000
33
-3.2405
0
3DFACE
8
S_UMGEBUNG_GELAENDE
10
-35.0000
20
-120.0000
30
-3.2405
11
-30.0000
21
-120.0000
31
-3.1290
12
-30.0000
22
-115.0000
32
-3.0390
13
-35.0000
23
-115.0000
33
-3.1505
0
3DFACE
8
S_UMGEBUNG_GELAENDE
10
-35.0000
20
-115.0000
30
-3.1505
11
-30.0000
21
-115.0000
31
-3.0390
12
-30.0000
22
-110.0000
32
-2.9490
13
-35.0000
23
-110.0000
33
-3.0605
0
3DFACE
8
S_UMGEBUNG_GELAENDE
10
-35.0000
20
-110.0000
30
-3.0605
11
-30.0000
21
-110.0000
31
-2.9490
12
-30.0000
22
-105.0000
32
-2.8590
13
-35.0000
23
-105.0000
33
-2.9705
0
3DFACE
8
S_UMGEBUNG_GELAENDE
10
-35.0000
20
-105.0000
30
-2.9705
11
-30.0000
21
-105.0000
31
-2.8590
12
-30.0000
22
-100.0000
32
-2.7690
13
-35.0000
23
-100.0000
33
-2.8805
0
3DFACE
8
S_UMGEBUNG_GELAENDE
10
-35.0000
20
-100.0000
30
-2.8805
11
-30.0000
21
-100.0000
31
-2.7690
12
-30.0000
22
-95.0000
32
-2.6790
13
-35.0000
23
-95.0000
33
-2.7905
0
3DFACE
8
S_UMGEBUNG_GELAENDE
10
-35.0000
20
-95.0000
30
-2.7905
11
-30.0000
21
-95.0000
31
-2.6790
12
-30.0000
22
-90.0000
32
-2.5890
13
-35.0000
23
-90.0000
33
-2.7005
0
3DFACE
8
S_UMGEBUNG_GELAENDE
10
-35.0000
20
-90.0000
30
-2.7005
11
-30.0000
21
-90.0000
31
-2.5890
12
-30.0000
22
-85.0000
32
-2.4990
13
-35.0000
23
-85.0000
33
-2.6105
0
3DFACE
8
S_UMGEBUNG_GELAENDE
10
-35.0000
20
-85.0000
30
-2.6105
11
-30.0000
21
-85.0000
31
-2.4990
12
-30.0000
22
-80.0000
32
-2.4090
13
-35.0000
23
-80.0000
33
-2.5205
0
3DFACE
8
S_UMGEBUNG_GELAENDE
10
-35.0000
20
-80.0000
30
-2.5205
11
-30.0000
21
-80.0000
31
-2.4090
12
-30.0000
22
-75.0000
32
-2.3190
13
-35.0000
23
-75.0000
33
-2.4305
0
3DFACE
8
S_UMGEBUNG_GELAENDE
10
-35.0000
20
-75.0000
30
-2.4305
11
-30.0000
21
-75.0000
31
-2.3190
12
-30.0000
22
-70.0000
32
-2.2290
13
-35.0000
23
-70.0000
33
-2.3405
0
3DFACE
8
S_UMGEBUNG_GELAENDE
10
-35.0000
20
-70.0000
30
-2.3405
11
-30.0000
21
-70.0000
31
-2.2290
12
-30.0000
22
-65.0000
32
-2.1390
13
-35.0000
23
-65.0000
33
-2.2505
0
3DFACE
8
S_UMGEBUNG_GELAENDE
10
-35.0000
20
-65.0000
30
-2.2505
11
-30.0000
21
-65.0000
31
-2.1390
12
-30.0000
22
-60.0000
32
-2.0490
13
-35.0000
23
-60.0000
33
-2.1605
0
3DFACE
8
S_UMGEBUNG_GELAENDE
10
-35.0000
20
-60.0000
30
-2.1605
11
-30.0000
21
-60.0000
31
-2.0490
12
-30.0000
22
-55.0000
32
-1.9590
13
-35.0000
23
-55.0000
33
-2.0705
0
3DFACE
8
S_UMGEBUNG_GELAENDE
10
-35.0000
20
-55.0000
30
-2.0705
11
-30.0000
21
-55.0000
31
-1.9590
12
-30.0000
22
-50.0000
32
-1.8690
13
-35.0000
23
-50.0000
33
-1.9805
0
3DFACE
8
S_UMGEBUNG_GELAENDE
10
-35.0000
20
-50.0000
30
-1.9805
11
-30.0000
21
-50.0000
31
-1.8690
12
-30.0000
22
-45.0000
32
-1.7790
13
-35.0000
23
-45.0000
33
-1.8905
0
3DFACE
8
S_UMGEBUNG_GELAENDE
10
-35.0000
20
-45.0000
30
-1.8905
11
-30.0000
21
-45.0000
31
-1.7790
12
-30.0000
22
-40.0000
32
-1.6890
13
-35.0000
23
-40.0000
33
-1.8005
0
3DFACE
8
S_UMGEBUNG_GELAENDE
10
-35.0000
20
-40.0000
30
-1.8005
11
-30.0000
21
-40.0000
31
-1.6890
12
-30.0000
22
-35.0000
32
-1.5990
13
-35.0000
23
-35.0000
33
-1.7105
0
3DFACE
8
S_UMGEBUNG_GELAENDE
10
-35.0000
20
-35.0000
30
-1.7105
11
-30.0000
21
-35.0000
31
-1.5990
12
-30.0000
22
-30.0000
32
-1.5090
13
-35.0000
23
-30.0000
33
-1.6205
0
3DFACE
8
S_UMGEBUNG_GELAENDE
10
-35.0000
20
-30.0000
30
-1.6205
11
-30.0000
21
-30.0000
31
-1.5090
12
-30.0000
22
-25.0000
32
-1.4190
13
-35.0000
23
-25.0000
33
-1.5305
0
3DFACE
8
S_UMGEBUNG_GELAENDE
10
-35.0000
20
-25.0000
30
-1.5305
11
-30.0000
21
-25.0000
31
-1.4190
12
-30.0000
22
-20.0000
32
-1.3290
13
-35.0000
23
-20.0000
33
-1.4405
0
3DFACE
8
S_UMGEBUNG_GELAENDE
10
-35.0000
20
-20.0000
30
-1.4405
11
-30.0000
21
-20.0000
31
-1.3290
12
-30.0000
22
-15.0000
32
-1.2390
13
-35.0000
23
-15.0000
33
-1.3505
0
3DFACE
8
S_UMGEBUNG_GELAENDE
10
-35.0000
20
-15.0000
30
-1.3505
11
-30.0000
21
-15.0000
31
-1.2390
12
-30.0000
22
-10.0000
32
-1.1490
13
-35.0000
23
-10.0000
33
-1.2605
0
3DFACE
8
S_UMGEBUNG_GELAENDE
10
-35.0000
20
-10.0000
30
-1.2605
11
-30.0000
21
-10.0000
31
-1.1490
12
-30.0000
22
-5.0000
32
-1.0590
13
-35.0000
23
-5.0000
33
-1.1705
0
3DFACE
8
S_UMGEBUNG_GELAENDE
10
-35.0000
20
-5.0000
30
-1.1705
11
-30.0000
21
-5.0000
31
-1.0590
12
-30.0000
22
0.0000
32
-0.9690
13
-35.0000
23
0.0000
33
-1.0805
0
3DFACE
8
S_UMGEBUNG_GELAENDE
10
-35.0000
20
0.0000
30
-1.0805
11
-30.0000
21
0.0000
31
-0.9690
12
-30.0000
22
5.0000
32
-0.8790
13
-35.0000
23
5.0000
33
-0.9905
0
3DFACE
8
S_UMGEBUNG_GELAENDE
10
-35.0000
20
5.0000
30
-0.9905
11
-30.0000
21
5.0000
31
-0.8790
12
-30.0000
22
10.0000
32
-0.7890
13
-35.0000
23
10.0000
33
-0.9005
0
3DFACE
8
S_UMGEBUNG_GELAENDE
10
-35.0000
20
10.0000
30
-0.9005
11
-30.0000
21
10.0000
31
-0.7890
12
-30.0000
22
15.0000
32
-0.6990
13
-35.0000
23
15.0000
33
-0.8105
0
3DFACE
8
S_UMGEBUNG_GELAENDE
10
-35.0000
20
15.0000
30
-0.8105
11
-30.0000
21
15.0000
31
-0.6990
12
-30.0000
22
20.0000
32
-0.6090
13
-35.0000
23
20.0000
33
-0.7205
0
3DFACE
8
S_UMGEBUNG_GELAENDE
10
-35.0000
20
20.0000
30
-0.7205
11
-30.0000
21
20.0000
31
-0.6090
12
-30.0000
22
25.0000
32
-0.5190
13
-35.0000
23
25.0000
33
-0.6305
0
3DFACE
8
S_UMGEBUNG_GELAENDE
10
-35.0000
20
25.0000
30
-0.6305
11
-30.0000
21
25.0000
31
-0.5190
12
-30.0000
22
30.0000
32
-0.4290
13
-35.0000
23
30.0000
33
-0.5405
0
3DFACE
8
S_UMGEBUNG_GELAENDE
10
-35.0000
20
30.0000
30
-0.5405
11
-30.0000
21
30.0000
31
-0.4290
12
-30.0000
22
35.0000
32
-0.3390
13
-35.0000
23
35.0000
33
-0.4505
0
3DFACE
8
S_UMGEBUNG_GELAENDE
10
-35.0000
20
35.0000
30
-0.4505
11
-30.0000
21
35.0000
31
-0.3390
12
-30.0000
22
40.0000
32
-0.2490
13
-35.0000
23
40.0000
33
-0.3605
0
3DFACE
8
S_UMGEBUNG_GELAENDE
10
-35.0000
20
40.0000
30
-0.3605
11
-30.0000
21
40.0000
31
-0.2490
12
-30.0000
22
45.0000
32
-0.1590
13
-35.0000
23
45.0000
33
-0.2705
0
3DFACE
8
S_UMGEBUNG_GELAENDE
10
-35.0000
20
45.0000
30
-0.2705
11
-30.0000
21
45.0000
31
-0.1590
12
-30.0000
22
50.0000
32
-0.0690
13
-35.0000
23
50.0000
33
-0.1805
0
3DFACE
8
S_UMGEBUNG_GELAENDE
10
-35.0000
20
50.0000
30
-0.1805
11
-30.0000
21
50.0000
31
-0.0690
12
-30.0000
22
55.0000
32
0.0210
13
-35.0000
23
55.0000
33
-0.0905
0
3DFACE
8
S_UMGEBUNG_GELAENDE
10
-35.0000
20
55.0000
30
-0.0905
11
-30.0000
21
55.0000
31
0.0210
12
-30.0000
22
60.0000
32
0.1110
13
-35.0000
23
60.0000
33
-0.0005
0
3DFACE
8
S_UMGEBUNG_GELAENDE
10
-35.0000
20
60.0000
30
-0.0005
11
-30.0000
21
60.0000
31
0.1110
12
-30.0000
22
65.0000
32
0.2010
13
-35.0000
23
65.0000
33
0.0895
0
3DFACE
8
S_UMGEBUNG_GELAENDE
10
-35.0000
20
65.0000
30
0.0895
11
-30.0000
21
65.0000
31
0.2010
12
-30.0000
22
70.0000
32
0.2910
13
-35.0000
23
70.0000
33
0.1795
0
3DFACE
8
S_UMGEBUNG_GELAENDE
10
-35.0000
20
70.0000
30
0.1795
11
-30.0000
21
70.0000
31
0.2910
12
-30.0000
22
75.0000
32
0.3810
13
-35.0000
23
75.0000
33
0.2695
0
3DFACE
8
S_UMGEBUNG_GELAENDE
10
-35.0000
20
75.0000
30
0.2695
11
-30.0000
21
75.0000
31
0.3810
12
-30.0000
22
80.0000
32
0.4710
13
-35.0000
23
80.0000
33
0.3595
0
3DFACE
8
S_UMGEBUNG_GELAENDE
10
-35.0000
20
80.0000
30
0.3595
11
-30.0000
21
80.0000
31
0.4710
12
-30.0000
22
85.0000
32
0.5610
13
-35.0000
23
85.0000
33
0.4495
0
3DFACE
8
S_UMGEBUNG_GELAENDE
10
-35.0000
20
85.0000
30
0.4495
11
-30.0000
21
85.0000
31
0.5610
12
-30.0000
22
90.0000
32
0.6510
13
-35.0000
23
90.0000
33
0.5395
0
3DFACE
8
S_UMGEBUNG_GELAENDE
10
-35.0000
20
90.0000
30
0.5395
11
-30.0000
21
90.0000
31
0.6510
12
-30.0000
22
95.0000
32
0.7410
13
-35.0000
23
95.0000
33
0.6295
0
3DFACE
8
S_UMGEBUNG_GELAENDE
10
-35.0000
20
95.0000
30
0.6295
11
-30.0000
21
95.0000
31
0.7410
12
-30.0000
22
100.0000
32
0.8310
13
-35.0000
23
100.0000
33
0.7195
0
3DFACE
8
S_UMGEBUNG_GELAENDE
10
-35.0000
20
100.0000
30
0.7195
11
-30.0000
21
100.0000
31
0.8310
12
-30.0000
22
105.0000
32
0.9210
13
-35.0000
23
105.0000
33
0.8095
0
3DFACE
8
S_UMGEBUNG_GELAENDE
10
-35.0000
20
105.0000
30
0.8095
11
-30.0000
21
105.0000
31
0.9210
12
-30.0000
22
110.0000
32
1.0110
13
-35.0000
23
110.0000
33
0.8995
0
3DFACE
8
S_UMGEBUNG_GELAENDE
10
-35.0000
20
110.0000
30
0.8995
11
-30.0000
21
110.0000
31
1.0110
12
-30.0000
22
115.0000
32
1.1010
13
-35.0000
23
115.0000
33
0.9895
0
3DFACE
8
S_UMGEBUNG_GELAENDE
10
-35.0000
20
115.0000
30
0.9895
11
-30.0000
21
115.0000
31
1.1010
12
-30.0000
22
120.0000
32
1.1910
13
-35.0000
23
120.0000
33
1.0795
0
3DFACE
8
S_UMGEBUNG_GELAENDE
10
-35.0000
20
120.0000
30
1.0795
11
-30.0000
21
120.0000
31
1.1910
12
-30.0000
22
125.0000
32
1.2810
13
-35.0000
23
125.0000
33
1.1695
0
3DFACE
8
S_UMGEBUNG_GELAENDE
10
-35.0000
20
125.0000
30
1.1695
11
-30.0000
21
125.0000
31
1.2810
12
-30.0000
22
130.0000
32
1.3710
13
-35.0000
23
130.0000
33
1.2595
0
3DFACE
8
S_UMGEBUNG_GELAENDE
10
-35.0000
20
130.0000
30
1.2595
11
-30.0000
21
130.0000
31
1.3710
12
-30.0000
22
135.0000
32
1.4610
13
-35.0000
23
135.0000
33
1.3495
0
3DFACE
8
S_UMGEBUNG_GELAENDE
10
-35.0000
20
135.0000
30
1.3495
11
-30.0000
21
135.0000
31
1.4610
12
-30.0000
22
140.0000
32
1.5510
13
-35.0000
23
140.0000
33
1.4395
0
3DFACE
8
S_UMGEBUNG_GELAENDE
10
-35.0000
20
140.0000
30
1.4395
11
-30.0000
21
140.0000
31
1.5510
12
-30.0000
22
145.0000
32
1.6410
13
-35.0000
23
145.0000
33
1.5295
0
3DFACE
8
S_UMGEBUNG_GELAENDE
10
-30.0000
20
-145.0000
30
-3.5790
11
-25.0000
21
-145.0000
31
-3.4611
12
-25.0000
22
-140.0000
32
-3.3711
13
-30.0000
23
-140.0000
33
-3.4890
0
3DFACE
8
S_UMGEBUNG_GELAENDE
10
-30.0000
20
-140.0000
30
-3.4890
11
-25.0000
21
-140.0000
31
-3.3711
12
-25.0000
22
-135.0000
32
-3.2811
13
-30.0000
23
-135.0000
33
-3.3990
0
3DFACE
8
S_UMGEBUNG_GELAENDE
10
-30.0000
20
-135.0000
30
-3.3990
11
-25.0000
21
-135.0000
31
-3.2811
12
-25.0000
22
-130.0000
32
-3.1911
13
-30.0000
23
-130.0000
33
-3.3090
0
3DFACE
8
S_UMGEBUNG_GELAENDE
10
-30.0000
20
-130.0000
30
-3.3090
11
-25.0000
21
-130.0000
31
-3.1911
12
-25.0000
22
-125.0000
32
-3.1011
13
-30.0000
23
-125.0000
33
-3.2190
0
3DFACE
8
S_UMGEBUNG_GELAENDE
10
-30.0000
20
-125.0000
30
-3.2190
11
-25.0000
21
-125.0000
31
-3.1011
12
-25.0000
22
-120.0000
32
-3.0111
13
-30.0000
23
-120.0000
33
-3.1290
0
3DFACE
8
S_UMGEBUNG_GELAENDE
10
-30.0000
20
-120.0000
30
-3.1290
11
-25.0000
21
-120.0000
31
-3.0111
12
-25.0000
22
-115.0000
32
-2.9211
13
-30.0000
23
-115.0000
33
-3.0390
0
3DFACE
8
S_UMGEBUNG_GELAENDE
10
-30.0000
20
-115.0000
30
-3.0390
11
-25.0000
21
-115.0000
31
-2.9211
12
-25.0000
22
-110.0000
32
-2.8311
13
-30.0000
23
-110.0000
33
-2.9490
0
3DFACE
8
S_UMGEBUNG_GELAENDE
10
-30.0000
20
-110.0000
30
-2.9490
11
-25.0000
21
-110.0000
31
-2.8311
12
-25.0000
22
-105.0000
32
-2.7411
13
-30.0000
23
-105.0000
33
-2.8590
0
3DFACE
8
S_UMGEBUNG_GELAENDE
10
-30.0000
20
-105.0000
30
-2.8590
11
-25.0000
21
-105.0000
31
-2.7411
12
-25.0000
22
-100.0000
32
-2.6511
13
-30.0000
23
-100.0000
33
-2.7690
0
3DFACE
8
S_UMGEBUNG_GELAENDE
10
-30.0000
20
-100.0000
30
-2.7690
11
-25.0000
21
-100.0000
31
-2.6511
12
-25.0000
22
-95.0000
32
-2.5611
13
-30.0000
23
-95.0000
33
-2.6790
0
3DFACE
8
S_UMGEBUNG_GELAENDE
10
-30.0000
20
-95.0000
30
-2.6790
11
-25.0000
21
-95.0000
31
-2.5611
12
-25.0000
22
-90.0000
32
-2.4711
13
-30.0000
23
-90.0000
33
-2.5890
0
3DFACE
8
S_UMGEBUNG_GELAENDE
10
-30.0000
20
-90.0000
30
-2.5890
11
-25.0000
21
-90.0000
31
-2.4711
12
-25.0000
22
-85.0000
32
-2.3811
13
-30.0000
23
-85.0000
33
-2.4990
0
3DFACE
8
S_UMGEBUNG_GELAENDE
10
-30.0000
20
-85.0000
30
-2.4990
11
-25.0000
21
-85.0000
31
-2.3811
12
-25.0000
22
-80.0000
32
-2.2911
13
-30.0000
23
-80.0000
33
-2.4090
0
3DFACE
8
S_UMGEBUNG_GELAENDE
10
-30.0000
20
-80.0000
30
-2.4090
11
-25.0000
21
-80.0000
31
-2.2911
12
-25.0000
22
-75.0000
32
-2.2011
13
-30.0000
23
-75.0000
33
-2.3190
0
3DFACE
8
S_UMGEBUNG_GELAENDE
10
-30.0000
20
-75.0000
30
-2.3190
11
-25.0000
21
-75.0000
31
-2.2011
12
-25.0000
22
-70.0000
32
-2.1111
13
-30.0000
23
-70.0000
33
-2.2290
0
3DFACE
8
S_UMGEBUNG_GELAENDE
10
-30.0000
20
-70.0000
30
-2.2290
11
-25.0000
21
-70.0000
31
-2.1111
12
-25.0000
22
-65.0000
32
-2.0211
13
-30.0000
23
-65.0000
33
-2.1390
0
3DFACE
8
S_UMGEBUNG_GELAENDE
10
-30.0000
20
-65.0000
30
-2.1390
11
-25.0000
21
-65.0000
31
-2.0211
12
-25.0000
22
-60.0000
32
-1.9311
13
-30.0000
23
-60.0000
33
-2.0490
0
3DFACE
8
S_UMGEBUNG_GELAENDE
10
-30.0000
20
-60.0000
30
-2.0490
11
-25.0000
21
-60.0000
31
-1.9311
12
-25.0000
22
-55.0000
32
-1.8411
13
-30.0000
23
-55.0000
33
-1.9590
0
3DFACE
8
S_UMGEBUNG_GELAENDE
10
-30.0000
20
-55.0000
30
-1.9590
11
-25.0000
21
-55.0000
31
-1.8411
12
-25.0000
22
-50.0000
32
-1.7511
13
-30.0000
23
-50.0000
33
-1.8690
0
3DFACE
8
S_UMGEBUNG_GELAENDE
10
-30.0000
20
-50.0000
30
-1.8690
11
-25.0000
21
-50.0000
31
-1.7511
12
-25.0000
22
-45.0000
32
-1.6611
13
-30.0000
23
-45.0000
33
-1.7790
0
3DFACE
8
S_UMGEBUNG_GELAENDE
10
-30.0000
20
-45.0000
30
-1.7790
11
-25.0000
21
-45.0000
31
-1.6611
12
-25.0000
22
-40.0000
32
-1.5711
13
-30.0000
23
-40.0000
33
-1.6890
0
3DFACE
8
S_UMGEBUNG_GELAENDE
10
-30.0000
20
-40.0000
30
-1.6890
11
-25.0000
21
-40.0000
31
-1.5711
12
-25.0000
22
-35.0000
32
-1.4811
13
-30.0000
23
-35.0000
33
-1.5990
0
3DFACE
8
S_UMGEBUNG_GELAENDE
10
-30.0000
20
-35.0000
30
-1.5990
11
-25.0000
21
-35.0000
31
-1.4811
12
-25.0000
22
-30.0000
32
-1.3911
13
-30.0000
23
-30.0000
33
-1.5090
0
3DFACE
8
S_UMGEBUNG_GELAENDE
10
-30.0000
20
-30.0000
30
-1.5090
11
-25.0000
21
-30.0000
31
-1.3911
12
-25.0000
22
-25.0000
32
-1.3011
13
-30.0000
23
-25.0000
33
-1.4190
0
3DFACE
8
S_UMGEBUNG_GELAENDE
10
-30.0000
20
-25.0000
30
-1.4190
11
-25.0000
21
-25.0000
31
-1.3011
12
-25.0000
22
-20.0000
32
-1.2111
13
-30.0000
23
-20.0000
33
-1.3290
0
3DFACE
8
S_UMGEBUNG_GELAENDE
10
-30.0000
20
-20.0000
30
-1.3290
11
-25.0000
21
-20.0000
31
-1.2111
12
-25.0000
22
-15.0000
32
-1.1211
13
-30.0000
23
-15.0000
33
-1.2390
0
3DFACE
8
S_UMGEBUNG_GELAENDE
10
-30.0000
20
-15.0000
30
-1.2390
11
-25.0000
21
-15.0000
31
-1.1211
12
-25.0000
22
-10.0000
32
-1.0311
13
-30.0000
23
-10.0000
33
-1.1490
0
3DFACE
8
S_UMGEBUNG_GELAENDE
10
-30.0000
20
-10.0000
30
-1.1490
11
-25.0000
21
-10.0000
31
-1.0311
12
-25.0000
22
-5.0000
32
-0.9411
13
-30.0000
23
-5.0000
33
-1.0590
0
3DFACE
8
S_UMGEBUNG_GELAENDE
10
-30.0000
20
-5.0000
30
-1.0590
11
-25.0000
21
-5.0000
31
-0.9411
12
-25.0000
22
0.0000
32
-0.8511
13
-30.0000
23
0.0000
33
-0.9690
0
3DFACE
8
S_UMGEBUNG_GELAENDE
10
-30.0000
20
0.0000
30
-0.9690
11
-25.0000
21
0.0000
31
-0.8511
12
-25.0000
22
5.0000
32
-0.7611
13
-30.0000
23
5.0000
33
-0.8790
0
3DFACE
8
S_UMGEBUNG_GELAENDE
10
-30.0000
20
5.0000
30
-0.8790
11
-25.0000
21
5.0000
31
-0.7611
12
-25.0000
22
10.0000
32
-0.6711
13
-30.0000
23
10.0000
33
-0.7890
0
3DFACE
8
S_UMGEBUNG_GELAENDE
10
-30.0000
20
10.0000
30
-0.7890
11
-25.0000
21
10.0000
31
-0.6711
12
-25.0000
22
15.0000
32
-0.5811
13
-30.0000
23
15.0000
33
-0.6990
0
3DFACE
8
S_UMGEBUNG_GELAENDE
10
-30.0000
20
15.0000
30
-0.6990
11
-25.0000
21
15.0000
31
-0.5811
12
-25.0000
22
20.0000
32
-0.4911
13
-30.0000
23
20.0000
33
-0.6090
0
3DFACE
8
S_UMGEBUNG_GELAENDE
10
-30.0000
20
20.0000
30
-0.6090
11
-25.0000
21
20.0000
31
-0.4911
12
-25.0000
22
25.0000
32
-0.4011
13
-30.0000
23
25.0000
33
-0.5190
0
3DFACE
8
S_UMGEBUNG_GELAENDE
10
-30.0000
20
25.0000
30
-0.5190
11
-25.0000
21
25.0000
31
-0.4011
12
-25.0000
22
30.0000
32
-0.3111
13
-30.0000
23
30.0000
33
-0.4290
0
3DFACE
8
S_UMGEBUNG_GELAENDE
10
-30.0000
20
30.0000
30
-0.4290
11
-25.0000
21
30.0000
31
-0.3111
12
-25.0000
22
35.0000
32
-0.2211
13
-30.0000
23
35.0000
33
-0.3390
0
3DFACE
8
S_UMGEBUNG_GELAENDE
10
-30.0000
20
35.0000
30
-0.3390
11
-25.0000
21
35.0000
31
-0.2211
12
-25.0000
22
40.0000
32
-0.1311
13
-30.0000
23
40.0000
33
-0.2490
0
3DFACE
8
S_UMGEBUNG_GELAENDE
10
-30.0000
20
40.0000
30
-0.2490
11
-25.0000
21
40.0000
31
-0.1311
12
-25.0000
22
45.0000
32
-0.0411
13
-30.0000
23
45.0000
33
-0.1590
0
3DFACE
8
S_UMGEBUNG_GELAENDE
10
-30.0000
20
45.0000
30
-0.1590
11
-25.0000
21
45.0000
31
-0.0411
12
-25.0000
22
50.0000
32
0.0489
13
-30.0000
23
50.0000
33
-0.0690
0
3DFACE
8
S_UMGEBUNG_GELAENDE
10
-30.0000
20
50.0000
30
-0.0690
11
-25.0000
21
50.0000
31
0.0489
12
-25.0000
22
55.0000
32
0.1389
13
-30.0000
23
55.0000
33
0.0210
0
3DFACE
8
S_UMGEBUNG_GELAENDE
10
-30.0000
20
55.0000
30
0.0210
11
-25.0000
21
55.0000
31
0.1389
12
-25.0000
22
60.0000
32
0.2289
13
-30.0000
23
60.0000
33
0.1110
0
3DFACE
8
S_UMGEBUNG_GELAENDE
10
-30.0000
20
60.0000
30
0.1110
11
-25.0000
21
60.0000
31
0.2289
12
-25.0000
22
65.0000
32
0.3189
13
-30.0000
23
65.0000
33
0.2010
0
3DFACE
8
S_UMGEBUNG_GELAENDE
10
-30.0000
20
65.0000
30
0.2010
11
-25.0000
21
65.0000
31
0.3189
12
-25.0000
22
70.0000
32
0.4089
13
-30.0000
23
70.0000
33
0.2910
0
3DFACE
8
S_UMGEBUNG_GELAENDE
10
-30.0000
20
70.0000
30
0.2910
11
-25.0000
21
70.0000
31
0.4089
12
-25.0000
22
75.0000
32
0.4989
13
-30.0000
23
75.0000
33
0.3810
0
3DFACE
8
S_UMGEBUNG_GELAENDE
10
-30.0000
20
75.0000
30
0.3810
11
-25.0000
21
75.0000
31
0.4989
12
-25.0000
22
80.0000
32
0.5889
13
-30.0000
23
80.0000
33
0.4710
0
3DFACE
8
S_UMGEBUNG_GELAENDE
10
-30.0000
20
80.0000
30
0.4710
11
-25.0000
21
80.0000
31
0.5889
12
-25.0000
22
85.0000
32
0.6789
13
-30.0000
23
85.0000
33
0.5610
0
3DFACE
8
S_UMGEBUNG_GELAENDE
10
-30.0000
20
85.0000
30
0.5610
11
-25.0000
21
85.0000
31
0.6789
12
-25.0000
22
90.0000
32
0.7689
13
-30.0000
23
90.0000
33
0.6510
0
3DFACE
8
S_UMGEBUNG_GELAENDE
10
-30.0000
20
90.0000
30
0.6510
11
-25.0000
21
90.0000
31
0.7689
12
-25.0000
22
95.0000
32
0.8589
13
-30.0000
23
95.0000
33
0.7410
0
3DFACE
8
S_UMGEBUNG_GELAENDE
10
-30.0000
20
95.0000
30
0.7410
11
-25.0000
21
95.0000
31
0.8589
12
-25.0000
22
100.0000
32
0.9489
13
-30.0000
23
100.0000
33
0.8310
0
3DFACE
8
S_UMGEBUNG_GELAENDE
10
-30.0000
20
100.0000
30
0.8310
11
-25.0000
21
100.0000
31
0.9489
12
-25.0000
22
105.0000
32
1.0389
13
-30.0000
23
105.0000
33
0.9210
0
3DFACE
8
S_UMGEBUNG_GELAENDE
10
-30.0000
20
105.0000
30
0.9210
11
-25.0000
21
105.0000
31
1.0389
12
-25.0000
22
110.0000
32
1.1289
13
-30.0000
23
110.0000
33
1.0110
0
3DFACE
8
S_UMGEBUNG_GELAENDE
10
-30.0000
20
110.0000
30
1.0110
11
-25.0000
21
110.0000
31
1.1289
12
-25.0000
22
115.0000
32
1.2189
13
-30.0000
23
115.0000
33
1.1010
0
3DFACE
8
S_UMGEBUNG_GELAENDE
10
-30.0000
20
115.0000
30
1.1010
11
-25.0000
21
115.0000
31
1.2189
12
-25.0000
22
120.0000
32
1.3089
13
-30.0000
23
120.0000
33
1.1910
0
3DFACE
8
S_UMGEBUNG_GELAENDE
10
-30.0000
20
120.0000
30
1.1910
11
-25.0000
21
120.0000
31
1.3089
12
-25.0000
22
125.0000
32
1.3989
13
-30.0000
23
125.0000
33
1.2810
0
3DFACE
8
S_UMGEBUNG_GELAENDE
10
-30.0000
20
125.0000
30
1.2810
11
-25.0000
21
125.0000
31
1.3989
12
-25.0000
22
130.0000
32
1.4889
13
-30.0000
23
130.0000
33
1.3710
0
3DFACE
8
S_UMGEBUNG_GELAENDE
10
-30.0000
20
130.0000
30
1.3710
11
-25.0000
21
130.0000
31
1.4889
12
-25.0000
22
135.0000
32
1.5789
13
-30.0000
23
135.0000
33
1.4610
0
3DFACE
8
S_UMGEBUNG_GELAENDE
10
-30.0000
20
135.0000
30
1.4610
11
-25.0000
21
135.0000
31
1.5789
12
-25.0000
22
140.0000
32
1.6689
13
-30.0000
23
140.0000
33
1.5510
0
3DFACE
8
S_UMGEBUNG_GELAENDE
10
-30.0000
20
140.0000
30
1.5510
11
-25.0000
21
140.0000
31
1.6689
12
-25.0000
22
145.0000
32
1.7589
13
-30.0000
23
145.0000
33
1.6410
0
3DFACE
8
S_UMGEBUNG_GELAENDE
10
-25.0000
20
-150.0000
30
-3.5511
11
-20.0000
21
-150.0000
31
-3.4277
12
-20.0000
22
-145.0000
32
-3.3377
13
-25.0000
23
-145.0000
33
-3.4611
0
3DFACE
8
S_UMGEBUNG_GELAENDE
10
-25.0000
20
-145.0000
30
-3.4611
11
-20.0000
21
-145.0000
31
-3.3377
12
-20.0000
22
-140.0000
32
-3.2477
13
-25.0000
23
-140.0000
33
-3.3711
0
3DFACE
8
S_UMGEBUNG_GELAENDE
10
-25.0000
20
-140.0000
30
-3.3711
11
-20.0000
21
-140.0000
31
-3.2477
12
-20.0000
22
-135.0000
32
-3.1577
13
-25.0000
23
-135.0000
33
-3.2811
0
3DFACE
8
S_UMGEBUNG_GELAENDE
10
-25.0000
20
-135.0000
30
-3.2811
11
-20.0000
21
-135.0000
31
-3.1577
12
-20.0000
22
-130.0000
32
-3.0677
13
-25.0000
23
-130.0000
33
-3.1911
0
3DFACE
8
S_UMGEBUNG_GELAENDE
10
-25.0000
20
-130.0000
30
-3.1911
11
-20.0000
21
-130.0000
31
-3.0677
12
-20.0000
22
-125.0000
32
-2.9777
13
-25.0000
23
-125.0000
33
-3.1011
0
3DFACE
8
S_UMGEBUNG_GELAENDE
10
-25.0000
20
-125.0000
30
-3.1011
11
-20.0000
21
-125.0000
31
-2.9777
12
-20.0000
22
-120.0000
32
-2.8877
13
-25.0000
23
-120.0000
33
-3.0111
0
3DFACE
8
S_UMGEBUNG_GELAENDE
10
-25.0000
20
-120.0000
30
-3.0111
11
-20.0000
21
-120.0000
31
-2.8877
12
-20.0000
22
-115.0000
32
-2.7977
13
-25.0000
23
-115.0000
33
-2.9211
0
3DFACE
8
S_UMGEBUNG_GELAENDE
10
-25.0000
20
-115.0000
30
-2.9211
11
-20.0000
21
-115.0000
31
-2.7977
12
-20.0000
22
-110.0000
32
-2.7077
13
-25.0000
23
-110.0000
33
-2.8311
0
3DFACE
8
S_UMGEBUNG_GELAENDE
10
-25.0000
20
-110.0000
30
-2.8311
11
-20.0000
21
-110.0000
31
-2.7077
12
-20.0000
22
-105.0000
32
-2.6177
13
-25.0000
23
-105.0000
33
-2.7411
0
3DFACE
8
S_UMGEBUNG_GELAENDE
10
-25.0000
20
-105.0000
30
-2.7411
11
-20.0000
21
-105.0000
31
-2.6177
12
-20.0000
22
-100.0000
32
-2.5277
13
-25.0000
23
-100.0000
33
-2.6511
0
3DFACE
8
S_UMGEBUNG_GELAENDE
10
-25.0000
20
-100.0000
30
-2.6511
11
-20.0000
21
-100.0000
31
-2.5277
12
-20.0000
22
-95.0000
32
-2.4377
13
-25.0000
23
-95.0000
33
-2.5611
0
3DFACE
8
S_UMGEBUNG_GELAENDE
10
-25.0000
20
-95.0000
30
-2.5611
11
-20.0000
21
-95.0000
31
-2.4377
12
-20.0000
22
-90.0000
32
-2.3477
13
-25.0000
23
-90.0000
33
-2.4711
0
3DFACE
8
S_UMGEBUNG_GELAENDE
10
-25.0000
20
-90.0000
30
-2.4711
11
-20.0000
21
-90.0000
31
-2.3477
12
-20.0000
22
-85.0000
32
-2.2577
13
-25.0000
23
-85.0000
33
-2.3811
0
3DFACE
8
S_UMGEBUNG_GELAENDE
10
-25.0000
20
-85.0000
30
-2.3811
11
-20.0000
21
-85.0000
31
-2.2577
12
-20.0000
22
-80.0000
32
-2.1677
13
-25.0000
23
-80.0000
33
-2.2911
0
3DFACE
8
S_UMGEBUNG_GELAENDE
10
-25.0000
20
-80.0000
30
-2.2911
11
-20.0000
21
-80.0000
31
-2.1677
12
-20.0000
22
-75.0000
32
-2.0777
13
-25.0000
23
-75.0000
33
-2.2011
0
3DFACE
8
S_UMGEBUNG_GELAENDE
10
-25.0000
20
-75.0000
30
-2.2011
11
-20.0000
21
-75.0000
31
-2.0777
12
-20.0000
22
-70.0000
32
-1.9877
13
-25.0000
23
-70.0000
33
-2.1111
0
3DFACE
8
S_UMGEBUNG_GELAENDE
10
-25.0000
20
-70.0000
30
-2.1111
11
-20.0000
21
-70.0000
31
-1.9877
12
-20.0000
22
-65.0000
32
-1.8977
13
-25.0000
23
-65.0000
33
-2.0211
0
3DFACE
8
S_UMGEBUNG_GELAENDE
10
-25.0000
20
-65.0000
30
-2.0211
11
-20.0000
21
-65.0000
31
-1.8977
12
-20.0000
22
-60.0000
32
-1.8077
13
-25.0000
23
-60.0000
33
-1.9311
0
3DFACE
8
S_UMGEBUNG_GELAENDE
10
-25.0000
20
-60.0000
30
-1.9311
11
-20.0000
21
-60.0000
31
-1.8077
12
-20.0000
22
-55.0000
32
-1.7177
13
-25.0000
23
-55.0000
33
-1.8411
0
3DFACE
8
S_UMGEBUNG_GELAENDE
10
-25.0000
20
-55.0000
30
-1.8411
11
-20.0000
21
-55.0000
31
-1.7177
12
-20.0000
22
-50.0000
32
-1.6277
13
-25.0000
23
-50.0000
33
-1.7511
0
3DFACE
8
S_UMGEBUNG_GELAENDE
10
-25.0000
20
-50.0000
30
-1.7511
11
-20.0000
21
-50.0000
31
-1.6277
12
-20.0000
22
-45.0000
32
-1.5377
13
-25.0000
23
-45.0000
33
-1.6611
0
3DFACE
8
S_UMGEBUNG_GELAENDE
10
-25.0000
20
-45.0000
30
-1.6611
11
-20.0000
21
-45.0000
31
-1.5377
12
-20.0000
22
-40.0000
32
-1.4477
13
-25.0000
23
-40.0000
33
-1.5711
0
3DFACE
8
S_UMGEBUNG_GELAENDE
10
-25.0000
20
-40.0000
30
-1.5711
11
-20.0000
21
-40.0000
31
-1.4477
12
-20.0000
22
-35.0000
32
-1.3577
13
-25.0000
23
-35.0000
33
-1.4811
0
3DFACE
8
S_UMGEBUNG_GELAENDE
10
-25.0000
20
-35.0000
30
-1.4811
11
-20.0000
21
-35.0000
31
-1.3577
12
-20.0000
22
-30.0000
32
-1.2677
13
-25.0000
23
-30.0000
33
-1.3911
0
3DFACE
8
S_UMGEBUNG_GELAENDE
10
-25.0000
20
-30.0000
30
-1.3911
11
-20.0000
21
-30.0000
31
-1.2677
12
-20.0000
22
-25.0000
32
-1.1777
13
-25.0000
23
-25.0000
33
-1.3011
0
3DFACE
8
S_UMGEBUNG_GELAENDE
10
-25.0000
20
-25.0000
30
-1.3011
11
-20.0000
21
-25.0000
31
-1.1777
12
-20.0000
22
-20.0000
32
-1.0877
13
-25.0000
23
-20.0000
33
-1.2111
0
3DFACE
8
S_UMGEBUNG_GELAENDE
10
-25.0000
20
-20.0000
30
-1.2111
11
-20.0000
21
-20.0000
31
-1.0877
12
-20.0000
22
-15.0000
32
-0.9977
13
-25.0000
23
-15.0000
33
-1.1211
0
3DFACE
8
S_UMGEBUNG_GELAENDE
10
-25.0000
20
-15.0000
30
-1.1211
11
-20.0000
21
-15.0000
31
-0.9977
12
-20.0000
22
-10.0000
32
-0.9077
13
-25.0000
23
-10.0000
33
-1.0311
0
3DFACE
8
S_UMGEBUNG_GELAENDE
10
-25.0000
20
-10.0000
30
-1.0311
11
-20.0000
21
-10.0000
31
-0.9077
12
-20.0000
22
-5.0000
32
-0.8177
13
-25.0000
23
-5.0000
33
-0.9411
0
3DFACE
8
S_UMGEBUNG_GELAENDE
10
-25.0000
20
-5.0000
30
-0.9411
11
-20.0000
21
-5.0000
31
-0.8177
12
-20.0000
22
0.0000
32
-0.7277
13
-25.0000
23
0.0000
33
-0.8511
0
3DFACE
8
S_UMGEBUNG_GELAENDE
10
-25.0000
20
0.0000
30
-0.8511
11
-20.0000
21
0.0000
31
-0.7277
12
-20.0000
22
5.0000
32
-0.6377
13
-25.0000
23
5.0000
33
-0.7611
0
3DFACE
8
S_UMGEBUNG_GELAENDE
10
-25.0000
20
5.0000
30
-0.7611
11
-20.0000
21
5.0000
31
-0.6377
12
-20.0000
22
10.0000
32
-0.5477
13
-25.0000
23
10.0000
33
-0.6711
0
3DFACE
8
S_UMGEBUNG_GELAENDE
10
-25.0000
20
10.0000
30
-0.6711
11
-20.0000
21
10.0000
31
-0.5477
12
-20.0000
22
15.0000
32
-0.4577
13
-25.0000
23
15.0000
33
-0.5811
0
3DFACE
8
S_UMGEBUNG_GELAENDE
10
-25.0000
20
15.0000
30
-0.5811
11
-20.0000
21
15.0000
31
-0.4577
12
-20.0000
22
20.0000
32
-0.3677
13
-25.0000
23
20.0000
33
-0.4911
0
3DFACE
8
S_UMGEBUNG_GELAENDE
10
-25.0000
20
20.0000
30
-0.4911
11
-20.0000
21
20.0000
31
-0.3677
12
-20.0000
22
25.0000
32
-0.2777
13
-25.0000
23
25.0000
33
-0.4011
0
3DFACE
8
S_UMGEBUNG_GELAENDE
10
-25.0000
20
25.0000
30
-0.4011
11
-20.0000
21
25.0000
31
-0.2777
12
-20.0000
22
30.0000
32
-0.1877
13
-25.0000
23
30.0000
33
-0.3111
0
3DFACE
8
S_UMGEBUNG_GELAENDE
10
-25.0000
20
30.0000
30
-0.3111
11
-20.0000
21
30.0000
31
-0.1877
12
-20.0000
22
35.0000
32
-0.0977
13
-25.0000
23
35.0000
33
-0.2211
0
3DFACE
8
S_UMGEBUNG_GELAENDE
10
-25.0000
20
35.0000
30
-0.2211
11
-20.0000
21
35.0000
31
-0.0977
12
-20.0000
22
40.0000
32
-0.0077
13
-25.0000
23
40.0000
33
-0.1311
0
3DFACE
8
S_UMGEBUNG_GELAENDE
10
-25.0000
20
40.0000
30
-0.1311
11
-20.0000
21
40.0000
31
-0.0077
12
-20.0000
22
45.0000
32
0.0823
13
-25.0000
23
45.0000
33
-0.0411
0
3DFACE
8
S_UMGEBUNG_GELAENDE
10
-25.0000
20
45.0000
30
-0.0411
11
-20.0000
21
45.0000
31
0.0823
12
-20.0000
22
50.0000
32
0.1723
13
-25.0000
23
50.0000
33
0.0489
0
3DFACE
8
S_UMGEBUNG_GELAENDE
10
-25.0000
20
50.0000
30
0.0489
11
-20.0000
21
50.0000
31
0.1723
12
-20.0000
22
55.0000
32
0.2623
13
-25.0000
23
55.0000
33
0.1389
0
3DFACE
8
S_UMGEBUNG_GELAENDE
10
-25.0000
20
55.0000
30
0.1389
11
-20.0000
21
55.0000
31
0.2623
12
-20.0000
22
60.0000
32
0.3523
13
-25.0000
23
60.0000
33
0.2289
0
3DFACE
8
S_UMGEBUNG_GELAENDE
10
-25.0000
20
60.0000
30
0.2289
11
-20.0000
21
60.0000
31
0.3523
12
-20.0000
22
65.0000
32
0.4423
13
-25.0000
23
65.0000
33
0.3189
0
3DFACE
8
S_UMGEBUNG_GELAENDE
10
-25.0000
20
65.0000
30
0.3189
11
-20.0000
21
65.0000
31
0.4423
12
-20.0000
22
70.0000
32
0.5323
13
-25.0000
23
70.0000
33
0.4089
0
3DFACE
8
S_UMGEBUNG_GELAENDE
10
-25.0000
20
70.0000
30
0.4089
11
-20.0000
21
70.0000
31
0.5323
12
-20.0000
22
75.0000
32
0.6223
13
-25.0000
23
75.0000
33
0.4989
0
3DFACE
8
S_UMGEBUNG_GELAENDE
10
-25.0000
20
75.0000
30
0.4989
11
-20.0000
21
75.0000
31
0.6223
12
-20.0000
22
80.0000
32
0.7123
13
-25.0000
23
80.0000
33
0.5889
0
3DFACE
8
S_UMGEBUNG_GELAENDE
10
-25.0000
20
80.0000
30
0.5889
11
-20.0000
21
80.0000
31
0.7123
12
-20.0000
22
85.0000
32
0.8023
13
-25.0000
23
85.0000
33
0.6789
0
3DFACE
8
S_UMGEBUNG_GELAENDE
10
-25.0000
20
85.0000
30
0.6789
11
-20.0000
21
85.0000
31
0.8023
12
-20.0000
22
90.0000
32
0.8923
13
-25.0000
23
90.0000
33
0.7689
0
3DFACE
8
S_UMGEBUNG_GELAENDE
10
-25.0000
20
90.0000
30
0.7689
11
-20.0000
21
90.0000
31
0.8923
12
-20.0000
22
95.0000
32
0.9823
13
-25.0000
23
95.0000
33
0.8589
0
3DFACE
8
S_UMGEBUNG_GELAENDE
10
-25.0000
20
95.0000
30
0.8589
11
-20.0000
21
95.0000
31
0.9823
12
-20.0000
22
100.0000
32
1.0723
13
-25.0000
23
100.0000
33
0.9489
0
3DFACE
8
S_UMGEBUNG_GELAENDE
10
-25.0000
20
100.0000
30
0.9489
11
-20.0000
21
100.0000
31
1.0723
12
-20.0000
22
105.0000
32
1.1623
13
-25.0000
23
105.0000
33
1.0389
0
3DFACE
8
S_UMGEBUNG_GELAENDE
10
-25.0000
20
105.0000
30
1.0389
11
-20.0000
21
105.0000
31
1.1623
12
-20.0000
22
110.0000
32
1.2523
13
-25.0000
23
110.0000
33
1.1289
0
3DFACE
8
S_UMGEBUNG_GELAENDE
10
-25.0000
20
110.0000
30
1.1289
11
-20.0000
21
110.0000
31
1.2523
12
-20.0000
22
115.0000
32
1.3423
13
-25.0000
23
115.0000
33
1.2189
0
3DFACE
8
S_UMGEBUNG_GELAENDE
10
-25.0000
20
115.0000
30
1.2189
11
-20.0000
21
115.0000
31
1.3423
12
-20.0000
22
120.0000
32
1.4323
13
-25.0000
23
120.0000
33
1.3089
0
3DFACE
8
S_UMGEBUNG_GELAENDE
10
-25.0000
20
120.0000
30
1.3089
11
-20.0000
21
120.0000
31
1.4323
12
-20.0000
22
125.0000
32
1.5223
13
-25.0000
23
125.0000
33
1.3989
0
3DFACE
8
S_UMGEBUNG_GELAENDE
10
-25.0000
20
125.0000
30
1.3989
11
-20.0000
21
125.0000
31
1.5223
12
-20.0000
22
130.0000
32
1.6123
13
-25.0000
23
130.0000
33
1.4889
0
3DFACE
8
S_UMGEBUNG_GELAENDE
10
-25.0000
20
130.0000
30
1.4889
11
-20.0000
21
130.0000
31
1.6123
12
-20.0000
22
135.0000
32
1.7023
13
-25.0000
23
135.0000
33
1.5789
0
3DFACE
8
S_UMGEBUNG_GELAENDE
10
-25.0000
20
135.0000
30
1.5789
11
-20.0000
21
135.0000
31
1.7023
12
-20.0000
22
140.0000
32
1.7923
13
-25.0000
23
140.0000
33
1.6689
0
3DFACE
8
S_UMGEBUNG_GELAENDE
10
-25.0000
20
140.0000
30
1.6689
11
-20.0000
21
140.0000
31
1.7923
12
-20.0000
22
145.0000
32
1.8823
13
-25.0000
23
145.0000
33
1.7589
0
3DFACE
8
S_UMGEBUNG_GELAENDE
10
-25.0000
20
145.0000
30
1.7589
11
-20.0000
21
145.0000
31
1.8823
12
-20.0000
22
150.0000
32
1.9723
13
-25.0000
23
150.0000
33
1.8489
0
3DFACE
8
S_UMGEBUNG_GELAENDE
10
-20.0000
20
-150.0000
30
-3.4277
11
-15.0000
21
-150.0000
31
-3.2998
12
-15.0000
22
-145.0000
32
-3.2098
13
-20.0000
23
-145.0000
33
-3.3377
0
3DFACE
8
S_UMGEBUNG_GELAENDE
10
-20.0000
20
-145.0000
30
-3.3377
11
-15.0000
21
-145.0000
31
-3.2098
12
-15.0000
22
-140.0000
32
-3.1198
13
-20.0000
23
-140.0000
33
-3.2477
0
3DFACE
8
S_UMGEBUNG_GELAENDE
10
-20.0000
20
-140.0000
30
-3.2477
11
-15.0000
21
-140.0000
31
-3.1198
12
-15.0000
22
-135.0000
32
-3.0298
13
-20.0000
23
-135.0000
33
-3.1577
0
3DFACE
8
S_UMGEBUNG_GELAENDE
10
-20.0000
20
-135.0000
30
-3.1577
11
-15.0000
21
-135.0000
31
-3.0298
12
-15.0000
22
-130.0000
32
-2.9398
13
-20.0000
23
-130.0000
33
-3.0677
0
3DFACE
8
S_UMGEBUNG_GELAENDE
10
-20.0000
20
-130.0000
30
-3.0677
11
-15.0000
21
-130.0000
31
-2.9398
12
-15.0000
22
-125.0000
32
-2.8498
13
-20.0000
23
-125.0000
33
-2.9777
0
3DFACE
8
S_UMGEBUNG_GELAENDE
10
-20.0000
20
-125.0000
30
-2.9777
11
-15.0000
21
-125.0000
31
-2.8498
12
-15.0000
22
-120.0000
32
-2.7598
13
-20.0000
23
-120.0000
33
-2.8877
0
3DFACE
8
S_UMGEBUNG_GELAENDE
10
-20.0000
20
-120.0000
30
-2.8877
11
-15.0000
21
-120.0000
31
-2.7598
12
-15.0000
22
-115.0000
32
-2.6698
13
-20.0000
23
-115.0000
33
-2.7977
0
3DFACE
8
S_UMGEBUNG_GELAENDE
10
-20.0000
20
-115.0000
30
-2.7977
11
-15.0000
21
-115.0000
31
-2.6698
12
-15.0000
22
-110.0000
32
-2.5798
13
-20.0000
23
-110.0000
33
-2.7077
0
3DFACE
8
S_UMGEBUNG_GELAENDE
10
-20.0000
20
-110.0000
30
-2.7077
11
-15.0000
21
-110.0000
31
-2.5798
12
-15.0000
22
-105.0000
32
-2.4898
13
-20.0000
23
-105.0000
33
-2.6177
0
3DFACE
8
S_UMGEBUNG_GELAENDE
10
-20.0000
20
-105.0000
30
-2.6177
11
-15.0000
21
-105.0000
31
-2.4898
12
-15.0000
22
-100.0000
32
-2.3998
13
-20.0000
23
-100.0000
33
-2.5277
0
3DFACE
8
S_UMGEBUNG_GELAENDE
10
-20.0000
20
-100.0000
30
-2.5277
11
-15.0000
21
-100.0000
31
-2.3998
12
-15.0000
22
-95.0000
32
-2.3098
13
-20.0000
23
-95.0000
33
-2.4377
0
3DFACE
8
S_UMGEBUNG_GELAENDE
10
-20.0000
20
-95.0000
30
-2.4377
11
-15.0000
21
-95.0000
31
-2.3098
12
-15.0000
22
-90.0000
32
-2.2198
13
-20.0000
23
-90.0000
33
-2.3477
0
3DFACE
8
S_UMGEBUNG_GELAENDE
10
-20.0000
20
-90.0000
30
-2.3477
11
-15.0000
21
-90.0000
31
-2.2198
12
-15.0000
22
-85.0000
32
-2.1298
13
-20.0000
23
-85.0000
33
-2.2577
0
3DFACE
8
S_UMGEBUNG_GELAENDE
10
-20.0000
20
-85.0000
30
-2.2577
11
-15.0000
21
-85.0000
31
-2.1298
12
-15.0000
22
-80.0000
32
-2.0398
13
-20.0000
23
-80.0000
33
-2.1677
0
3DFACE
8
S_UMGEBUNG_GELAENDE
10
-20.0000
20
-80.0000
30
-2.1677
11
-15.0000
21
-80.0000
31
-2.0398
12
-15.0000
22
-75.0000
32
-1.9498
13
-20.0000
23
-75.0000
33
-2.0777
0
3DFACE
8
S_UMGEBUNG_GELAENDE
10
-20.0000
20
-75.0000
30
-2.0777
11
-15.0000
21
-75.0000
31
-1.9498
12
-15.0000
22
-70.0000
32
-1.8598
13
-20.0000
23
-70.0000
33
-1.9877
0
3DFACE
8
S_UMGEBUNG_GELAENDE
10
-20.0000
20
-70.0000
30
-1.9877
11
-15.0000
21
-70.0000
31
-1.8598
12
-15.0000
22
-65.0000
32
-1.7698
13
-20.0000
23
-65.0000
33
-1.8977
0
3DFACE
8
S_UMGEBUNG_GELAENDE
10
-20.0000
20
-65.0000
30
-1.8977
11
-15.0000
21
-65.0000
31
-1.7698
12
-15.0000
22
-60.0000
32
-1.6798
13
-20.0000
23
-60.0000
33
-1.8077
0
3DFACE
8
S_UMGEBUNG_GELAENDE
10
-20.0000
20
-60.0000
30
-1.8077
11
-15.0000
21
-60.0000
31
-1.6798
12
-15.0000
22
-55.0000
32
-1.5898
13
-20.0000
23
-55.0000
33
-1.7177
0
3DFACE
8
S_UMGEBUNG_GELAENDE
10
-20.0000
20
-55.0000
30
-1.7177
11
-15.0000
21
-55.0000
31
-1.5898
12
-15.0000
22
-50.0000
32
-1.4998
13
-20.0000
23
-50.0000
33
-1.6277
0
3DFACE
8
S_UMGEBUNG_GELAENDE
10
-20.0000
20
-50.0000
30
-1.6277
11
-15.0000
21
-50.0000
31
-1.4998
12
-15.0000
22
-45.0000
32
-1.4098
13
-20.0000
23
-45.0000
33
-1.5377
0
3DFACE
8
S_UMGEBUNG_GELAENDE
10
-20.0000
20
-45.0000
30
-1.5377
11
-15.0000
21
-45.0000
31
-1.4098
12
-15.0000
22
-40.0000
32
-1.3198
13
-20.0000
23
-40.0000
33
-1.4477
0
3DFACE
8
S_UMGEBUNG_GELAENDE
10
-20.0000
20
-40.0000
30
-1.4477
11
-15.0000
21
-40.0000
31
-1.3198
12
-15.0000
22
-35.0000
32
-1.2298
13
-20.0000
23
-35.0000
33
-1.3577
0
3DFACE
8
S_UMGEBUNG_GELAENDE
10
-20.0000
20
-35.0000
30
-1.3577
11
-15.0000
21
-35.0000
31
-1.2298
12
-15.0000
22
-30.0000
32
-1.1398
13
-20.0000
23
-30.0000
33
-1.2677
0
3DFACE
8
S_UMGEBUNG_GELAENDE
10
-20.0000
20
-30.0000
30
-1.2677
11
-15.0000
21
-30.0000
31
-1.1398
12
-15.0000
22
-25.0000
32
-1.0498
13
-20.0000
23
-25.0000
33
-1.1777
0
3DFACE
8
S_UMGEBUNG_GELAENDE
10
-20.0000
20
-25.0000
30
-1.1777
11
-15.0000
21
-25.0000
31
-1.0498
12
-15.0000
22
-20.0000
32
-0.9598
13
-20.0000
23
-20.0000
33
-1.0877
0
3DFACE
8
S_UMGEBUNG_GELAENDE
10
-20.0000
20
-20.0000
30
-1.0877
11
-15.0000
21
-20.0000
31
-0.9598
12
-15.0000
22
-15.0000
32
-0.8698
13
-20.0000
23
-15.0000
33
-0.9977
0
3DFACE
8
S_UMGEBUNG_GELAENDE
10
-20.0000
20
-15.0000
30
-0.9977
11
-15.0000
21
-15.0000
31
-0.8698
12
-15.0000
22
-10.0000
32
-0.7798
13
-20.0000
23
-10.0000
33
-0.9077
0
3DFACE
8
S_UMGEBUNG_GELAENDE
10
-20.0000
20
-10.0000
30
-0.9077
11
-15.0000
21
-10.0000
31
-0.7798
12
-15.0000
22
-5.0000
32
-0.6898
13
-20.0000
23
-5.0000
33
-0.8177
0
3DFACE
8
S_UMGEBUNG_GELAENDE
10
-20.0000
20
-5.0000
30
-0.8177
11
-15.0000
21
-5.0000
31
-0.6898
12
-15.0000
22
0.0000
32
-0.5998
13
-20.0000
23
0.0000
33
-0.7277
0
3DFACE
8
S_UMGEBUNG_GELAENDE
10
-20.0000
20
0.0000
30
-0.7277
11
-15.0000
21
0.0000
31
-0.5998
12
-15.0000
22
5.0000
32
-0.5098
13
-20.0000
23
5.0000
33
-0.6377
0
3DFACE
8
S_UMGEBUNG_GELAENDE
10
-20.0000
20
5.0000
30
-0.6377
11
-15.0000
21
5.0000
31
-0.5098
12
-15.0000
22
10.0000
32
-0.4198
13
-20.0000
23
10.0000
33
-0.5477
0
3DFACE
8
S_UMGEBUNG_GELAENDE
10
-20.0000
20
10.0000
30
-0.5477
11
-15.0000
21
10.0000
31
-0.4198
12
-15.0000
22
15.0000
32
-0.3298
13
-20.0000
23
15.0000
33
-0.4577
0
3DFACE
8
S_UMGEBUNG_GELAENDE
10
-20.0000
20
15.0000
30
-0.4577
11
-15.0000
21
15.0000
31
-0.3298
12
-15.0000
22
20.0000
32
-0.2398
13
-20.0000
23
20.0000
33
-0.3677
0
3DFACE
8
S_UMGEBUNG_GELAENDE
10
-20.0000
20
20.0000
30
-0.3677
11
-15.0000
21
20.0000
31
-0.2398
12
-15.0000
22
25.0000
32
-0.1498
13
-20.0000
23
25.0000
33
-0.2777
0
3DFACE
8
S_UMGEBUNG_GELAENDE
10
-20.0000
20
25.0000
30
-0.2777
11
-15.0000
21
25.0000
31
-0.1498
12
-15.0000
22
30.0000
32
-0.0598
13
-20.0000
23
30.0000
33
-0.1877
0
3DFACE
8
S_UMGEBUNG_GELAENDE
10
-20.0000
20
30.0000
30
-0.1877
11
-15.0000
21
30.0000
31
-0.0598
12
-15.0000
22
35.0000
32
0.0302
13
-20.0000
23
35.0000
33
-0.0977
0
3DFACE
8
S_UMGEBUNG_GELAENDE
10
-20.0000
20
35.0000
30
-0.0977
11
-15.0000
21
35.0000
31
0.0302
12
-15.0000
22
40.0000
32
0.1202
13
-20.0000
23
40.0000
33
-0.0077
0
3DFACE
8
S_UMGEBUNG_GELAENDE
10
-20.0000
20
40.0000
30
-0.0077
11
-15.0000
21
40.0000
31
0.1202
12
-15.0000
22
45.0000
32
0.2102
13
-20.0000
23
45.0000
33
0.0823
0
3DFACE
8
S_UMGEBUNG_GELAENDE
10
-20.0000
20
45.0000
30
0.0823
11
-15.0000
21
45.0000
31
0.2102
12
-15.0000
22
50.0000
32
0.3002
13
-20.0000
23
50.0000
33
0.1723
0
3DFACE
8
S_UMGEBUNG_GELAENDE
10
-20.0000
20
50.0000
30
0.1723
11
-15.0000
21
50.0000
31
0.3002
12
-15.0000
22
55.0000
32
0.3902
13
-20.0000
23
55.0000
33
0.2623
0
3DFACE
8
S_UMGEBUNG_GELAENDE
10
-20.0000
20
55.0000
30
0.2623
11
-15.0000
21
55.0000
31
0.3902
12
-15.0000
22
60.0000
32
0.4802
13
-20.0000
23
60.0000
33
0.3523
0
3DFACE
8
S_UMGEBUNG_GELAENDE
10
-20.0000
20
60.0000
30
0.3523
11
-15.0000
21
60.0000
31
0.4802
12
-15.0000
22
65.0000
32
0.5702
13
-20.0000
23
65.0000
33
0.4423
0
3DFACE
8
S_UMGEBUNG_GELAENDE
10
-20.0000
20
65.0000
30
0.4423
11
-15.0000
21
65.0000
31
0.5702
12
-15.0000
22
70.0000
32
0.6602
13
-20.0000
23
70.0000
33
0.5323
0
3DFACE
8
S_UMGEBUNG_GELAENDE
10
-20.0000
20
70.0000
30
0.5323
11
-15.0000
21
70.0000
31
0.6602
12
-15.0000
22
75.0000
32
0.7502
13
-20.0000
23
75.0000
33
0.6223
0
3DFACE
8
S_UMGEBUNG_GELAENDE
10
-20.0000
20
75.0000
30
0.6223
11
-15.0000
21
75.0000
31
0.7502
12
-15.0000
22
80.0000
32
0.8402
13
-20.0000
23
80.0000
33
0.7123
0
3DFACE
8
S_UMGEBUNG_GELAENDE
10
-20.0000
20
80.0000
30
0.7123
11
-15.0000
21
80.0000
31
0.8402
12
-15.0000
22
85.0000
32
0.9302
13
-20.0000
23
85.0000
33
0.8023
0
3DFACE
8
S_UMGEBUNG_GELAENDE
10
-20.0000
20
85.0000
30
0.8023
11
-15.0000
21
85.0000
31
0.9302
12
-15.0000
22
90.0000
32
1.0202
13
-20.0000
23
90.0000
33
0.8923
0
3DFACE
8
S_UMGEBUNG_GELAENDE
10
-20.0000
20
90.0000
30
0.8923
11
-15.0000
21
90.0000
31
1.0202
12
-15.0000
22
95.0000
32
1.1102
13
-20.0000
23
95.0000
33
0.9823
0
3DFACE
8
S_UMGEBUNG_GELAENDE
10
-20.0000
20
95.0000
30
0.9823
11
-15.0000
21
95.0000
31
1.1102
12
-15.0000
22
100.0000
32
1.2002
13
-20.0000
23
100.0000
33
1.0723
0
3DFACE
8
S_UMGEBUNG_GELAENDE
10
-20.0000
20
100.0000
30
1.0723
11
-15.0000
21
100.0000
31
1.2002
12
-15.0000
22
105.0000
32
1.2902
13
-20.0000
23
105.0000
33
1.1623
0
3DFACE
8
S_UMGEBUNG_GELAENDE
10
-20.0000
20
105.0000
30
1.1623
11
-15.0000
21
105.0000
31
1.2902
12
-15.0000
22
110.0000
32
1.3802
13
-20.0000
23
110.0000
33
1.2523
0
3DFACE
8
S_UMGEBUNG_GELAENDE
10
-20.0000
20
110.0000
30
1.2523
11
-15.0000
21
110.0000
31
1.3802
12
-15.0000
22
115.0000
32
1.4702
13
-20.0000
23
115.0000
33
1.3423
0
3DFACE
8
S_UMGEBUNG_GELAENDE
10
-20.0000
20
115.0000
30
1.3423
11
-15.0000
21
115.0000
31
1.4702
12
-15.0000
22
120.0000
32
1.5602
13
-20.0000
23
120.0000
33
1.4323
0
3DFACE
8
S_UMGEBUNG_GELAENDE
10
-20.0000
20
120.0000
30
1.4323
11
-15.0000
21
120.0000
31
1.5602
12
-15.0000
22
125.0000
32
1.6502
13
-20.0000
23
125.0000
33
1.5223
0
3DFACE
8
S_UMGEBUNG_GELAENDE
10
-20.0000
20
125.0000
30
1.5223
11
-15.0000
21
125.0000
31
1.6502
12
-15.0000
22
130.0000
32
1.7402
13
-20.0000
23
130.0000
33
1.6123
0
3DFACE
8
S_UMGEBUNG_GELAENDE
10
-20.0000
20
130.0000
30
1.6123
11
-15.0000
21
130.0000
31
1.7402
12
-15.0000
22
135.0000
32
1.8302
13
-20.0000
23
135.0000
33
1.7023
0
3DFACE
8
S_UMGEBUNG_GELAENDE
10
-20.0000
20
135.0000
30
1.7023
11
-15.0000
21
135.0000
31
1.8302
12
-15.0000
22
140.0000
32
1.9202
13
-20.0000
23
140.0000
33
1.7923
0
3DFACE
8
S_UMGEBUNG_GELAENDE
10
-20.0000
20
140.0000
30
1.7923
11
-15.0000
21
140.0000
31
1.9202
12
-15.0000
22
145.0000
32
2.0102
13
-20.0000
23
145.0000
33
1.8823
0
3DFACE
8
S_UMGEBUNG_GELAENDE
10
-20.0000
20
145.0000
30
1.8823
11
-15.0000
21
145.0000
31
2.0102
12
-15.0000
22
150.0000
32
2.1002
13
-20.0000
23
150.0000
33
1.9723
0
3DFACE
8
S_UMGEBUNG_GELAENDE
10
-15.0000
20
-150.0000
30
-3.2998
11
-10.0000
21
-150.0000
31
-3.1684
12
-10.0000
22
-145.0000
32
-3.0784
13
-15.0000
23
-145.0000
33
-3.2098
0
3DFACE
8
S_UMGEBUNG_GELAENDE
10
-15.0000
20
-145.0000
30
-3.2098
11
-10.0000
21
-145.0000
31
-3.0784
12
-10.0000
22
-140.0000
32
-2.9884
13
-15.0000
23
-140.0000
33
-3.1198
0
3DFACE
8
S_UMGEBUNG_GELAENDE
10
-15.0000
20
-140.0000
30
-3.1198
11
-10.0000
21
-140.0000
31
-2.9884
12
-10.0000
22
-135.0000
32
-2.8984
13
-15.0000
23
-135.0000
33
-3.0298
0
3DFACE
8
S_UMGEBUNG_GELAENDE
10
-15.0000
20
-135.0000
30
-3.0298
11
-10.0000
21
-135.0000
31
-2.8984
12
-10.0000
22
-130.0000
32
-2.8084
13
-15.0000
23
-130.0000
33
-2.9398
0
3DFACE
8
S_UMGEBUNG_GELAENDE
10
-15.0000
20
-130.0000
30
-2.9398
11
-10.0000
21
-130.0000
31
-2.8084
12
-10.0000
22
-125.0000
32
-2.7184
13
-15.0000
23
-125.0000
33
-2.8498
0
3DFACE
8
S_UMGEBUNG_GELAENDE
10
-15.0000
20
-125.0000
30
-2.8498
11
-10.0000
21
-125.0000
31
-2.7184
12
-10.0000
22
-120.0000
32
-2.6284
13
-15.0000
23
-120.0000
33
-2.7598
0
3DFACE
8
S_UMGEBUNG_GELAENDE
10
-15.0000
20
-120.0000
30
-2.7598
11
-10.0000
21
-120.0000
31
-2.6284
12
-10.0000
22
-115.0000
32
-2.5384
13
-15.0000
23
-115.0000
33
-2.6698
0
3DFACE
8
S_UMGEBUNG_GELAENDE
10
-15.0000
20
-115.0000
30
-2.6698
11
-10.0000
21
-115.0000
31
-2.5384
12
-10.0000
22
-110.0000
32
-2.4484
13
-15.0000
23
-110.0000
33
-2.5798
0
3DFACE
8
S_UMGEBUNG_GELAENDE
10
-15.0000
20
-110.0000
30
-2.5798
11
-10.0000
21
-110.0000
31
-2.4484
12
-10.0000
22
-105.0000
32
-2.3584
13
-15.0000
23
-105.0000
33
-2.4898
0
3DFACE
8
S_UMGEBUNG_GELAENDE
10
-15.0000
20
-105.0000
30
-2.4898
11
-10.0000
21
-105.0000
31
-2.3584
12
-10.0000
22
-100.0000
32
-2.2684
13
-15.0000
23
-100.0000
33
-2.3998
0
3DFACE
8
S_UMGEBUNG_GELAENDE
10
-15.0000
20
-100.0000
30
-2.3998
11
-10.0000
21
-100.0000
31
-2.2684
12
-10.0000
22
-95.0000
32
-2.1784
13
-15.0000
23
-95.0000
33
-2.3098
0
3DFACE
8
S_UMGEBUNG_GELAENDE
10
-15.0000
20
-95.0000
30
-2.3098
11
-10.0000
21
-95.0000
31
-2.1784
12
-10.0000
22
-90.0000
32
-2.0884
13
-15.0000
23
-90.0000
33
-2.2198
0
3DFACE
8
S_UMGEBUNG_GELAENDE
10
-15.0000
20
-90.0000
30
-2.2198
11
-10.0000
21
-90.0000
31
-2.0884
12
-10.0000
22
-85.0000
32
-1.9984
13
-15.0000
23
-85.0000
33
-2.1298
0
3DFACE
8
S_UMGEBUNG_GELAENDE
10
-15.0000
20
-85.0000
30
-2.1298
11
-10.0000
21
-85.0000
31
-1.9984
12
-10.0000
22
-80.0000
32
-1.9084
13
-15.0000
23
-80.0000
33
-2.0398
0
3DFACE
8
S_UMGEBUNG_GELAENDE
10
-15.0000
20
-80.0000
30
-2.0398
11
-10.0000
21
-80.0000
31
-1.9084
12
-10.0000
22
-75.0000
32
-1.8184
13
-15.0000
23
-75.0000
33
-1.9498
0
3DFACE
8
S_UMGEBUNG_GELAENDE
10
-15.0000
20
-75.0000
30
-1.9498
11
-10.0000
21
-75.0000
31
-1.8184
12
-10.0000
22
-70.0000
32
-1.7284
13
-15.0000
23
-70.0000
33
-1.8598
0
3DFACE
8
S_UMGEBUNG_GELAENDE
10
-15.0000
20
-70.0000
30
-1.8598
11
-10.0000
21
-70.0000
31
-1.7284
12
-10.0000
22
-65.0000
32
-1.6384
13
-15.0000
23
-65.0000
33
-1.7698
0
3DFACE
8
S_UMGEBUNG_GELAENDE
10
-15.0000
20
-65.0000
30
-1.7698
11
-10.0000
21
-65.0000
31
-1.6384
12
-10.0000
22
-60.0000
32
-1.5484
13
-15.0000
23
-60.0000
33
-1.6798
0
3DFACE
8
S_UMGEBUNG_GELAENDE
10
-15.0000
20
-60.0000
30
-1.6798
11
-10.0000
21
-60.0000
31
-1.5484
12
-10.0000
22
-55.0000
32
-1.4584
13
-15.0000
23
-55.0000
33
-1.5898
0
3DFACE
8
S_UMGEBUNG_GELAENDE
10
-15.0000
20
-55.0000
30
-1.5898
11
-10.0000
21
-55.0000
31
-1.4584
12
-10.0000
22
-50.0000
32
-1.3684
13
-15.0000
23
-50.0000
33
-1.4998
0
3DFACE
8
S_UMGEBUNG_GELAENDE
10
-15.0000
20
-50.0000
30
-1.4998
11
-10.0000
21
-50.0000
31
-1.3684
12
-10.0000
22
-45.0000
32
-1.2784
13
-15.0000
23
-45.0000
33
-1.4098
0
3DFACE
8
S_UMGEBUNG_GELAENDE
10
-15.0000
20
-45.0000
30
-1.4098
11
-10.0000
21
-45.0000
31
-1.2784
12
-10.0000
22
-40.0000
32
-1.1884
13
-15.0000
23
-40.0000
33
-1.3198
0
3DFACE
8
S_UMGEBUNG_GELAENDE
10
-15.0000
20
-40.0000
30
-1.3198
11
-10.0000
21
-40.0000
31
-1.1884
12
-10.0000
22
-35.0000
32
-1.0984
13
-15.0000
23
-35.0000
33
-1.2298
0
3DFACE
8
S_UMGEBUNG_GELAENDE
10
-15.0000
20
-35.0000
30
-1.2298
11
-10.0000
21
-35.0000
31
-1.0984
12
-10.0000
22
-30.0000
32
-1.0084
13
-15.0000
23
-30.0000
33
-1.1398
0
3DFACE
8
S_UMGEBUNG_GELAENDE
10
-15.0000
20
-30.0000
30
-1.1398
11
-10.0000
21
-30.0000
31
-1.0084
12
-10.0000
22
-25.0000
32
-0.9184
13
-15.0000
23
-25.0000
33
-1.0498
0
3DFACE
8
S_UMGEBUNG_GELAENDE
10
-15.0000
20
-25.0000
30
-1.0498
11
-10.0000
21
-25.0000
31
-0.9184
12
-10.0000
22
-20.0000
32
-0.8284
13
-15.0000
23
-20.0000
33
-0.9598
0
3DFACE
8
S_UMGEBUNG_GELAENDE
10
-15.0000
20
-20.0000
30
-0.9598
11
-10.0000
21
-20.0000
31
-0.8284
12
-10.0000
22
-15.0000
32
-0.7384
13
-15.0000
23
-15.0000
33
-0.8698
0
3DFACE
8
S_UMGEBUNG_GELAENDE
10
-15.0000
20
-15.0000
30
-0.8698
11
-10.0000
21
-15.0000
31
-0.7384
12
-10.0000
22
-10.0000
32
-0.6484
13
-15.0000
23
-10.0000
33
-0.7798
0
3DFACE
8
S_UMGEBUNG_GELAENDE
10
-15.0000
20
-10.0000
30
-0.7798
11
-10.0000
21
-10.0000
31
-0.6484
12
-10.0000
22
-5.0000
32
-0.5584
13
-15.0000
23
-5.0000
33
-0.6898
0
3DFACE
8
S_UMGEBUNG_GELAENDE
10
-15.0000
20
-5.0000
30
-0.6898
11
-10.0000
21
-5.0000
31
-0.5584
12
-10.0000
22
0.0000
32
-0.4684
13
-15.0000
23
0.0000
33
-0.5998
0
3DFACE
8
S_UMGEBUNG_GELAENDE
10
-15.0000
20
0.0000
30
-0.5998
11
-10.0000
21
0.0000
31
-0.4684
12
-10.0000
22
5.0000
32
-0.3784
13
-15.0000
23
5.0000
33
-0.5098
0
3DFACE
8
S_UMGEBUNG_GELAENDE
10
-15.0000
20
5.0000
30
-0.5098
11
-10.0000
21
5.0000
31
-0.3784
12
-10.0000
22
10.0000
32
-0.2884
13
-15.0000
23
10.0000
33
-0.4198
0
3DFACE
8
S_UMGEBUNG_GELAENDE
10
-15.0000
20
10.0000
30
-0.4198
11
-10.0000
21
10.0000
31
-0.2884
12
-10.0000
22
15.0000
32
-0.1984
13
-15.0000
23
15.0000
33
-0.3298
0
3DFACE
8
S_UMGEBUNG_GELAENDE
10
-15.0000
20
15.0000
30
-0.3298
11
-10.0000
21
15.0000
31
-0.1984
12
-10.0000
22
20.0000
32
-0.1084
13
-15.0000
23
20.0000
33
-0.2398
0
3DFACE
8
S_UMGEBUNG_GELAENDE
10
-15.0000
20
20.0000
30
-0.2398
11
-10.0000
21
20.0000
31
-0.1084
12
-10.0000
22
25.0000
32
-0.0184
13
-15.0000
23
25.0000
33
-0.1498
0
3DFACE
8
S_UMGEBUNG_GELAENDE
10
-15.0000
20
25.0000
30
-0.1498
11
-10.0000
21
25.0000
31
-0.0184
12
-10.0000
22
30.0000
32
0.0716
13
-15.0000
23
30.0000
33
-0.0598
0
3DFACE
8
S_UMGEBUNG_GELAENDE
10
-15.0000
20
30.0000
30
-0.0598
11
-10.0000
21
30.0000
31
0.0716
12
-10.0000
22
35.0000
32
0.1616
13
-15.0000
23
35.0000
33
0.0302
0
3DFACE
8
S_UMGEBUNG_GELAENDE
10
-15.0000
20
35.0000
30
0.0302
11
-10.0000
21
35.0000
31
0.1616
12
-10.0000
22
40.0000
32
0.2516
13
-15.0000
23
40.0000
33
0.1202
0
3DFACE
8
S_UMGEBUNG_GELAENDE
10
-15.0000
20
40.0000
30
0.1202
11
-10.0000
21
40.0000
31
0.2516
12
-10.0000
22
45.0000
32
0.3416
13
-15.0000
23
45.0000
33
0.2102
0
3DFACE
8
S_UMGEBUNG_GELAENDE
10
-15.0000
20
45.0000
30
0.2102
11
-10.0000
21
45.0000
31
0.3416
12
-10.0000
22
50.0000
32
0.4316
13
-15.0000
23
50.0000
33
0.3002
0
3DFACE
8
S_UMGEBUNG_GELAENDE
10
-15.0000
20
50.0000
30
0.3002
11
-10.0000
21
50.0000
31
0.4316
12
-10.0000
22
55.0000
32
0.5216
13
-15.0000
23
55.0000
33
0.3902
0
3DFACE
8
S_UMGEBUNG_GELAENDE
10
-15.0000
20
55.0000
30
0.3902
11
-10.0000
21
55.0000
31
0.5216
12
-10.0000
22
60.0000
32
0.6116
13
-15.0000
23
60.0000
33
0.4802
0
3DFACE
8
S_UMGEBUNG_GELAENDE
10
-15.0000
20
60.0000
30
0.4802
11
-10.0000
21
60.0000
31
0.6116
12
-10.0000
22
65.0000
32
0.7016
13
-15.0000
23
65.0000
33
0.5702
0
3DFACE
8
S_UMGEBUNG_GELAENDE
10
-15.0000
20
65.0000
30
0.5702
11
-10.0000
21
65.0000
31
0.7016
12
-10.0000
22
70.0000
32
0.7916
13
-15.0000
23
70.0000
33
0.6602
0
3DFACE
8
S_UMGEBUNG_GELAENDE
10
-15.0000
20
70.0000
30
0.6602
11
-10.0000
21
70.0000
31
0.7916
12
-10.0000
22
75.0000
32
0.8816
13
-15.0000
23
75.0000
33
0.7502
0
3DFACE
8
S_UMGEBUNG_GELAENDE
10
-15.0000
20
75.0000
30
0.7502
11
-10.0000
21
75.0000
31
0.8816
12
-10.0000
22
80.0000
32
0.9716
13
-15.0000
23
80.0000
33
0.8402
0
3DFACE
8
S_UMGEBUNG_GELAENDE
10
-15.0000
20
80.0000
30
0.8402
11
-10.0000
21
80.0000
31
0.9716
12
-10.0000
22
85.0000
32
1.0616
13
-15.0000
23
85.0000
33
0.9302
0
3DFACE
8
S_UMGEBUNG_GELAENDE
10
-15.0000
20
85.0000
30
0.9302
11
-10.0000
21
85.0000
31
1.0616
12
-10.0000
22
90.0000
32
1.1516
13
-15.0000
23
90.0000
33
1.0202
0
3DFACE
8
S_UMGEBUNG_GELAENDE
10
-15.0000
20
90.0000
30
1.0202
11
-10.0000
21
90.0000
31
1.1516
12
-10.0000
22
95.0000
32
1.2416
13
-15.0000
23
95.0000
33
1.1102
0
3DFACE
8
S_UMGEBUNG_GELAENDE
10
-15.0000
20
95.0000
30
1.1102
11
-10.0000
21
95.0000
31
1.2416
12
-10.0000
22
100.0000
32
1.3316
13
-15.0000
23
100.0000
33
1.2002
0
3DFACE
8
S_UMGEBUNG_GELAENDE
10
-15.0000
20
100.0000
30
1.2002
11
-10.0000
21
100.0000
31
1.3316
12
-10.0000
22
105.0000
32
1.4216
13
-15.0000
23
105.0000
33
1.2902
0
3DFACE
8
S_UMGEBUNG_GELAENDE
10
-15.0000
20
105.0000
30
1.2902
11
-10.0000
21
105.0000
31
1.4216
12
-10.0000
22
110.0000
32
1.5116
13
-15.0000
23
110.0000
33
1.3802
0
3DFACE
8
S_UMGEBUNG_GELAENDE
10
-15.0000
20
110.0000
30
1.3802
11
-10.0000
21
110.0000
31
1.5116
12
-10.0000
22
115.0000
32
1.6016
13
-15.0000
23
115.0000
33
1.4702
0
3DFACE
8
S_UMGEBUNG_GELAENDE
10
-15.0000
20
115.0000
30
1.4702
11
-10.0000
21
115.0000
31
1.6016
12
-10.0000
22
120.0000
32
1.6916
13
-15.0000
23
120.0000
33
1.5602
0
3DFACE
8
S_UMGEBUNG_GELAENDE
10
-15.0000
20
120.0000
30
1.5602
11
-10.0000
21
120.0000
31
1.6916
12
-10.0000
22
125.0000
32
1.7816
13
-15.0000
23
125.0000
33
1.6502
0
3DFACE
8
S_UMGEBUNG_GELAENDE
10
-15.0000
20
125.0000
30
1.6502
11
-10.0000
21
125.0000
31
1.7816
12
-10.0000
22
130.0000
32
1.8716
13
-15.0000
23
130.0000
33
1.7402
0
3DFACE
8
S_UMGEBUNG_GELAENDE
10
-15.0000
20
130.0000
30
1.7402
11
-10.0000
21
130.0000
31
1.8716
12
-10.0000
22
135.0000
32
1.9616
13
-15.0000
23
135.0000
33
1.8302
0
3DFACE
8
S_UMGEBUNG_GELAENDE
10
-15.0000
20
135.0000
30
1.8302
11
-10.0000
21
135.0000
31
1.9616
12
-10.0000
22
140.0000
32
2.0516
13
-15.0000
23
140.0000
33
1.9202
0
3DFACE
8
S_UMGEBUNG_GELAENDE
10
-15.0000
20
140.0000
30
1.9202
11
-10.0000
21
140.0000
31
2.0516
12
-10.0000
22
145.0000
32
2.1416
13
-15.0000
23
145.0000
33
2.0102
0
3DFACE
8
S_UMGEBUNG_GELAENDE
10
-15.0000
20
145.0000
30
2.0102
11
-10.0000
21
145.0000
31
2.1416
12
-10.0000
22
150.0000
32
2.2316
13
-15.0000
23
150.0000
33
2.1002
0
3DFACE
8
S_UMGEBUNG_GELAENDE
10
-10.0000
20
-150.0000
30
-3.1684
11
-5.0000
21
-150.0000
31
-3.0348
12
-5.0000
22
-145.0000
32
-2.9448
13
-10.0000
23
-145.0000
33
-3.0784
0
3DFACE
8
S_UMGEBUNG_GELAENDE
10
-10.0000
20
-145.0000
30
-3.0784
11
-5.0000
21
-145.0000
31
-2.9448
12
-5.0000
22
-140.0000
32
-2.8548
13
-10.0000
23
-140.0000
33
-2.9884
0
3DFACE
8
S_UMGEBUNG_GELAENDE
10
-10.0000
20
-140.0000
30
-2.9884
11
-5.0000
21
-140.0000
31
-2.8548
12
-5.0000
22
-135.0000
32
-2.7648
13
-10.0000
23
-135.0000
33
-2.8984
0
3DFACE
8
S_UMGEBUNG_GELAENDE
10
-10.0000
20
-135.0000
30
-2.8984
11
-5.0000
21
-135.0000
31
-2.7648
12
-5.0000
22
-130.0000
32
-2.6748
13
-10.0000
23
-130.0000
33
-2.8084
0
3DFACE
8
S_UMGEBUNG_GELAENDE
10
-10.0000
20
-130.0000
30
-2.8084
11
-5.0000
21
-130.0000
31
-2.6748
12
-5.0000
22
-125.0000
32
-2.5848
13
-10.0000
23
-125.0000
33
-2.7184
0
3DFACE
8
S_UMGEBUNG_GELAENDE
10
-10.0000
20
-125.0000
30
-2.7184
11
-5.0000
21
-125.0000
31
-2.5848
12
-5.0000
22
-120.0000
32
-2.4948
13
-10.0000
23
-120.0000
33
-2.6284
0
3DFACE
8
S_UMGEBUNG_GELAENDE
10
-10.0000
20
-120.0000
30
-2.6284
11
-5.0000
21
-120.0000
31
-2.4948
12
-5.0000
22
-115.0000
32
-2.4048
13
-10.0000
23
-115.0000
33
-2.5384
0
3DFACE
8
S_UMGEBUNG_GELAENDE
10
-10.0000
20
-115.0000
30
-2.5384
11
-5.0000
21
-115.0000
31
-2.4048
12
-5.0000
22
-110.0000
32
-2.3148
13
-10.0000
23
-110.0000
33
-2.4484
0
3DFACE
8
S_UMGEBUNG_GELAENDE
10
-10.0000
20
-110.0000
30
-2.4484
11
-5.0000
21
-110.0000
31
-2.3148
12
-5.0000
22
-105.0000
32
-2.2248
13
-10.0000
23
-105.0000
33
-2.3584
0
3DFACE
8
S_UMGEBUNG_GELAENDE
10
-10.0000
20
-105.0000
30
-2.3584
11
-5.0000
21
-105.0000
31
-2.2248
12
-5.0000
22
-100.0000
32
-2.1348
13
-10.0000
23
-100.0000
33
-2.2684
0
3DFACE
8
S_UMGEBUNG_GELAENDE
10
-10.0000
20
-100.0000
30
-2.2684
11
-5.0000
21
-100.0000
31
-2.1348
12
-5.0000
22
-95.0000
32
-2.0448
13
-10.0000
23
-95.0000
33
-2.1784
0
3DFACE
8
S_UMGEBUNG_GELAENDE
10
-10.0000
20
-95.0000
30
-2.1784
11
-5.0000
21
-95.0000
31
-2.0448
12
-5.0000
22
-90.0000
32
-1.9548
13
-10.0000
23
-90.0000
33
-2.0884
0
3DFACE
8
S_UMGEBUNG_GELAENDE
10
-10.0000
20
-90.0000
30
-2.0884
11
-5.0000
21
-90.0000
31
-1.9548
12
-5.0000
22
-85.0000
32
-1.8648
13
-10.0000
23
-85.0000
33
-1.9984
0
3DFACE
8
S_UMGEBUNG_GELAENDE
10
-10.0000
20
-85.0000
30
-1.9984
11
-5.0000
21
-85.0000
31
-1.8648
12
-5.0000
22
-80.0000
32
-1.7748
13
-10.0000
23
-80.0000
33
-1.9084
0
3DFACE
8
S_UMGEBUNG_GELAENDE
10
-10.0000
20
-80.0000
30
-1.9084
11
-5.0000
21
-80.0000
31
-1.7748
12
-5.0000
22
-75.0000
32
-1.6848
13
-10.0000
23
-75.0000
33
-1.8184
0
3DFACE
8
S_UMGEBUNG_GELAENDE
10
-10.0000
20
-75.0000
30
-1.8184
11
-5.0000
21
-75.0000
31
-1.6848
12
-5.0000
22
-70.0000
32
-1.5948
13
-10.0000
23
-70.0000
33
-1.7284
0
3DFACE
8
S_UMGEBUNG_GELAENDE
10
-10.0000
20
-70.0000
30
-1.7284
11
-5.0000
21
-70.0000
31
-1.5948
12
-5.0000
22
-65.0000
32
-1.5048
13
-10.0000
23
-65.0000
33
-1.6384
0
3DFACE
8
S_UMGEBUNG_GELAENDE
10
-10.0000
20
-65.0000
30
-1.6384
11
-5.0000
21
-65.0000
31
-1.5048
12
-5.0000
22
-60.0000
32
-1.4148
13
-10.0000
23
-60.0000
33
-1.5484
0
3DFACE
8
S_UMGEBUNG_GELAENDE
10
-10.0000
20
-60.0000
30
-1.5484
11
-5.0000
21
-60.0000
31
-1.4148
12
-5.0000
22
-55.0000
32
-1.3248
13
-10.0000
23
-55.0000
33
-1.4584
0
3DFACE
8
S_UMGEBUNG_GELAENDE
10
-10.0000
20
-55.0000
30
-1.4584
11
-5.0000
21
-55.0000
31
-1.3248
12
-5.0000
22
-50.0000
32
-1.2348
13
-10.0000
23
-50.0000
33
-1.3684
0
3DFACE
8
S_UMGEBUNG_GELAENDE
10
-10.0000
20
-50.0000
30
-1.3684
11
-5.0000
21
-50.0000
31
-1.2348
12
-5.0000
22
-45.0000
32
-1.1448
13
-10.0000
23
-45.0000
33
-1.2784
0
3DFACE
8
S_UMGEBUNG_GELAENDE
10
-10.0000
20
-45.0000
30
-1.2784
11
-5.0000
21
-45.0000
31
-1.1448
12
-5.0000
22
-40.0000
32
-1.0548
13
-10.0000
23
-40.0000
33
-1.1884
0
3DFACE
8
S_UMGEBUNG_GELAENDE
10
-10.0000
20
-40.0000
30
-1.1884
11
-5.0000
21
-40.0000
31
-1.0548
12
-5.0000
22
-35.0000
32
-0.9648
13
-10.0000
23
-35.0000
33
-1.0984
0
3DFACE
8
S_UMGEBUNG_GELAENDE
10
-10.0000
20
-35.0000
30
-1.0984
11
-5.0000
21
-35.0000
31
-0.9648
12
-5.0000
22
-30.0000
32
-0.8748
13
-10.0000
23
-30.0000
33
-1.0084
0
3DFACE
8
S_UMGEBUNG_GELAENDE
10
-10.0000
20
-30.0000
30
-1.0084
11
-5.0000
21
-30.0000
31
-0.8748
12
-5.0000
22
-25.0000
32
-0.7848
13
-10.0000
23
-25.0000
33
-0.9184
0
3DFACE
8
S_UMGEBUNG_GELAENDE
10
-10.0000
20
-25.0000
30
-0.9184
11
-5.0000
21
-25.0000
31
-0.7848
12
-5.0000
22
-20.0000
32
-0.6948
13
-10.0000
23
-20.0000
33
-0.8284
0
3DFACE
8
S_UMGEBUNG_GELAENDE
10
-10.0000
20
-20.0000
30
-0.8284
11
-5.0000
21
-20.0000
31
-0.6948
12
-5.0000
22
-15.0000
32
-0.6048
13
-10.0000
23
-15.0000
33
-0.7384
0
3DFACE
8
S_UMGEBUNG_GELAENDE
10
-10.0000
20
-15.0000
30
-0.7384
11
-5.0000
21
-15.0000
31
-0.6048
12
-5.0000
22
-10.0000
32
-0.5148
13
-10.0000
23
-10.0000
33
-0.6484
0
3DFACE
8
S_UMGEBUNG_GELAENDE
10
-10.0000
20
-10.0000
30
-0.6484
11
-5.0000
21
-10.0000
31
-0.5148
12
-5.0000
22
-5.0000
32
-0.4248
13
-10.0000
23
-5.0000
33
-0.5584
0
3DFACE
8
S_UMGEBUNG_GELAENDE
10
-10.0000
20
-5.0000
30
-0.5584
11
-5.0000
21
-5.0000
31
-0.4248
12
-5.0000
22
0.0000
32
-0.3348
13
-10.0000
23
0.0000
33
-0.4684
0
3DFACE
8
S_UMGEBUNG_GELAENDE
10
-10.0000
20
0.0000
30
-0.4684
11
-5.0000
21
0.0000
31
-0.3348
12
-5.0000
22
5.0000
32
-0.2448
13
-10.0000
23
5.0000
33
-0.3784
0
3DFACE
8
S_UMGEBUNG_GELAENDE
10
-10.0000
20
5.0000
30
-0.3784
11
-5.0000
21
5.0000
31
-0.2448
12
-5.0000
22
10.0000
32
-0.1548
13
-10.0000
23
10.0000
33
-0.2884
0
3DFACE
8
S_UMGEBUNG_GELAENDE
10
-10.0000
20
10.0000
30
-0.2884
11
-5.0000
21
10.0000
31
-0.1548
12
-5.0000
22
15.0000
32
-0.0648
13
-10.0000
23
15.0000
33
-0.1984
0
3DFACE
8
S_UMGEBUNG_GELAENDE
10
-10.0000
20
15.0000
30
-0.1984
11
-5.0000
21
15.0000
31
-0.0648
12
-5.0000
22
20.0000
32
0.0252
13
-10.0000
23
20.0000
33
-0.1084
0
3DFACE
8
S_UMGEBUNG_GELAENDE
10
-10.0000
20
20.0000
30
-0.1084
11
-5.0000
21
20.0000
31
0.0252
12
-5.0000
22
25.0000
32
0.1152
13
-10.0000
23
25.0000
33
-0.0184
0
3DFACE
8
S_UMGEBUNG_GELAENDE
10
-10.0000
20
25.0000
30
-0.0184
11
-5.0000
21
25.0000
31
0.1152
12
-5.0000
22
30.0000
32
0.2052
13
-10.0000
23
30.0000
33
0.0716
0
3DFACE
8
S_UMGEBUNG_GELAENDE
10
-10.0000
20
30.0000
30
0.0716
11
-5.0000
21
30.0000
31
0.2052
12
-5.0000
22
35.0000
32
0.2952
13
-10.0000
23
35.0000
33
0.1616
0
3DFACE
8
S_UMGEBUNG_GELAENDE
10
-10.0000
20
35.0000
30
0.1616
11
-5.0000
21
35.0000
31
0.2952
12
-5.0000
22
40.0000
32
0.3852
13
-10.0000
23
40.0000
33
0.2516
0
3DFACE
8
S_UMGEBUNG_GELAENDE
10
-10.0000
20
40.0000
30
0.2516
11
-5.0000
21
40.0000
31
0.3852
12
-5.0000
22
45.0000
32
0.4752
13
-10.0000
23
45.0000
33
0.3416
0
3DFACE
8
S_UMGEBUNG_GELAENDE
10
-10.0000
20
45.0000
30
0.3416
11
-5.0000
21
45.0000
31
0.4752
12
-5.0000
22
50.0000
32
0.5652
13
-10.0000
23
50.0000
33
0.4316
0
3DFACE
8
S_UMGEBUNG_GELAENDE
10
-10.0000
20
50.0000
30
0.4316
11
-5.0000
21
50.0000
31
0.5652
12
-5.0000
22
55.0000
32
0.6552
13
-10.0000
23
55.0000
33
0.5216
0
3DFACE
8
S_UMGEBUNG_GELAENDE
10
-10.0000
20
55.0000
30
0.5216
11
-5.0000
21
55.0000
31
0.6552
12
-5.0000
22
60.0000
32
0.7452
13
-10.0000
23
60.0000
33
0.6116
0
3DFACE
8
S_UMGEBUNG_GELAENDE
10
-10.0000
20
60.0000
30
0.6116
11
-5.0000
21
60.0000
31
0.7452
12
-5.0000
22
65.0000
32
0.8352
13
-10.0000
23
65.0000
33
0.7016
0
3DFACE
8
S_UMGEBUNG_GELAENDE
10
-10.0000
20
65.0000
30
0.7016
11
-5.0000
21
65.0000
31
0.8352
12
-5.0000
22
70.0000
32
0.9252
13
-10.0000
23
70.0000
33
0.7916
0
3DFACE
8
S_UMGEBUNG_GELAENDE
10
-10.0000
20
70.0000
30
0.7916
11
-5.0000
21
70.0000
31
0.9252
12
-5.0000
22
75.0000
32
1.0152
13
-10.0000
23
75.0000
33
0.8816
0
3DFACE
8
S_UMGEBUNG_GELAENDE
10
-10.0000
20
75.0000
30
0.8816
11
-5.0000
21
75.0000
31
1.0152
12
-5.0000
22
80.0000
32
1.1052
13
-10.0000
23
80.0000
33
0.9716
0
3DFACE
8
S_UMGEBUNG_GELAENDE
10
-10.0000
20
80.0000
30
0.9716
11
-5.0000
21
80.0000
31
1.1052
12
-5.0000
22
85.0000
32
1.1952
13
-10.0000
23
85.0000
33
1.0616
0
3DFACE
8
S_UMGEBUNG_GELAENDE
10
-10.0000
20
85.0000
30
1.0616
11
-5.0000
21
85.0000
31
1.1952
12
-5.0000
22
90.0000
32
1.2852
13
-10.0000
23
90.0000
33
1.1516
0
3DFACE
8
S_UMGEBUNG_GELAENDE
10
-10.0000
20
90.0000
30
1.1516
11
-5.0000
21
90.0000
31
1.2852
12
-5.0000
22
95.0000
32
1.3752
13
-10.0000
23
95.0000
33
1.2416
0
3DFACE
8
S_UMGEBUNG_GELAENDE
10
-10.0000
20
95.0000
30
1.2416
11
-5.0000
21
95.0000
31
1.3752
12
-5.0000
22
100.0000
32
1.4652
13
-10.0000
23
100.0000
33
1.3316
0
3DFACE
8
S_UMGEBUNG_GELAENDE
10
-10.0000
20
100.0000
30
1.3316
11
-5.0000
21
100.0000
31
1.4652
12
-5.0000
22
105.0000
32
1.5552
13
-10.0000
23
105.0000
33
1.4216
0
3DFACE
8
S_UMGEBUNG_GELAENDE
10
-10.0000
20
105.0000
30
1.4216
11
-5.0000
21
105.0000
31
1.5552
12
-5.0000
22
110.0000
32
1.6452
13
-10.0000
23
110.0000
33
1.5116
0
3DFACE
8
S_UMGEBUNG_GELAENDE
10
-10.0000
20
110.0000
30
1.5116
11
-5.0000
21
110.0000
31
1.6452
12
-5.0000
22
115.0000
32
1.7352
13
-10.0000
23
115.0000
33
1.6016
0
3DFACE
8
S_UMGEBUNG_GELAENDE
10
-10.0000
20
115.0000
30
1.6016
11
-5.0000
21
115.0000
31
1.7352
12
-5.0000
22
120.0000
32
1.8252
13
-10.0000
23
120.0000
33
1.6916
0
3DFACE
8
S_UMGEBUNG_GELAENDE
10
-10.0000
20
120.0000
30
1.6916
11
-5.0000
21
120.0000
31
1.8252
12
-5.0000
22
125.0000
32
1.9152
13
-10.0000
23
125.0000
33
1.7816
0
3DFACE
8
S_UMGEBUNG_GELAENDE
10
-10.0000
20
125.0000
30
1.7816
11
-5.0000
21
125.0000
31
1.9152
12
-5.0000
22
130.0000
32
2.0052
13
-10.0000
23
130.0000
33
1.8716
0
3DFACE
8
S_UMGEBUNG_GELAENDE
10
-10.0000
20
130.0000
30
1.8716
11
-5.0000
21
130.0000
31
2.0052
12
-5.0000
22
135.0000
32
2.0952
13
-10.0000
23
135.0000
33
1.9616
0
3DFACE
8
S_UMGEBUNG_GELAENDE
10
-10.0000
20
135.0000
30
1.9616
11
-5.0000
21
135.0000
31
2.0952
12
-5.0000
22
140.0000
32
2.1852
13
-10.0000
23
140.0000
33
2.0516
0
3DFACE
8
S_UMGEBUNG_GELAENDE
10
-10.0000
20
140.0000
30
2.0516
11
-5.0000
21
140.0000
31
2.1852
12
-5.0000
22
145.0000
32
2.2752
13
-10.0000
23
145.0000
33
2.1416
0
3DFACE
8
S_UMGEBUNG_GELAENDE
10
-10.0000
20
145.0000
30
2.1416
11
-5.0000
21
145.0000
31
2.2752
12
-5.0000
22
150.0000
32
2.3652
13
-10.0000
23
150.0000
33
2.2316
0
3DFACE
8
S_UMGEBUNG_GELAENDE
10
-5.0000
20
-150.0000
30
-3.0348
11
0.0000
21
-150.0000
31
-2.9000
12
0.0000
22
-145.0000
32
-2.8100
13
-5.0000
23
-145.0000
33
-2.9448
0
3DFACE
8
S_UMGEBUNG_GELAENDE
10
-5.0000
20
-145.0000
30
-2.9448
11
0.0000
21
-145.0000
31
-2.8100
12
0.0000
22
-140.0000
32
-2.7200
13
-5.0000
23
-140.0000
33
-2.8548
0
3DFACE
8
S_UMGEBUNG_GELAENDE
10
-5.0000
20
-140.0000
30
-2.8548
11
0.0000
21
-140.0000
31
-2.7200
12
0.0000
22
-135.0000
32
-2.6300
13
-5.0000
23
-135.0000
33
-2.7648
0
3DFACE
8
S_UMGEBUNG_GELAENDE
10
-5.0000
20
-135.0000
30
-2.7648
11
0.0000
21
-135.0000
31
-2.6300
12
0.0000
22
-130.0000
32
-2.5400
13
-5.0000
23
-130.0000
33
-2.6748
0
3DFACE
8
S_UMGEBUNG_GELAENDE
10
-5.0000
20
-130.0000
30
-2.6748
11
0.0000
21
-130.0000
31
-2.5400
12
0.0000
22
-125.0000
32
-2.4500
13
-5.0000
23
-125.0000
33
-2.5848
0
3DFACE
8
S_UMGEBUNG_GELAENDE
10
-5.0000
20
-125.0000
30
-2.5848
11
0.0000
21
-125.0000
31
-2.4500
12
0.0000
22
-120.0000
32
-2.3600
13
-5.0000
23
-120.0000
33
-2.4948
0
3DFACE
8
S_UMGEBUNG_GELAENDE
10
-5.0000
20
-120.0000
30
-2.4948
11
0.0000
21
-120.0000
31
-2.3600
12
0.0000
22
-115.0000
32
-2.2700
13
-5.0000
23
-115.0000
33
-2.4048
0
3DFACE
8
S_UMGEBUNG_GELAENDE
10
-5.0000
20
-115.0000
30
-2.4048
11
0.0000
21
-115.0000
31
-2.2700
12
0.0000
22
-110.0000
32
-2.1800
13
-5.0000
23
-110.0000
33
-2.3148
0
3DFACE
8
S_UMGEBUNG_GELAENDE
10
-5.0000
20
-110.0000
30
-2.3148
11
0.0000
21
-110.0000
31
-2.1800
12
0.0000
22
-105.0000
32
-2.0900
13
-5.0000
23
-105.0000
33
-2.2248
0
3DFACE
8
S_UMGEBUNG_GELAENDE
10
-5.0000
20
-105.0000
30
-2.2248
11
0.0000
21
-105.0000
31
-2.0900
12
0.0000
22
-100.0000
32
-2.0000
13
-5.0000
23
-100.0000
33
-2.1348
0
3DFACE
8
S_UMGEBUNG_GELAENDE
10
-5.0000
20
-100.0000
30
-2.1348
11
0.0000
21
-100.0000
31
-2.0000
12
0.0000
22
-95.0000
32
-1.9100
13
-5.0000
23
-95.0000
33
-2.0448
0
3DFACE
8
S_UMGEBUNG_GELAENDE
10
-5.0000
20
-95.0000
30
-2.0448
11
0.0000
21
-95.0000
31
-1.9100
12
0.0000
22
-90.0000
32
-1.8200
13
-5.0000
23
-90.0000
33
-1.9548
0
3DFACE
8
S_UMGEBUNG_GELAENDE
10
-5.0000
20
-90.0000
30
-1.9548
11
0.0000
21
-90.0000
31
-1.8200
12
0.0000
22
-85.0000
32
-1.7300
13
-5.0000
23
-85.0000
33
-1.8648
0
3DFACE
8
S_UMGEBUNG_GELAENDE
10
-5.0000
20
-85.0000
30
-1.8648
11
0.0000
21
-85.0000
31
-1.7300
12
0.0000
22
-80.0000
32
-1.6400
13
-5.0000
23
-80.0000
33
-1.7748
0
3DFACE
8
S_UMGEBUNG_GELAENDE
10
-5.0000
20
-80.0000
30
-1.7748
11
0.0000
21
-80.0000
31
-1.6400
12
0.0000
22
-75.0000
32
-1.5500
13
-5.0000
23
-75.0000
33
-1.6848
0
3DFACE
8
S_UMGEBUNG_GELAENDE
10
-5.0000
20
-75.0000
30
-1.6848
11
0.0000
21
-75.0000
31
-1.5500
12
0.0000
22
-70.0000
32
-1.4600
13
-5.0000
23
-70.0000
33
-1.5948
0
3DFACE
8
S_UMGEBUNG_GELAENDE
10
-5.0000
20
-70.0000
30
-1.5948
11
0.0000
21
-70.0000
31
-1.4600
12
0.0000
22
-65.0000
32
-1.3700
13
-5.0000
23
-65.0000
33
-1.5048
0
3DFACE
8
S_UMGEBUNG_GELAENDE
10
-5.0000
20
-65.0000
30
-1.5048
11
0.0000
21
-65.0000
31
-1.3700
12
0.0000
22
-60.0000
32
-1.2800
13
-5.0000
23
-60.0000
33
-1.4148
0
3DFACE
8
S_UMGEBUNG_GELAENDE
10
-5.0000
20
-60.0000
30
-1.4148
11
0.0000
21
-60.0000
31
-1.2800
12
0.0000
22
-55.0000
32
-1.1900
13
-5.0000
23
-55.0000
33
-1.3248
0
3DFACE
8
S_UMGEBUNG_GELAENDE
10
-5.0000
20
-55.0000
30
-1.3248
11
0.0000
21
-55.0000
31
-1.1900
12
0.0000
22
-50.0000
32
-1.1000
13
-5.0000
23
-50.0000
33
-1.2348
0
3DFACE
8
S_UMGEBUNG_GELAENDE
10
-5.0000
20
-50.0000
30
-1.2348
11
0.0000
21
-50.0000
31
-1.1000
12
0.0000
22
-45.0000
32
-1.0100
13
-5.0000
23
-45.0000
33
-1.1448
0
3DFACE
8
S_UMGEBUNG_GELAENDE
10
-5.0000
20
-45.0000
30
-1.1448
11
0.0000
21
-45.0000
31
-1.0100
12
0.0000
22
-40.0000
32
-0.9200
13
-5.0000
23
-40.0000
33
-1.0548
0
3DFACE
8
S_UMGEBUNG_GELAENDE
10
-5.0000
20
-40.0000
30
-1.0548
11
0.0000
21
-40.0000
31
-0.9200
12
0.0000
22
-35.0000
32
-0.8300
13
-5.0000
23
-35.0000
33
-0.9648
0
3DFACE
8
S_UMGEBUNG_GELAENDE
10
-5.0000
20
-35.0000
30
-0.9648
11
0.0000
21
-35.0000
31
-0.8300
12
0.0000
22
-30.0000
32
-0.7400
13
-5.0000
23
-30.0000
33
-0.8748
0
3DFACE
8
S_UMGEBUNG_GELAENDE
10
-5.0000
20
-30.0000
30
-0.8748
11
0.0000
21
-30.0000
31
-0.7400
12
0.0000
22
-25.0000
32
-0.6500
13
-5.0000
23
-25.0000
33
-0.7848
0
3DFACE
8
S_UMGEBUNG_GELAENDE
10
-5.0000
20
-25.0000
30
-0.7848
11
0.0000
21
-25.0000
31
-0.6500
12
0.0000
22
-20.0000
32
-0.5600
13
-5.0000
23
-20.0000
33
-0.6948
0
3DFACE
8
S_UMGEBUNG_GELAENDE
10
-5.0000
20
-20.0000
30
-0.6948
11
0.0000
21
-20.0000
31
-0.5600
12
0.0000
22
-15.0000
32
-0.4700
13
-5.0000
23
-15.0000
33
-0.6048
0
3DFACE
8
S_UMGEBUNG_GELAENDE
10
-5.0000
20
-15.0000
30
-0.6048
11
0.0000
21
-15.0000
31
-0.4700
12
0.0000
22
-10.0000
32
-0.3800
13
-5.0000
23
-10.0000
33
-0.5148
0
3DFACE
8
S_UMGEBUNG_GELAENDE
10
-5.0000
20
-10.0000
30
-0.5148
11
0.0000
21
-10.0000
31
-0.3800
12
0.0000
22
-5.0000
32
-0.2900
13
-5.0000
23
-5.0000
33
-0.4248
0
3DFACE
8
S_UMGEBUNG_GELAENDE
10
-5.0000
20
-5.0000
30
-0.4248
11
0.0000
21
-5.0000
31
-0.2900
12
0.0000
22
0.0000
32
-0.2000
13
-5.0000
23
0.0000
33
-0.3348
0
3DFACE
8
S_UMGEBUNG_GELAENDE
10
-5.0000
20
0.0000
30
-0.3348
11
0.0000
21
0.0000
31
-0.2000
12
0.0000
22
5.0000
32
-0.1100
13
-5.0000
23
5.0000
33
-0.2448
0
3DFACE
8
S_UMGEBUNG_GELAENDE
10
-5.0000
20
5.0000
30
-0.2448
11
0.0000
21
5.0000
31
-0.1100
12
0.0000
22
10.0000
32
-0.0200
13
-5.0000
23
10.0000
33
-0.1548
0
3DFACE
8
S_UMGEBUNG_GELAENDE
10
-5.0000
20
10.0000
30
-0.1548
11
0.0000
21
10.0000
31
-0.0200
12
0.0000
22
15.0000
32
0.0700
13
-5.0000
23
15.0000
33
-0.0648
0
3DFACE
8
S_UMGEBUNG_GELAENDE
10
-5.0000
20
15.0000
30
-0.0648
11
0.0000
21
15.0000
31
0.0700
12
0.0000
22
20.0000
32
0.1600
13
-5.0000
23
20.0000
33
0.0252
0
3DFACE
8
S_UMGEBUNG_GELAENDE
10
-5.0000
20
20.0000
30
0.0252
11
0.0000
21
20.0000
31
0.1600
12
0.0000
22
25.0000
32
0.2500
13
-5.0000
23
25.0000
33
0.1152
0
3DFACE
8
S_UMGEBUNG_GELAENDE
10
-5.0000
20
25.0000
30
0.1152
11
0.0000
21
25.0000
31
0.2500
12
0.0000
22
30.0000
32
0.3400
13
-5.0000
23
30.0000
33
0.2052
0
3DFACE
8
S_UMGEBUNG_GELAENDE
10
-5.0000
20
30.0000
30
0.2052
11
0.0000
21
30.0000
31
0.3400
12
0.0000
22
35.0000
32
0.4300
13
-5.0000
23
35.0000
33
0.2952
0
3DFACE
8
S_UMGEBUNG_GELAENDE
10
-5.0000
20
35.0000
30
0.2952
11
0.0000
21
35.0000
31
0.4300
12
0.0000
22
40.0000
32
0.5200
13
-5.0000
23
40.0000
33
0.3852
0
3DFACE
8
S_UMGEBUNG_GELAENDE
10
-5.0000
20
40.0000
30
0.3852
11
0.0000
21
40.0000
31
0.5200
12
0.0000
22
45.0000
32
0.6100
13
-5.0000
23
45.0000
33
0.4752
0
3DFACE
8
S_UMGEBUNG_GELAENDE
10
-5.0000
20
45.0000
30
0.4752
11
0.0000
21
45.0000
31
0.6100
12
0.0000
22
50.0000
32
0.7000
13
-5.0000
23
50.0000
33
0.5652
0
3DFACE
8
S_UMGEBUNG_GELAENDE
10
-5.0000
20
50.0000
30
0.5652
11
0.0000
21
50.0000
31
0.7000
12
0.0000
22
55.0000
32
0.7900
13
-5.0000
23
55.0000
33
0.6552
0
3DFACE
8
S_UMGEBUNG_GELAENDE
10
-5.0000
20
55.0000
30
0.6552
11
0.0000
21
55.0000
31
0.7900
12
0.0000
22
60.0000
32
0.8800
13
-5.0000
23
60.0000
33
0.7452
0
3DFACE
8
S_UMGEBUNG_GELAENDE
10
-5.0000
20
60.0000
30
0.7452
11
0.0000
21
60.0000
31
0.8800
12
0.0000
22
65.0000
32
0.9700
13
-5.0000
23
65.0000
33
0.8352
0
3DFACE
8
S_UMGEBUNG_GELAENDE
10
-5.0000
20
65.0000
30
0.8352
11
0.0000
21
65.0000
31
0.9700
12
0.0000
22
70.0000
32
1.0600
13
-5.0000
23
70.0000
33
0.9252
0
3DFACE
8
S_UMGEBUNG_GELAENDE
10
-5.0000
20
70.0000
30
0.9252
11
0.0000
21
70.0000
31
1.0600
12
0.0000
22
75.0000
32
1.1500
13
-5.0000
23
75.0000
33
1.0152
0
3DFACE
8
S_UMGEBUNG_GELAENDE
10
-5.0000
20
75.0000
30
1.0152
11
0.0000
21
75.0000
31
1.1500
12
0.0000
22
80.0000
32
1.2400
13
-5.0000
23
80.0000
33
1.1052
0
3DFACE
8
S_UMGEBUNG_GELAENDE
10
-5.0000
20
80.0000
30
1.1052
11
0.0000
21
80.0000
31
1.2400
12
0.0000
22
85.0000
32
1.3300
13
-5.0000
23
85.0000
33
1.1952
0
3DFACE
8
S_UMGEBUNG_GELAENDE
10
-5.0000
20
85.0000
30
1.1952
11
0.0000
21
85.0000
31
1.3300
12
0.0000
22
90.0000
32
1.4200
13
-5.0000
23
90.0000
33
1.2852
0
3DFACE
8
S_UMGEBUNG_GELAENDE
10
-5.0000
20
90.0000
30
1.2852
11
0.0000
21
90.0000
31
1.4200
12
0.0000
22
95.0000
32
1.5100
13
-5.0000
23
95.0000
33
1.3752
0
3DFACE
8
S_UMGEBUNG_GELAENDE
10
-5.0000
20
95.0000
30
1.3752
11
0.0000
21
95.0000
31
1.5100
12
0.0000
22
100.0000
32
1.6000
13
-5.0000
23
100.0000
33
1.4652
0
3DFACE
8
S_UMGEBUNG_GELAENDE
10
-5.0000
20
100.0000
30
1.4652
11
0.0000
21
100.0000
31
1.6000
12
0.0000
22
105.0000
32
1.6900
13
-5.0000
23
105.0000
33
1.5552
0
3DFACE
8
S_UMGEBUNG_GELAENDE
10
-5.0000
20
105.0000
30
1.5552
11
0.0000
21
105.0000
31
1.6900
12
0.0000
22
110.0000
32
1.7800
13
-5.0000
23
110.0000
33
1.6452
0
3DFACE
8
S_UMGEBUNG_GELAENDE
10
-5.0000
20
110.0000
30
1.6452
11
0.0000
21
110.0000
31
1.7800
12
0.0000
22
115.0000
32
1.8700
13
-5.0000
23
115.0000
33
1.7352
0
3DFACE
8
S_UMGEBUNG_GELAENDE
10
-5.0000
20
115.0000
30
1.7352
11
0.0000
21
115.0000
31
1.8700
12
0.0000
22
120.0000
32
1.9600
13
-5.0000
23
120.0000
33
1.8252
0
3DFACE
8
S_UMGEBUNG_GELAENDE
10
-5.0000
20
120.0000
30
1.8252
11
0.0000
21
120.0000
31
1.9600
12
0.0000
22
125.0000
32
2.0500
13
-5.0000
23
125.0000
33
1.9152
0
3DFACE
8
S_UMGEBUNG_GELAENDE
10
-5.0000
20
125.0000
30
1.9152
11
0.0000
21
125.0000
31
2.0500
12
0.0000
22
130.0000
32
2.1400
13
-5.0000
23
130.0000
33
2.0052
0
3DFACE
8
S_UMGEBUNG_GELAENDE
10
-5.0000
20
130.0000
30
2.0052
11
0.0000
21
130.0000
31
2.1400
12
0.0000
22
135.0000
32
2.2300
13
-5.0000
23
135.0000
33
2.0952
0
3DFACE
8
S_UMGEBUNG_GELAENDE
10
-5.0000
20
135.0000
30
2.0952
11
0.0000
21
135.0000
31
2.2300
12
0.0000
22
140.0000
32
2.3200
13
-5.0000
23
140.0000
33
2.1852
0
3DFACE
8
S_UMGEBUNG_GELAENDE
10
-5.0000
20
140.0000
30
2.1852
11
0.0000
21
140.0000
31
2.3200
12
0.0000
22
145.0000
32
2.4100
13
-5.0000
23
145.0000
33
2.2752
0
3DFACE
8
S_UMGEBUNG_GELAENDE
10
-5.0000
20
145.0000
30
2.2752
11
0.0000
21
145.0000
31
2.4100
12
0.0000
22
150.0000
32
2.5000
13
-5.0000
23
150.0000
33
2.3652
0
3DFACE
8
S_UMGEBUNG_GELAENDE
10
0.0000
20
-150.0000
30
-2.9000
11
5.0000
21
-150.0000
31
-2.7652
12
5.0000
22
-145.0000
32
-2.6752
13
0.0000
23
-145.0000
33
-2.8100
0
3DFACE
8
S_UMGEBUNG_GELAENDE
10
0.0000
20
-145.0000
30
-2.8100
11
5.0000
21
-145.0000
31
-2.6752
12
5.0000
22
-140.0000
32
-2.5852
13
0.0000
23
-140.0000
33
-2.7200
0
3DFACE
8
S_UMGEBUNG_GELAENDE
10
0.0000
20
-140.0000
30
-2.7200
11
5.0000
21
-140.0000
31
-2.5852
12
5.0000
22
-135.0000
32
-2.4952
13
0.0000
23
-135.0000
33
-2.6300
0
3DFACE
8
S_UMGEBUNG_GELAENDE
10
0.0000
20
-135.0000
30
-2.6300
11
5.0000
21
-135.0000
31
-2.4952
12
5.0000
22
-130.0000
32
-2.4052
13
0.0000
23
-130.0000
33
-2.5400
0
3DFACE
8
S_UMGEBUNG_GELAENDE
10
0.0000
20
-130.0000
30
-2.5400
11
5.0000
21
-130.0000
31
-2.4052
12
5.0000
22
-125.0000
32
-2.3152
13
0.0000
23
-125.0000
33
-2.4500
0
3DFACE
8
S_UMGEBUNG_GELAENDE
10
0.0000
20
-125.0000
30
-2.4500
11
5.0000
21
-125.0000
31
-2.3152
12
5.0000
22
-120.0000
32
-2.2252
13
0.0000
23
-120.0000
33
-2.3600
0
3DFACE
8
S_UMGEBUNG_GELAENDE
10
0.0000
20
-120.0000
30
-2.3600
11
5.0000
21
-120.0000
31
-2.2252
12
5.0000
22
-115.0000
32
-2.1352
13
0.0000
23
-115.0000
33
-2.2700
0
3DFACE
8
S_UMGEBUNG_GELAENDE
10
0.0000
20
-115.0000
30
-2.2700
11
5.0000
21
-115.0000
31
-2.1352
12
5.0000
22
-110.0000
32
-2.0452
13
0.0000
23
-110.0000
33
-2.1800
0
3DFACE
8
S_UMGEBUNG_GELAENDE
10
0.0000
20
-110.0000
30
-2.1800
11
5.0000
21
-110.0000
31
-2.0452
12
5.0000
22
-105.0000
32
-1.9552
13
0.0000
23
-105.0000
33
-2.0900
0
3DFACE
8
S_UMGEBUNG_GELAENDE
10
0.0000
20
-105.0000
30
-2.0900
11
5.0000
21
-105.0000
31
-1.9552
12
5.0000
22
-100.0000
32
-1.8652
13
0.0000
23
-100.0000
33
-2.0000
0
3DFACE
8
S_UMGEBUNG_GELAENDE
10
0.0000
20
-100.0000
30
-2.0000
11
5.0000
21
-100.0000
31
-1.8652
12
5.0000
22
-95.0000
32
-1.7752
13
0.0000
23
-95.0000
33
-1.9100
0
3DFACE
8
S_UMGEBUNG_GELAENDE
10
0.0000
20
-95.0000
30
-1.9100
11
5.0000
21
-95.0000
31
-1.7752
12
5.0000
22
-90.0000
32
-1.6852
13
0.0000
23
-90.0000
33
-1.8200
0
3DFACE
8
S_UMGEBUNG_GELAENDE
10
0.0000
20
-90.0000
30
-1.8200
11
5.0000
21
-90.0000
31
-1.6852
12
5.0000
22
-85.0000
32
-1.5952
13
0.0000
23
-85.0000
33
-1.7300
0
3DFACE
8
S_UMGEBUNG_GELAENDE
10
0.0000
20
-85.0000
30
-1.7300
11
5.0000
21
-85.0000
31
-1.5952
12
5.0000
22
-80.0000
32
-1.5052
13
0.0000
23
-80.0000
33
-1.6400
0
3DFACE
8
S_UMGEBUNG_GELAENDE
10
0.0000
20
-80.0000
30
-1.6400
11
5.0000
21
-80.0000
31
-1.5052
12
5.0000
22
-75.0000
32
-1.4152
13
0.0000
23
-75.0000
33
-1.5500
0
3DFACE
8
S_UMGEBUNG_GELAENDE
10
0.0000
20
-75.0000
30
-1.5500
11
5.0000
21
-75.0000
31
-1.4152
12
5.0000
22
-70.0000
32
-1.3252
13
0.0000
23
-70.0000
33
-1.4600
0
3DFACE
8
S_UMGEBUNG_GELAENDE
10
0.0000
20
-70.0000
30
-1.4600
11
5.0000
21
-70.0000
31
-1.3252
12
5.0000
22
-65.0000
32
-1.2352
13
0.0000
23
-65.0000
33
-1.3700
0
3DFACE
8
S_UMGEBUNG_GELAENDE
10
0.0000
20
-65.0000
30
-1.3700
11
5.0000
21
-65.0000
31
-1.2352
12
5.0000
22
-60.0000
32
-1.1452
13
0.0000
23
-60.0000
33
-1.2800
0
3DFACE
8
S_UMGEBUNG_GELAENDE
10
0.0000
20
-60.0000
30
-1.2800
11
5.0000
21
-60.0000
31
-1.1452
12
5.0000
22
-55.0000
32
-1.0552
13
0.0000
23
-55.0000
33
-1.1900
0
3DFACE
8
S_UMGEBUNG_GELAENDE
10
0.0000
20
-55.0000
30
-1.1900
11
5.0000
21
-55.0000
31
-1.0552
12
5.0000
22
-50.0000
32
-0.9652
13
0.0000
23
-50.0000
33
-1.1000
0
3DFACE
8
S_UMGEBUNG_GELAENDE
10
0.0000
20
-50.0000
30
-1.1000
11
5.0000
21
-50.0000
31
-0.9652
12
5.0000
22
-45.0000
32
-0.8752
13
0.0000
23
-45.0000
33
-1.0100
0
3DFACE
8
S_UMGEBUNG_GELAENDE
10
0.0000
20
-45.0000
30
-1.0100
11
5.0000
21
-45.0000
31
-0.8752
12
5.0000
22
-40.0000
32
-0.7852
13
0.0000
23
-40.0000
33
-0.9200
0
3DFACE
8
S_UMGEBUNG_GELAENDE
10
0.0000
20
-40.0000
30
-0.9200
11
5.0000
21
-40.0000
31
-0.7852
12
5.0000
22
-35.0000
32
-0.6952
13
0.0000
23
-35.0000
33
-0.8300
0
3DFACE
8
S_UMGEBUNG_GELAENDE
10
0.0000
20
-35.0000
30
-0.8300
11
5.0000
21
-35.0000
31
-0.6952
12
5.0000
22
-30.0000
32
-0.6052
13
0.0000
23
-30.0000
33
-0.7400
0
3DFACE
8
S_UMGEBUNG_GELAENDE
10
0.0000
20
-30.0000
30
-0.7400
11
5.0000
21
-30.0000
31
-0.6052
12
5.0000
22
-25.0000
32
-0.5152
13
0.0000
23
-25.0000
33
-0.6500
0
3DFACE
8
S_UMGEBUNG_GELAENDE
10
0.0000
20
-25.0000
30
-0.6500
11
5.0000
21
-25.0000
31
-0.5152
12
5.0000
22
-20.0000
32
-0.4252
13
0.0000
23
-20.0000
33
-0.5600
0
3DFACE
8
S_UMGEBUNG_GELAENDE
10
0.0000
20
-20.0000
30
-0.5600
11
5.0000
21
-20.0000
31
-0.4252
12
5.0000
22
-15.0000
32
-0.3352
13
0.0000
23
-15.0000
33
-0.4700
0
3DFACE
8
S_UMGEBUNG_GELAENDE
10
0.0000
20
-15.0000
30
-0.4700
11
5.0000
21
-15.0000
31
-0.3352
12
5.0000
22
-10.0000
32
-0.2452
13
0.0000
23
-10.0000
33
-0.3800
0
3DFACE
8
S_UMGEBUNG_GELAENDE
10
0.0000
20
-10.0000
30
-0.3800
11
5.0000
21
-10.0000
31
-0.2452
12
5.0000
22
-5.0000
32
-0.1552
13
0.0000
23
-5.0000
33
-0.2900
0
3DFACE
8
S_UMGEBUNG_GELAENDE
10
0.0000
20
-5.0000
30
-0.2900
11
5.0000
21
-5.0000
31
-0.1552
12
5.0000
22
0.0000
32
-0.0652
13
0.0000
23
0.0000
33
-0.2000
0
3DFACE
8
S_UMGEBUNG_GELAENDE
10
0.0000
20
0.0000
30
-0.2000
11
5.0000
21
0.0000
31
-0.0652
12
5.0000
22
5.0000
32
0.0248
13
0.0000
23
5.0000
33
-0.1100
0
3DFACE
8
S_UMGEBUNG_GELAENDE
10
0.0000
20
5.0000
30
-0.1100
11
5.0000
21
5.0000
31
0.0248
12
5.0000
22
10.0000
32
0.1148
13
0.0000
23
10.0000
33
-0.0200
0
3DFACE
8
S_UMGEBUNG_GELAENDE
10
0.0000
20
10.0000
30
-0.0200
11
5.0000
21
10.0000
31
0.1148
12
5.0000
22
15.0000
32
0.2048
13
0.0000
23
15.0000
33
0.0700
0
3DFACE
8
S_UMGEBUNG_GELAENDE
10
0.0000
20
15.0000
30
0.0700
11
5.0000
21
15.0000
31
0.2048
12
5.0000
22
20.0000
32
0.2948
13
0.0000
23
20.0000
33
0.1600
0
3DFACE
8
S_UMGEBUNG_GELAENDE
10
0.0000
20
20.0000
30
0.1600
11
5.0000
21
20.0000
31
0.2948
12
5.0000
22
25.0000
32
0.3848
13
0.0000
23
25.0000
33
0.2500
0
3DFACE
8
S_UMGEBUNG_GELAENDE
10
0.0000
20
25.0000
30
0.2500
11
5.0000
21
25.0000
31
0.3848
12
5.0000
22
30.0000
32
0.4748
13
0.0000
23
30.0000
33
0.3400
0
3DFACE
8
S_UMGEBUNG_GELAENDE
10
0.0000
20
30.0000
30
0.3400
11
5.0000
21
30.0000
31
0.4748
12
5.0000
22
35.0000
32
0.5648
13
0.0000
23
35.0000
33
0.4300
0
3DFACE
8
S_UMGEBUNG_GELAENDE
10
0.0000
20
35.0000
30
0.4300
11
5.0000
21
35.0000
31
0.5648
12
5.0000
22
40.0000
32
0.6548
13
0.0000
23
40.0000
33
0.5200
0
3DFACE
8
S_UMGEBUNG_GELAENDE
10
0.0000
20
40.0000
30
0.5200
11
5.0000
21
40.0000
31
0.6548
12
5.0000
22
45.0000
32
0.7448
13
0.0000
23
45.0000
33
0.6100
0
3DFACE
8
S_UMGEBUNG_GELAENDE
10
0.0000
20
45.0000
30
0.6100
11
5.0000
21
45.0000
31
0.7448
12
5.0000
22
50.0000
32
0.8348
13
0.0000
23
50.0000
33
0.7000
0
3DFACE
8
S_UMGEBUNG_GELAENDE
10
0.0000
20
50.0000
30
0.7000
11
5.0000
21
50.0000
31
0.8348
12
5.0000
22
55.0000
32
0.9248
13
0.0000
23
55.0000
33
0.7900
0
3DFACE
8
S_UMGEBUNG_GELAENDE
10
0.0000
20
55.0000
30
0.7900
11
5.0000
21
55.0000
31
0.9248
12
5.0000
22
60.0000
32
1.0148
13
0.0000
23
60.0000
33
0.8800
0
3DFACE
8
S_UMGEBUNG_GELAENDE
10
0.0000
20
60.0000
30
0.8800
11
5.0000
21
60.0000
31
1.0148
12
5.0000
22
65.0000
32
1.1048
13
0.0000
23
65.0000
33
0.9700
0
3DFACE
8
S_UMGEBUNG_GELAENDE
10
0.0000
20
65.0000
30
0.9700
11
5.0000
21
65.0000
31
1.1048
12
5.0000
22
70.0000
32
1.1948
13
0.0000
23
70.0000
33
1.0600
0
3DFACE
8
S_UMGEBUNG_GELAENDE
10
0.0000
20
70.0000
30
1.0600
11
5.0000
21
70.0000
31
1.1948
12
5.0000
22
75.0000
32
1.2848
13
0.0000
23
75.0000
33
1.1500
0
3DFACE
8
S_UMGEBUNG_GELAENDE
10
0.0000
20
75.0000
30
1.1500
11
5.0000
21
75.0000
31
1.2848
12
5.0000
22
80.0000
32
1.3748
13
0.0000
23
80.0000
33
1.2400
0
3DFACE
8
S_UMGEBUNG_GELAENDE
10
0.0000
20
80.0000
30
1.2400
11
5.0000
21
80.0000
31
1.3748
12
5.0000
22
85.0000
32
1.4648
13
0.0000
23
85.0000
33
1.3300
0
3DFACE
8
S_UMGEBUNG_GELAENDE
10
0.0000
20
85.0000
30
1.3300
11
5.0000
21
85.0000
31
1.4648
12
5.0000
22
90.0000
32
1.5548
13
0.0000
23
90.0000
33
1.4200
0
3DFACE
8
S_UMGEBUNG_GELAENDE
10
0.0000
20
90.0000
30
1.4200
11
5.0000
21
90.0000
31
1.5548
12
5.0000
22
95.0000
32
1.6448
13
0.0000
23
95.0000
33
1.5100
0
3DFACE
8
S_UMGEBUNG_GELAENDE
10
0.0000
20
95.0000
30
1.5100
11
5.0000
21
95.0000
31
1.6448
12
5.0000
22
100.0000
32
1.7348
13
0.0000
23
100.0000
33
1.6000
0
3DFACE
8
S_UMGEBUNG_GELAENDE
10
0.0000
20
100.0000
30
1.6000
11
5.0000
21
100.0000
31
1.7348
12
5.0000
22
105.0000
32
1.8248
13
0.0000
23
105.0000
33
1.6900
0
3DFACE
8
S_UMGEBUNG_GELAENDE
10
0.0000
20
105.0000
30
1.6900
11
5.0000
21
105.0000
31
1.8248
12
5.0000
22
110.0000
32
1.9148
13
0.0000
23
110.0000
33
1.7800
0
3DFACE
8
S_UMGEBUNG_GELAENDE
10
0.0000
20
110.0000
30
1.7800
11
5.0000
21
110.0000
31
1.9148
12
5.0000
22
115.0000
32
2.0048
13
0.0000
23
115.0000
33
1.8700
0
3DFACE
8
S_UMGEBUNG_GELAENDE
10
0.0000
20
115.0000
30
1.8700
11
5.0000
21
115.0000
31
2.0048
12
5.0000
22
120.0000
32
2.0948
13
0.0000
23
120.0000
33
1.9600
0
3DFACE
8
S_UMGEBUNG_GELAENDE
10
0.0000
20
120.0000
30
1.9600
11
5.0000
21
120.0000
31
2.0948
12
5.0000
22
125.0000
32
2.1848
13
0.0000
23
125.0000
33
2.0500
0
3DFACE
8
S_UMGEBUNG_GELAENDE
10
0.0000
20
125.0000
30
2.0500
11
5.0000
21
125.0000
31
2.1848
12
5.0000
22
130.0000
32
2.2748
13
0.0000
23
130.0000
33
2.1400
0
3DFACE
8
S_UMGEBUNG_GELAENDE
10
0.0000
20
130.0000
30
2.1400
11
5.0000
21
130.0000
31
2.2748
12
5.0000
22
135.0000
32
2.3648
13
0.0000
23
135.0000
33
2.2300
0
3DFACE
8
S_UMGEBUNG_GELAENDE
10
0.0000
20
135.0000
30
2.2300
11
5.0000
21
135.0000
31
2.3648
12
5.0000
22
140.0000
32
2.4548
13
0.0000
23
140.0000
33
2.3200
0
3DFACE
8
S_UMGEBUNG_GELAENDE
10
0.0000
20
140.0000
30
2.3200
11
5.0000
21
140.0000
31
2.4548
12
5.0000
22
145.0000
32
2.5448
13
0.0000
23
145.0000
33
2.4100
0
3DFACE
8
S_UMGEBUNG_GELAENDE
10
0.0000
20
145.0000
30
2.4100
11
5.0000
21
145.0000
31
2.5448
12
5.0000
22
150.0000
32
2.6348
13
0.0000
23
150.0000
33
2.5000
0
3DFACE
8
S_UMGEBUNG_GELAENDE
10
5.0000
20
-150.0000
30
-2.7652
11
10.0000
21
-150.0000
31
-2.6316
12
10.0000
22
-145.0000
32
-2.5416
13
5.0000
23
-145.0000
33
-2.6752
0
3DFACE
8
S_UMGEBUNG_GELAENDE
10
5.0000
20
-145.0000
30
-2.6752
11
10.0000
21
-145.0000
31
-2.5416
12
10.0000
22
-140.0000
32
-2.4516
13
5.0000
23
-140.0000
33
-2.5852
0
3DFACE
8
S_UMGEBUNG_GELAENDE
10
5.0000
20
-140.0000
30
-2.5852
11
10.0000
21
-140.0000
31
-2.4516
12
10.0000
22
-135.0000
32
-2.3616
13
5.0000
23
-135.0000
33
-2.4952
0
3DFACE
8
S_UMGEBUNG_GELAENDE
10
5.0000
20
-135.0000
30
-2.4952
11
10.0000
21
-135.0000
31
-2.3616
12
10.0000
22
-130.0000
32
-2.2716
13
5.0000
23
-130.0000
33
-2.4052
0
3DFACE
8
S_UMGEBUNG_GELAENDE
10
5.0000
20
-130.0000
30
-2.4052
11
10.0000
21
-130.0000
31
-2.2716
12
10.0000
22
-125.0000
32
-2.1816
13
5.0000
23
-125.0000
33
-2.3152
0
3DFACE
8
S_UMGEBUNG_GELAENDE
10
5.0000
20
-125.0000
30
-2.3152
11
10.0000
21
-125.0000
31
-2.1816
12
10.0000
22
-120.0000
32
-2.0916
13
5.0000
23
-120.0000
33
-2.2252
0
3DFACE
8
S_UMGEBUNG_GELAENDE
10
5.0000
20
-120.0000
30
-2.2252
11
10.0000
21
-120.0000
31
-2.0916
12
10.0000
22
-115.0000
32
-2.0016
13
5.0000
23
-115.0000
33
-2.1352
0
3DFACE
8
S_UMGEBUNG_GELAENDE
10
5.0000
20
-115.0000
30
-2.1352
11
10.0000
21
-115.0000
31
-2.0016
12
10.0000
22
-110.0000
32
-1.9116
13
5.0000
23
-110.0000
33
-2.0452
0
3DFACE
8
S_UMGEBUNG_GELAENDE
10
5.0000
20
-110.0000
30
-2.0452
11
10.0000
21
-110.0000
31
-1.9116
12
10.0000
22
-105.0000
32
-1.8216
13
5.0000
23
-105.0000
33
-1.9552
0
3DFACE
8
S_UMGEBUNG_GELAENDE
10
5.0000
20
-105.0000
30
-1.9552
11
10.0000
21
-105.0000
31
-1.8216
12
10.0000
22
-100.0000
32
-1.7316
13
5.0000
23
-100.0000
33
-1.8652
0
3DFACE
8
S_UMGEBUNG_GELAENDE
10
5.0000
20
-100.0000
30
-1.8652
11
10.0000
21
-100.0000
31
-1.7316
12
10.0000
22
-95.0000
32
-1.6416
13
5.0000
23
-95.0000
33
-1.7752
0
3DFACE
8
S_UMGEBUNG_GELAENDE
10
5.0000
20
-95.0000
30
-1.7752
11
10.0000
21
-95.0000
31
-1.6416
12
10.0000
22
-90.0000
32
-1.5516
13
5.0000
23
-90.0000
33
-1.6852
0
3DFACE
8
S_UMGEBUNG_GELAENDE
10
5.0000
20
-90.0000
30
-1.6852
11
10.0000
21
-90.0000
31
-1.5516
12
10.0000
22
-85.0000
32
-1.4616
13
5.0000
23
-85.0000
33
-1.5952
0
3DFACE
8
S_UMGEBUNG_GELAENDE
10
5.0000
20
-85.0000
30
-1.5952
11
10.0000
21
-85.0000
31
-1.4616
12
10.0000
22
-80.0000
32
-1.3716
13
5.0000
23
-80.0000
33
-1.5052
0
3DFACE
8
S_UMGEBUNG_GELAENDE
10
5.0000
20
-80.0000
30
-1.5052
11
10.0000
21
-80.0000
31
-1.3716
12
10.0000
22
-75.0000
32
-1.2816
13
5.0000
23
-75.0000
33
-1.4152
0
3DFACE
8
S_UMGEBUNG_GELAENDE
10
5.0000
20
-75.0000
30
-1.4152
11
10.0000
21
-75.0000
31
-1.2816
12
10.0000
22
-70.0000
32
-1.1916
13
5.0000
23
-70.0000
33
-1.3252
0
3DFACE
8
S_UMGEBUNG_GELAENDE
10
5.0000
20
-70.0000
30
-1.3252
11
10.0000
21
-70.0000
31
-1.1916
12
10.0000
22
-65.0000
32
-1.1016
13
5.0000
23
-65.0000
33
-1.2352
0
3DFACE
8
S_UMGEBUNG_GELAENDE
10
5.0000
20
-65.0000
30
-1.2352
11
10.0000
21
-65.0000
31
-1.1016
12
10.0000
22
-60.0000
32
-1.0116
13
5.0000
23
-60.0000
33
-1.1452
0
3DFACE
8
S_UMGEBUNG_GELAENDE
10
5.0000
20
-60.0000
30
-1.1452
11
10.0000
21
-60.0000
31
-1.0116
12
10.0000
22
-55.0000
32
-0.9216
13
5.0000
23
-55.0000
33
-1.0552
0
3DFACE
8
S_UMGEBUNG_GELAENDE
10
5.0000
20
-55.0000
30
-1.0552
11
10.0000
21
-55.0000
31
-0.9216
12
10.0000
22
-50.0000
32
-0.8316
13
5.0000
23
-50.0000
33
-0.9652
0
3DFACE
8
S_UMGEBUNG_GELAENDE
10
5.0000
20
-50.0000
30
-0.9652
11
10.0000
21
-50.0000
31
-0.8316
12
10.0000
22
-45.0000
32
-0.7416
13
5.0000
23
-45.0000
33
-0.8752
0
3DFACE
8
S_UMGEBUNG_GELAENDE
10
5.0000
20
-45.0000
30
-0.8752
11
10.0000
21
-45.0000
31
-0.7416
12
10.0000
22
-40.0000
32
-0.6516
13
5.0000
23
-40.0000
33
-0.7852
0
3DFACE
8
S_UMGEBUNG_GELAENDE
10
5.0000
20
-40.0000
30
-0.7852
11
10.0000
21
-40.0000
31
-0.6516
12
10.0000
22
-35.0000
32
-0.5616
13
5.0000
23
-35.0000
33
-0.6952
0
3DFACE
8
S_UMGEBUNG_GELAENDE
10
5.0000
20
-35.0000
30
-0.6952
11
10.0000
21
-35.0000
31
-0.5616
12
10.0000
22
-30.0000
32
-0.4716
13
5.0000
23
-30.0000
33
-0.6052
0
3DFACE
8
S_UMGEBUNG_GELAENDE
10
5.0000
20
-30.0000
30
-0.6052
11
10.0000
21
-30.0000
31
-0.4716
12
10.0000
22
-25.0000
32
-0.3816
13
5.0000
23
-25.0000
33
-0.5152
0
3DFACE
8
S_UMGEBUNG_GELAENDE
10
5.0000
20
-25.0000
30
-0.5152
11
10.0000
21
-25.0000
31
-0.3816
12
10.0000
22
-20.0000
32
-0.2916
13
5.0000
23
-20.0000
33
-0.4252
0
3DFACE
8
S_UMGEBUNG_GELAENDE
10
5.0000
20
-20.0000
30
-0.4252
11
10.0000
21
-20.0000
31
-0.2916
12
10.0000
22
-15.0000
32
-0.2016
13
5.0000
23
-15.0000
33
-0.3352
0
3DFACE
8
S_UMGEBUNG_GELAENDE
10
5.0000
20
-15.0000
30
-0.3352
11
10.0000
21
-15.0000
31
-0.2016
12
10.0000
22
-10.0000
32
-0.1116
13
5.0000
23
-10.0000
33
-0.2452
0
3DFACE
8
S_UMGEBUNG_GELAENDE
10
5.0000
20
-10.0000
30
-0.2452
11
10.0000
21
-10.0000
31
-0.1116
12
10.0000
22
-5.0000
32
-0.0216
13
5.0000
23
-5.0000
33
-0.1552
0
3DFACE
8
S_UMGEBUNG_GELAENDE
10
5.0000
20
-5.0000
30
-0.1552
11
10.0000
21
-5.0000
31
-0.0216
12
10.0000
22
0.0000
32
0.0684
13
5.0000
23
0.0000
33
-0.0652
0
3DFACE
8
S_UMGEBUNG_GELAENDE
10
5.0000
20
0.0000
30
-0.0652
11
10.0000
21
0.0000
31
0.0684
12
10.0000
22
5.0000
32
0.1584
13
5.0000
23
5.0000
33
0.0248
0
3DFACE
8
S_UMGEBUNG_GELAENDE
10
5.0000
20
5.0000
30
0.0248
11
10.0000
21
5.0000
31
0.1584
12
10.0000
22
10.0000
32
0.2484
13
5.0000
23
10.0000
33
0.1148
0
3DFACE
8
S_UMGEBUNG_GELAENDE
10
5.0000
20
10.0000
30
0.1148
11
10.0000
21
10.0000
31
0.2484
12
10.0000
22
15.0000
32
0.3384
13
5.0000
23
15.0000
33
0.2048
0
3DFACE
8
S_UMGEBUNG_GELAENDE
10
5.0000
20
15.0000
30
0.2048
11
10.0000
21
15.0000
31
0.3384
12
10.0000
22
20.0000
32
0.4284
13
5.0000
23
20.0000
33
0.2948
0
3DFACE
8
S_UMGEBUNG_GELAENDE
10
5.0000
20
20.0000
30
0.2948
11
10.0000
21
20.0000
31
0.4284
12
10.0000
22
25.0000
32
0.5184
13
5.0000
23
25.0000
33
0.3848
0
3DFACE
8
S_UMGEBUNG_GELAENDE
10
5.0000
20
25.0000
30
0.3848
11
10.0000
21
25.0000
31
0.5184
12
10.0000
22
30.0000
32
0.6084
13
5.0000
23
30.0000
33
0.4748
0
3DFACE
8
S_UMGEBUNG_GELAENDE
10
5.0000
20
30.0000
30
0.4748
11
10.0000
21
30.0000
31
0.6084
12
10.0000
22
35.0000
32
0.6984
13
5.0000
23
35.0000
33
0.5648
0
3DFACE
8
S_UMGEBUNG_GELAENDE
10
5.0000
20
35.0000
30
0.5648
11
10.0000
21
35.0000
31
0.6984
12
10.0000
22
40.0000
32
0.7884
13
5.0000
23
40.0000
33
0.6548
0
3DFACE
8
S_UMGEBUNG_GELAENDE
10
5.0000
20
40.0000
30
0.6548
11
10.0000
21
40.0000
31
0.7884
12
10.0000
22
45.0000
32
0.8784
13
5.0000
23
45.0000
33
0.7448
0
3DFACE
8
S_UMGEBUNG_GELAENDE
10
5.0000
20
45.0000
30
0.7448
11
10.0000
21
45.0000
31
0.8784
12
10.0000
22
50.0000
32
0.9684
13
5.0000
23
50.0000
33
0.8348
0
3DFACE
8
S_UMGEBUNG_GELAENDE
10
5.0000
20
50.0000
30
0.8348
11
10.0000
21
50.0000
31
0.9684
12
10.0000
22
55.0000
32
1.0584
13
5.0000
23
55.0000
33
0.9248
0
3DFACE
8
S_UMGEBUNG_GELAENDE
10
5.0000
20
55.0000
30
0.9248
11
10.0000
21
55.0000
31
1.0584
12
10.0000
22
60.0000
32
1.1484
13
5.0000
23
60.0000
33
1.0148
0
3DFACE
8
S_UMGEBUNG_GELAENDE
10
5.0000
20
60.0000
30
1.0148
11
10.0000
21
60.0000
31
1.1484
12
10.0000
22
65.0000
32
1.2384
13
5.0000
23
65.0000
33
1.1048
0
3DFACE
8
S_UMGEBUNG_GELAENDE
10
5.0000
20
65.0000
30
1.1048
11
10.0000
21
65.0000
31
1.2384
12
10.0000
22
70.0000
32
1.3284
13
5.0000
23
70.0000
33
1.1948
0
3DFACE
8
S_UMGEBUNG_GELAENDE
10
5.0000
20
70.0000
30
1.1948
11
10.0000
21
70.0000
31
1.3284
12
10.0000
22
75.0000
32
1.4184
13
5.0000
23
75.0000
33
1.2848
0
3DFACE
8
S_UMGEBUNG_GELAENDE
10
5.0000
20
75.0000
30
1.2848
11
10.0000
21
75.0000
31
1.4184
12
10.0000
22
80.0000
32
1.5084
13
5.0000
23
80.0000
33
1.3748
0
3DFACE
8
S_UMGEBUNG_GELAENDE
10
5.0000
20
80.0000
30
1.3748
11
10.0000
21
80.0000
31
1.5084
12
10.0000
22
85.0000
32
1.5984
13
5.0000
23
85.0000
33
1.4648
0
3DFACE
8
S_UMGEBUNG_GELAENDE
10
5.0000
20
85.0000
30
1.4648
11
10.0000
21
85.0000
31
1.5984
12
10.0000
22
90.0000
32
1.6884
13
5.0000
23
90.0000
33
1.5548
0
3DFACE
8
S_UMGEBUNG_GELAENDE
10
5.0000
20
90.0000
30
1.5548
11
10.0000
21
90.0000
31
1.6884
12
10.0000
22
95.0000
32
1.7784
13
5.0000
23
95.0000
33
1.6448
0
3DFACE
8
S_UMGEBUNG_GELAENDE
10
5.0000
20
95.0000
30
1.6448
11
10.0000
21
95.0000
31
1.7784
12
10.0000
22
100.0000
32
1.8684
13
5.0000
23
100.0000
33
1.7348
0
3DFACE
8
S_UMGEBUNG_GELAENDE
10
5.0000
20
100.0000
30
1.7348
11
10.0000
21
100.0000
31
1.8684
12
10.0000
22
105.0000
32
1.9584
13
5.0000
23
105.0000
33
1.8248
0
3DFACE
8
S_UMGEBUNG_GELAENDE
10
5.0000
20
105.0000
30
1.8248
11
10.0000
21
105.0000
31
1.9584
12
10.0000
22
110.0000
32
2.0484
13
5.0000
23
110.0000
33
1.9148
0
3DFACE
8
S_UMGEBUNG_GELAENDE
10
5.0000
20
110.0000
30
1.9148
11
10.0000
21
110.0000
31
2.0484
12
10.0000
22
115.0000
32
2.1384
13
5.0000
23
115.0000
33
2.0048
0
3DFACE
8
S_UMGEBUNG_GELAENDE
10
5.0000
20
115.0000
30
2.0048
11
10.0000
21
115.0000
31
2.1384
12
10.0000
22
120.0000
32
2.2284
13
5.0000
23
120.0000
33
2.0948
0
3DFACE
8
S_UMGEBUNG_GELAENDE
10
5.0000
20
120.0000
30
2.0948
11
10.0000
21
120.0000
31
2.2284
12
10.0000
22
125.0000
32
2.3184
13
5.0000
23
125.0000
33
2.1848
0
3DFACE
8
S_UMGEBUNG_GELAENDE
10
5.0000
20
125.0000
30
2.1848
11
10.0000
21
125.0000
31
2.3184
12
10.0000
22
130.0000
32
2.4084
13
5.0000
23
130.0000
33
2.2748
0
3DFACE
8
S_UMGEBUNG_GELAENDE
10
5.0000
20
130.0000
30
2.2748
11
10.0000
21
130.0000
31
2.4084
12
10.0000
22
135.0000
32
2.4984
13
5.0000
23
135.0000
33
2.3648
0
3DFACE
8
S_UMGEBUNG_GELAENDE
10
5.0000
20
135.0000
30
2.3648
11
10.0000
21
135.0000
31
2.4984
12
10.0000
22
140.0000
32
2.5884
13
5.0000
23
140.0000
33
2.4548
0
3DFACE
8
S_UMGEBUNG_GELAENDE
10
5.0000
20
140.0000
30
2.4548
11
10.0000
21
140.0000
31
2.5884
12
10.0000
22
145.0000
32
2.6784
13
5.0000
23
145.0000
33
2.5448
0
3DFACE
8
S_UMGEBUNG_GELAENDE
10
5.0000
20
145.0000
30
2.5448
11
10.0000
21
145.0000
31
2.6784
12
10.0000
22
150.0000
32
2.7684
13
5.0000
23
150.0000
33
2.6348
0
3DFACE
8
S_UMGEBUNG_GELAENDE
10
10.0000
20
-150.0000
30
-2.6316
11
15.0000
21
-150.0000
31
-2.5002
12
15.0000
22
-145.0000
32
-2.4102
13
10.0000
23
-145.0000
33
-2.5416
0
3DFACE
8
S_UMGEBUNG_GELAENDE
10
10.0000
20
-145.0000
30
-2.5416
11
15.0000
21
-145.0000
31
-2.4102
12
15.0000
22
-140.0000
32
-2.3202
13
10.0000
23
-140.0000
33
-2.4516
0
3DFACE
8
S_UMGEBUNG_GELAENDE
10
10.0000
20
-140.0000
30
-2.4516
11
15.0000
21
-140.0000
31
-2.3202
12
15.0000
22
-135.0000
32
-2.2302
13
10.0000
23
-135.0000
33
-2.3616
0
3DFACE
8
S_UMGEBUNG_GELAENDE
10
10.0000
20
-135.0000
30
-2.3616
11
15.0000
21
-135.0000
31
-2.2302
12
15.0000
22
-130.0000
32
-2.1402
13
10.0000
23
-130.0000
33
-2.2716
0
3DFACE
8
S_UMGEBUNG_GELAENDE
10
10.0000
20
-130.0000
30
-2.2716
11
15.0000
21
-130.0000
31
-2.1402
12
15.0000
22
-125.0000
32
-2.0502
13
10.0000
23
-125.0000
33
-2.1816
0
3DFACE
8
S_UMGEBUNG_GELAENDE
10
10.0000
20
-125.0000
30
-2.1816
11
15.0000
21
-125.0000
31
-2.0502
12
15.0000
22
-120.0000
32
-1.9602
13
10.0000
23
-120.0000
33
-2.0916
0
3DFACE
8
S_UMGEBUNG_GELAENDE
10
10.0000
20
-120.0000
30
-2.0916
11
15.0000
21
-120.0000
31
-1.9602
12
15.0000
22
-115.0000
32
-1.8702
13
10.0000
23
-115.0000
33
-2.0016
0
3DFACE
8
S_UMGEBUNG_GELAENDE
10
10.0000
20
-115.0000
30
-2.0016
11
15.0000
21
-115.0000
31
-1.8702
12
15.0000
22
-110.0000
32
-1.7802
13
10.0000
23
-110.0000
33
-1.9116
0
3DFACE
8
S_UMGEBUNG_GELAENDE
10
10.0000
20
-110.0000
30
-1.9116
11
15.0000
21
-110.0000
31
-1.7802
12
15.0000
22
-105.0000
32
-1.6902
13
10.0000
23
-105.0000
33
-1.8216
0
3DFACE
8
S_UMGEBUNG_GELAENDE
10
10.0000
20
-105.0000
30
-1.8216
11
15.0000
21
-105.0000
31
-1.6902
12
15.0000
22
-100.0000
32
-1.6002
13
10.0000
23
-100.0000
33
-1.7316
0
3DFACE
8
S_UMGEBUNG_GELAENDE
10
10.0000
20
-100.0000
30
-1.7316
11
15.0000
21
-100.0000
31
-1.6002
12
15.0000
22
-95.0000
32
-1.5102
13
10.0000
23
-95.0000
33
-1.6416
0
3DFACE
8
S_UMGEBUNG_GELAENDE
10
10.0000
20
-95.0000
30
-1.6416
11
15.0000
21
-95.0000
31
-1.5102
12
15.0000
22
-90.0000
32
-1.4202
13
10.0000
23
-90.0000
33
-1.5516
0
3DFACE
8
S_UMGEBUNG_GELAENDE
10
10.0000
20
-90.0000
30
-1.5516
11
15.0000
21
-90.0000
31
-1.4202
12
15.0000
22
-85.0000
32
-1.3302
13
10.0000
23
-85.0000
33
-1.4616
0
3DFACE
8
S_UMGEBUNG_GELAENDE
10
10.0000
20
-85.0000
30
-1.4616
11
15.0000
21
-85.0000
31
-1.3302
12
15.0000
22
-80.0000
32
-1.2402
13
10.0000
23
-80.0000
33
-1.3716
0
3DFACE
8
S_UMGEBUNG_GELAENDE
10
10.0000
20
-80.0000
30
-1.3716
11
15.0000
21
-80.0000
31
-1.2402
12
15.0000
22
-75.0000
32
-1.1502
13
10.0000
23
-75.0000
33
-1.2816
0
3DFACE
8
S_UMGEBUNG_GELAENDE
10
10.0000
20
-75.0000
30
-1.2816
11
15.0000
21
-75.0000
31
-1.1502
12
15.0000
22
-70.0000
32
-1.0602
13
10.0000
23
-70.0000
33
-1.1916
0
3DFACE
8
S_UMGEBUNG_GELAENDE
10
10.0000
20
-70.0000
30
-1.1916
11
15.0000
21
-70.0000
31
-1.0602
12
15.0000
22
-65.0000
32
-0.9702
13
10.0000
23
-65.0000
33
-1.1016
0
3DFACE
8
S_UMGEBUNG_GELAENDE
10
10.0000
20
-65.0000
30
-1.1016
11
15.0000
21
-65.0000
31
-0.9702
12
15.0000
22
-60.0000
32
-0.8802
13
10.0000
23
-60.0000
33
-1.0116
0
3DFACE
8
S_UMGEBUNG_GELAENDE
10
10.0000
20
-60.0000
30
-1.0116
11
15.0000
21
-60.0000
31
-0.8802
12
15.0000
22
-55.0000
32
-0.7902
13
10.0000
23
-55.0000
33
-0.9216
0
3DFACE
8
S_UMGEBUNG_GELAENDE
10
10.0000
20
-55.0000
30
-0.9216
11
15.0000
21
-55.0000
31
-0.7902
12
15.0000
22
-50.0000
32
-0.7002
13
10.0000
23
-50.0000
33
-0.8316
0
3DFACE
8
S_UMGEBUNG_GELAENDE
10
10.0000
20
-50.0000
30
-0.8316
11
15.0000
21
-50.0000
31
-0.7002
12
15.0000
22
-45.0000
32
-0.6102
13
10.0000
23
-45.0000
33
-0.7416
0
3DFACE
8
S_UMGEBUNG_GELAENDE
10
10.0000
20
-45.0000
30
-0.7416
11
15.0000
21
-45.0000
31
-0.6102
12
15.0000
22
-40.0000
32
-0.5202
13
10.0000
23
-40.0000
33
-0.6516
0
3DFACE
8
S_UMGEBUNG_GELAENDE
10
10.0000
20
-40.0000
30
-0.6516
11
15.0000
21
-40.0000
31
-0.5202
12
15.0000
22
-35.0000
32
-0.4302
13
10.0000
23
-35.0000
33
-0.5616
0
3DFACE
8
S_UMGEBUNG_GELAENDE
10
10.0000
20
-35.0000
30
-0.5616
11
15.0000
21
-35.0000
31
-0.4302
12
15.0000
22
-30.0000
32
-0.3402
13
10.0000
23
-30.0000
33
-0.4716
0
3DFACE
8
S_UMGEBUNG_GELAENDE
10
10.0000
20
-30.0000
30
-0.4716
11
15.0000
21
-30.0000
31
-0.3402
12
15.0000
22
-25.0000
32
-0.2502
13
10.0000
23
-25.0000
33
-0.3816
0
3DFACE
8
S_UMGEBUNG_GELAENDE
10
10.0000
20
-25.0000
30
-0.3816
11
15.0000
21
-25.0000
31
-0.2502
12
15.0000
22
-20.0000
32
-0.1602
13
10.0000
23
-20.0000
33
-0.2916
0
3DFACE
8
S_UMGEBUNG_GELAENDE
10
10.0000
20
-20.0000
30
-0.2916
11
15.0000
21
-20.0000
31
-0.1602
12
15.0000
22
-15.0000
32
-0.0702
13
10.0000
23
-15.0000
33
-0.2016
0
3DFACE
8
S_UMGEBUNG_GELAENDE
10
10.0000
20
-15.0000
30
-0.2016
11
15.0000
21
-15.0000
31
-0.0702
12
15.0000
22
-10.0000
32
0.0198
13
10.0000
23
-10.0000
33
-0.1116
0
3DFACE
8
S_UMGEBUNG_GELAENDE
10
10.0000
20
-10.0000
30
-0.1116
11
15.0000
21
-10.0000
31
0.0198
12
15.0000
22
-5.0000
32
0.1098
13
10.0000
23
-5.0000
33
-0.0216
0
3DFACE
8
S_UMGEBUNG_GELAENDE
10
10.0000
20
-5.0000
30
-0.0216
11
15.0000
21
-5.0000
31
0.1098
12
15.0000
22
0.0000
32
0.1998
13
10.0000
23
0.0000
33
0.0684
0
3DFACE
8
S_UMGEBUNG_GELAENDE
10
10.0000
20
0.0000
30
0.0684
11
15.0000
21
0.0000
31
0.1998
12
15.0000
22
5.0000
32
0.2898
13
10.0000
23
5.0000
33
0.1584
0
3DFACE
8
S_UMGEBUNG_GELAENDE
10
10.0000
20
5.0000
30
0.1584
11
15.0000
21
5.0000
31
0.2898
12
15.0000
22
10.0000
32
0.3798
13
10.0000
23
10.0000
33
0.2484
0
3DFACE
8
S_UMGEBUNG_GELAENDE
10
10.0000
20
10.0000
30
0.2484
11
15.0000
21
10.0000
31
0.3798
12
15.0000
22
15.0000
32
0.4698
13
10.0000
23
15.0000
33
0.3384
0
3DFACE
8
S_UMGEBUNG_GELAENDE
10
10.0000
20
15.0000
30
0.3384
11
15.0000
21
15.0000
31
0.4698
12
15.0000
22
20.0000
32
0.5598
13
10.0000
23
20.0000
33
0.4284
0
3DFACE
8
S_UMGEBUNG_GELAENDE
10
10.0000
20
20.0000
30
0.4284
11
15.0000
21
20.0000
31
0.5598
12
15.0000
22
25.0000
32
0.6498
13
10.0000
23
25.0000
33
0.5184
0
3DFACE
8
S_UMGEBUNG_GELAENDE
10
10.0000
20
25.0000
30
0.5184
11
15.0000
21
25.0000
31
0.6498
12
15.0000
22
30.0000
32
0.7398
13
10.0000
23
30.0000
33
0.6084
0
3DFACE
8
S_UMGEBUNG_GELAENDE
10
10.0000
20
30.0000
30
0.6084
11
15.0000
21
30.0000
31
0.7398
12
15.0000
22
35.0000
32
0.8298
13
10.0000
23
35.0000
33
0.6984
0
3DFACE
8
S_UMGEBUNG_GELAENDE
10
10.0000
20
35.0000
30
0.6984
11
15.0000
21
35.0000
31
0.8298
12
15.0000
22
40.0000
32
0.9198
13
10.0000
23
40.0000
33
0.7884
0
3DFACE
8
S_UMGEBUNG_GELAENDE
10
10.0000
20
40.0000
30
0.7884
11
15.0000
21
40.0000
31
0.9198
12
15.0000
22
45.0000
32
1.0098
13
10.0000
23
45.0000
33
0.8784
0
3DFACE
8
S_UMGEBUNG_GELAENDE
10
10.0000
20
45.0000
30
0.8784
11
15.0000
21
45.0000
31
1.0098
12
15.0000
22
50.0000
32
1.0998
13
10.0000
23
50.0000
33
0.9684
0
3DFACE
8
S_UMGEBUNG_GELAENDE
10
10.0000
20
50.0000
30
0.9684
11
15.0000
21
50.0000
31
1.0998
12
15.0000
22
55.0000
32
1.1898
13
10.0000
23
55.0000
33
1.0584
0
3DFACE
8
S_UMGEBUNG_GELAENDE
10
10.0000
20
55.0000
30
1.0584
11
15.0000
21
55.0000
31
1.1898
12
15.0000
22
60.0000
32
1.2798
13
10.0000
23
60.0000
33
1.1484
0
3DFACE
8
S_UMGEBUNG_GELAENDE
10
10.0000
20
60.0000
30
1.1484
11
15.0000
21
60.0000
31
1.2798
12
15.0000
22
65.0000
32
1.3698
13
10.0000
23
65.0000
33
1.2384
0
3DFACE
8
S_UMGEBUNG_GELAENDE
10
10.0000
20
65.0000
30
1.2384
11
15.0000
21
65.0000
31
1.3698
12
15.0000
22
70.0000
32
1.4598
13
10.0000
23
70.0000
33
1.3284
0
3DFACE
8
S_UMGEBUNG_GELAENDE
10
10.0000
20
70.0000
30
1.3284
11
15.0000
21
70.0000
31
1.4598
12
15.0000
22
75.0000
32
1.5498
13
10.0000
23
75.0000
33
1.4184
0
3DFACE
8
S_UMGEBUNG_GELAENDE
10
10.0000
20
75.0000
30
1.4184
11
15.0000
21
75.0000
31
1.5498
12
15.0000
22
80.0000
32
1.6398
13
10.0000
23
80.0000
33
1.5084
0
3DFACE
8
S_UMGEBUNG_GELAENDE
10
10.0000
20
80.0000
30
1.5084
11
15.0000
21
80.0000
31
1.6398
12
15.0000
22
85.0000
32
1.7298
13
10.0000
23
85.0000
33
1.5984
0
3DFACE
8
S_UMGEBUNG_GELAENDE
10
10.0000
20
85.0000
30
1.5984
11
15.0000
21
85.0000
31
1.7298
12
15.0000
22
90.0000
32
1.8198
13
10.0000
23
90.0000
33
1.6884
0
3DFACE
8
S_UMGEBUNG_GELAENDE
10
10.0000
20
90.0000
30
1.6884
11
15.0000
21
90.0000
31
1.8198
12
15.0000
22
95.0000
32
1.9098
13
10.0000
23
95.0000
33
1.7784
0
3DFACE
8
S_UMGEBUNG_GELAENDE
10
10.0000
20
95.0000
30
1.7784
11
15.0000
21
95.0000
31
1.9098
12
15.0000
22
100.0000
32
1.9998
13
10.0000
23
100.0000
33
1.8684
0
3DFACE
8
S_UMGEBUNG_GELAENDE
10
10.0000
20
100.0000
30
1.8684
11
15.0000
21
100.0000
31
1.9998
12
15.0000
22
105.0000
32
2.0898
13
10.0000
23
105.0000
33
1.9584
0
3DFACE
8
S_UMGEBUNG_GELAENDE
10
10.0000
20
105.0000
30
1.9584
11
15.0000
21
105.0000
31
2.0898
12
15.0000
22
110.0000
32
2.1798
13
10.0000
23
110.0000
33
2.0484
0
3DFACE
8
S_UMGEBUNG_GELAENDE
10
10.0000
20
110.0000
30
2.0484
11
15.0000
21
110.0000
31
2.1798
12
15.0000
22
115.0000
32
2.2698
13
10.0000
23
115.0000
33
2.1384
0
3DFACE
8
S_UMGEBUNG_GELAENDE
10
10.0000
20
115.0000
30
2.1384
11
15.0000
21
115.0000
31
2.2698
12
15.0000
22
120.0000
32
2.3598
13
10.0000
23
120.0000
33
2.2284
0
3DFACE
8
S_UMGEBUNG_GELAENDE
10
10.0000
20
120.0000
30
2.2284
11
15.0000
21
120.0000
31
2.3598
12
15.0000
22
125.0000
32
2.4498
13
10.0000
23
125.0000
33
2.3184
0
3DFACE
8
S_UMGEBUNG_GELAENDE
10
10.0000
20
125.0000
30
2.3184
11
15.0000
21
125.0000
31
2.4498
12
15.0000
22
130.0000
32
2.5398
13
10.0000
23
130.0000
33
2.4084
0
3DFACE
8
S_UMGEBUNG_GELAENDE
10
10.0000
20
130.0000
30
2.4084
11
15.0000
21
130.0000
31
2.5398
12
15.0000
22
135.0000
32
2.6298
13
10.0000
23
135.0000
33
2.4984
0
3DFACE
8
S_UMGEBUNG_GELAENDE
10
10.0000
20
135.0000
30
2.4984
11
15.0000
21
135.0000
31
2.6298
12
15.0000
22
140.0000
32
2.7198
13
10.0000
23
140.0000
33
2.5884
0
3DFACE
8
S_UMGEBUNG_GELAENDE
10
10.0000
20
140.0000
30
2.5884
11
15.0000
21
140.0000
31
2.7198
12
15.0000
22
145.0000
32
2.8098
13
10.0000
23
145.0000
33
2.6784
0
3DFACE
8
S_UMGEBUNG_GELAENDE
10
10.0000
20
145.0000
30
2.6784
11
15.0000
21
145.0000
31
2.8098
12
15.0000
22
150.0000
32
2.8998
13
10.0000
23
150.0000
33
2.7684
0
3DFACE
8
S_UMGEBUNG_GELAENDE
10
15.0000
20
-150.0000
30
-2.5002
11
20.0000
21
-150.0000
31
-2.3723
12
20.0000
22
-145.0000
32
-2.2823
13
15.0000
23
-145.0000
33
-2.4102
0
3DFACE
8
S_UMGEBUNG_GELAENDE
10
15.0000
20
-145.0000
30
-2.4102
11
20.0000
21
-145.0000
31
-2.2823
12
20.0000
22
-140.0000
32
-2.1923
13
15.0000
23
-140.0000
33
-2.3202
0
3DFACE
8
S_UMGEBUNG_GELAENDE
10
15.0000
20
-140.0000
30
-2.3202
11
20.0000
21
-140.0000
31
-2.1923
12
20.0000
22
-135.0000
32
-2.1023
13
15.0000
23
-135.0000
33
-2.2302
0
3DFACE
8
S_UMGEBUNG_GELAENDE
10
15.0000
20
-135.0000
30
-2.2302
11
20.0000
21
-135.0000
31
-2.1023
12
20.0000
22
-130.0000
32
-2.0123
13
15.0000
23
-130.0000
33
-2.1402
0
3DFACE
8
S_UMGEBUNG_GELAENDE
10
15.0000
20
-130.0000
30
-2.1402
11
20.0000
21
-130.0000
31
-2.0123
12
20.0000
22
-125.0000
32
-1.9223
13
15.0000
23
-125.0000
33
-2.0502
0
3DFACE
8
S_UMGEBUNG_GELAENDE
10
15.0000
20
-125.0000
30
-2.0502
11
20.0000
21
-125.0000
31
-1.9223
12
20.0000
22
-120.0000
32
-1.8323
13
15.0000
23
-120.0000
33
-1.9602
0
3DFACE
8
S_UMGEBUNG_GELAENDE
10
15.0000
20
-120.0000
30
-1.9602
11
20.0000
21
-120.0000
31
-1.8323
12
20.0000
22
-115.0000
32
-1.7423
13
15.0000
23
-115.0000
33
-1.8702
0
3DFACE
8
S_UMGEBUNG_GELAENDE
10
15.0000
20
-115.0000
30
-1.8702
11
20.0000
21
-115.0000
31
-1.7423
12
20.0000
22
-110.0000
32
-1.6523
13
15.0000
23
-110.0000
33
-1.7802
0
3DFACE
8
S_UMGEBUNG_GELAENDE
10
15.0000
20
-110.0000
30
-1.7802
11
20.0000
21
-110.0000
31
-1.6523
12
20.0000
22
-105.0000
32
-1.5623
13
15.0000
23
-105.0000
33
-1.6902
0
3DFACE
8
S_UMGEBUNG_GELAENDE
10
15.0000
20
-105.0000
30
-1.6902
11
20.0000
21
-105.0000
31
-1.5623
12
20.0000
22
-100.0000
32
-1.4723
13
15.0000
23
-100.0000
33
-1.6002
0
3DFACE
8
S_UMGEBUNG_GELAENDE
10
15.0000
20
-100.0000
30
-1.6002
11
20.0000
21
-100.0000
31
-1.4723
12
20.0000
22
-95.0000
32
-1.3823
13
15.0000
23
-95.0000
33
-1.5102
0
3DFACE
8
S_UMGEBUNG_GELAENDE
10
15.0000
20
-95.0000
30
-1.5102
11
20.0000
21
-95.0000
31
-1.3823
12
20.0000
22
-90.0000
32
-1.2923
13
15.0000
23
-90.0000
33
-1.4202
0
3DFACE
8
S_UMGEBUNG_GELAENDE
10
15.0000
20
-90.0000
30
-1.4202
11
20.0000
21
-90.0000
31
-1.2923
12
20.0000
22
-85.0000
32
-1.2023
13
15.0000
23
-85.0000
33
-1.3302
0
3DFACE
8
S_UMGEBUNG_GELAENDE
10
15.0000
20
-85.0000
30
-1.3302
11
20.0000
21
-85.0000
31
-1.2023
12
20.0000
22
-80.0000
32
-1.1123
13
15.0000
23
-80.0000
33
-1.2402
0
3DFACE
8
S_UMGEBUNG_GELAENDE
10
15.0000
20
-80.0000
30
-1.2402
11
20.0000
21
-80.0000
31
-1.1123
12
20.0000
22
-75.0000
32
-1.0223
13
15.0000
23
-75.0000
33
-1.1502
0
3DFACE
8
S_UMGEBUNG_GELAENDE
10
15.0000
20
-75.0000
30
-1.1502
11
20.0000
21
-75.0000
31
-1.0223
12
20.0000
22
-70.0000
32
-0.9323
13
15.0000
23
-70.0000
33
-1.0602
0
3DFACE
8
S_UMGEBUNG_GELAENDE
10
15.0000
20
-70.0000
30
-1.0602
11
20.0000
21
-70.0000
31
-0.9323
12
20.0000
22
-65.0000
32
-0.8423
13
15.0000
23
-65.0000
33
-0.9702
0
3DFACE
8
S_UMGEBUNG_GELAENDE
10
15.0000
20
-65.0000
30
-0.9702
11
20.0000
21
-65.0000
31
-0.8423
12
20.0000
22
-60.0000
32
-0.7523
13
15.0000
23
-60.0000
33
-0.8802
0
3DFACE
8
S_UMGEBUNG_GELAENDE
10
15.0000
20
-60.0000
30
-0.8802
11
20.0000
21
-60.0000
31
-0.7523
12
20.0000
22
-55.0000
32
-0.6623
13
15.0000
23
-55.0000
33
-0.7902
0
3DFACE
8
S_UMGEBUNG_GELAENDE
10
15.0000
20
-55.0000
30
-0.7902
11
20.0000
21
-55.0000
31
-0.6623
12
20.0000
22
-50.0000
32
-0.5723
13
15.0000
23
-50.0000
33
-0.7002
0
3DFACE
8
S_UMGEBUNG_GELAENDE
10
15.0000
20
-50.0000
30
-0.7002
11
20.0000
21
-50.0000
31
-0.5723
12
20.0000
22
-45.0000
32
-0.4823
13
15.0000
23
-45.0000
33
-0.6102
0
3DFACE
8
S_UMGEBUNG_GELAENDE
10
15.0000
20
-45.0000
30
-0.6102
11
20.0000
21
-45.0000
31
-0.4823
12
20.0000
22
-40.0000
32
-0.3923
13
15.0000
23
-40.0000
33
-0.5202
0
3DFACE
8
S_UMGEBUNG_GELAENDE
10
15.0000
20
-40.0000
30
-0.5202
11
20.0000
21
-40.0000
31
-0.3923
12
20.0000
22
-35.0000
32
-0.3023
13
15.0000
23
-35.0000
33
-0.4302
0
3DFACE
8
S_UMGEBUNG_GELAENDE
10
15.0000
20
-35.0000
30
-0.4302
11
20.0000
21
-35.0000
31
-0.3023
12
20.0000
22
-30.0000
32
-0.2123
13
15.0000
23
-30.0000
33
-0.3402
0
3DFACE
8
S_UMGEBUNG_GELAENDE
10
15.0000
20
-30.0000
30
-0.3402
11
20.0000
21
-30.0000
31
-0.2123
12
20.0000
22
-25.0000
32
-0.1223
13
15.0000
23
-25.0000
33
-0.2502
0
3DFACE
8
S_UMGEBUNG_GELAENDE
10
15.0000
20
-25.0000
30
-0.2502
11
20.0000
21
-25.0000
31
-0.1223
12
20.0000
22
-20.0000
32
-0.0323
13
15.0000
23
-20.0000
33
-0.1602
0
3DFACE
8
S_UMGEBUNG_GELAENDE
10
15.0000
20
-20.0000
30
-0.1602
11
20.0000
21
-20.0000
31
-0.0323
12
20.0000
22
-15.0000
32
0.0577
13
15.0000
23
-15.0000
33
-0.0702
0
3DFACE
8
S_UMGEBUNG_GELAENDE
10
15.0000
20
-15.0000
30
-0.0702
11
20.0000
21
-15.0000
31
0.0577
12
20.0000
22
-10.0000
32
0.1477
13
15.0000
23
-10.0000
33
0.0198
0
3DFACE
8
S_UMGEBUNG_GELAENDE
10
15.0000
20
-10.0000
30
0.0198
11
20.0000
21
-10.0000
31
0.1477
12
20.0000
22
-5.0000
32
0.2377
13
15.0000
23
-5.0000
33
0.1098
0
3DFACE
8
S_UMGEBUNG_GELAENDE
10
15.0000
20
-5.0000
30
0.1098
11
20.0000
21
-5.0000
31
0.2377
12
20.0000
22
0.0000
32
0.3277
13
15.0000
23
0.0000
33
0.1998
0
3DFACE
8
S_UMGEBUNG_GELAENDE
10
15.0000
20
0.0000
30
0.1998
11
20.0000
21
0.0000
31
0.3277
12
20.0000
22
5.0000
32
0.4177
13
15.0000
23
5.0000
33
0.2898
0
3DFACE
8
S_UMGEBUNG_GELAENDE
10
15.0000
20
5.0000
30
0.2898
11
20.0000
21
5.0000
31
0.4177
12
20.0000
22
10.0000
32
0.5077
13
15.0000
23
10.0000
33
0.3798
0
3DFACE
8
S_UMGEBUNG_GELAENDE
10
15.0000
20
10.0000
30
0.3798
11
20.0000
21
10.0000
31
0.5077
12
20.0000
22
15.0000
32
0.5977
13
15.0000
23
15.0000
33
0.4698
0
3DFACE
8
S_UMGEBUNG_GELAENDE
10
15.0000
20
15.0000
30
0.4698
11
20.0000
21
15.0000
31
0.5977
12
20.0000
22
20.0000
32
0.6877
13
15.0000
23
20.0000
33
0.5598
0
3DFACE
8
S_UMGEBUNG_GELAENDE
10
15.0000
20
20.0000
30
0.5598
11
20.0000
21
20.0000
31
0.6877
12
20.0000
22
25.0000
32
0.7777
13
15.0000
23
25.0000
33
0.6498
0
3DFACE
8
S_UMGEBUNG_GELAENDE
10
15.0000
20
25.0000
30
0.6498
11
20.0000
21
25.0000
31
0.7777
12
20.0000
22
30.0000
32
0.8677
13
15.0000
23
30.0000
33
0.7398
0
3DFACE
8
S_UMGEBUNG_GELAENDE
10
15.0000
20
30.0000
30
0.7398
11
20.0000
21
30.0000
31
0.8677
12
20.0000
22
35.0000
32
0.9577
13
15.0000
23
35.0000
33
0.8298
0
3DFACE
8
S_UMGEBUNG_GELAENDE
10
15.0000
20
35.0000
30
0.8298
11
20.0000
21
35.0000
31
0.9577
12
20.0000
22
40.0000
32
1.0477
13
15.0000
23
40.0000
33
0.9198
0
3DFACE
8
S_UMGEBUNG_GELAENDE
10
15.0000
20
40.0000
30
0.9198
11
20.0000
21
40.0000
31
1.0477
12
20.0000
22
45.0000
32
1.1377
13
15.0000
23
45.0000
33
1.0098
0
3DFACE
8
S_UMGEBUNG_GELAENDE
10
15.0000
20
45.0000
30
1.0098
11
20.0000
21
45.0000
31
1.1377
12
20.0000
22
50.0000
32
1.2277
13
15.0000
23
50.0000
33
1.0998
0
3DFACE
8
S_UMGEBUNG_GELAENDE
10
15.0000
20
50.0000
30
1.0998
11
20.0000
21
50.0000
31
1.2277
12
20.0000
22
55.0000
32
1.3177
13
15.0000
23
55.0000
33
1.1898
0
3DFACE
8
S_UMGEBUNG_GELAENDE
10
15.0000
20
55.0000
30
1.1898
11
20.0000
21
55.0000
31
1.3177
12
20.0000
22
60.0000
32
1.4077
13
15.0000
23
60.0000
33
1.2798
0
3DFACE
8
S_UMGEBUNG_GELAENDE
10
15.0000
20
60.0000
30
1.2798
11
20.0000
21
60.0000
31
1.4077
12
20.0000
22
65.0000
32
1.4977
13
15.0000
23
65.0000
33
1.3698
0
3DFACE
8
S_UMGEBUNG_GELAENDE
10
15.0000
20
65.0000
30
1.3698
11
20.0000
21
65.0000
31
1.4977
12
20.0000
22
70.0000
32
1.5877
13
15.0000
23
70.0000
33
1.4598
0
3DFACE
8
S_UMGEBUNG_GELAENDE
10
15.0000
20
70.0000
30
1.4598
11
20.0000
21
70.0000
31
1.5877
12
20.0000
22
75.0000
32
1.6777
13
15.0000
23
75.0000
33
1.5498
0
3DFACE
8
S_UMGEBUNG_GELAENDE
10
15.0000
20
75.0000
30
1.5498
11
20.0000
21
75.0000
31
1.6777
12
20.0000
22
80.0000
32
1.7677
13
15.0000
23
80.0000
33
1.6398
0
3DFACE
8
S_UMGEBUNG_GELAENDE
10
15.0000
20
80.0000
30
1.6398
11
20.0000
21
80.0000
31
1.7677
12
20.0000
22
85.0000
32
1.8577
13
15.0000
23
85.0000
33
1.7298
0
3DFACE
8
S_UMGEBUNG_GELAENDE
10
15.0000
20
85.0000
30
1.7298
11
20.0000
21
85.0000
31
1.8577
12
20.0000
22
90.0000
32
1.9477
13
15.0000
23
90.0000
33
1.8198
0
3DFACE
8
S_UMGEBUNG_GELAENDE
10
15.0000
20
90.0000
30
1.8198
11
20.0000
21
90.0000
31
1.9477
12
20.0000
22
95.0000
32
2.0377
13
15.0000
23
95.0000
33
1.9098
0
3DFACE
8
S_UMGEBUNG_GELAENDE
10
15.0000
20
95.0000
30
1.9098
11
20.0000
21
95.0000
31
2.0377
12
20.0000
22
100.0000
32
2.1277
13
15.0000
23
100.0000
33
1.9998
0
3DFACE
8
S_UMGEBUNG_GELAENDE
10
15.0000
20
100.0000
30
1.9998
11
20.0000
21
100.0000
31
2.1277
12
20.0000
22
105.0000
32
2.2177
13
15.0000
23
105.0000
33
2.0898
0
3DFACE
8
S_UMGEBUNG_GELAENDE
10
15.0000
20
105.0000
30
2.0898
11
20.0000
21
105.0000
31
2.2177
12
20.0000
22
110.0000
32
2.3077
13
15.0000
23
110.0000
33
2.1798
0
3DFACE
8
S_UMGEBUNG_GELAENDE
10
15.0000
20
110.0000
30
2.1798
11
20.0000
21
110.0000
31
2.3077
12
20.0000
22
115.0000
32
2.3977
13
15.0000
23
115.0000
33
2.2698
0
3DFACE
8
S_UMGEBUNG_GELAENDE
10
15.0000
20
115.0000
30
2.2698
11
20.0000
21
115.0000
31
2.3977
12
20.0000
22
120.0000
32
2.4877
13
15.0000
23
120.0000
33
2.3598
0
3DFACE
8
S_UMGEBUNG_GELAENDE
10
15.0000
20
120.0000
30
2.3598
11
20.0000
21
120.0000
31
2.4877
12
20.0000
22
125.0000
32
2.5777
13
15.0000
23
125.0000
33
2.4498
0
3DFACE
8
S_UMGEBUNG_GELAENDE
10
15.0000
20
125.0000
30
2.4498
11
20.0000
21
125.0000
31
2.5777
12
20.0000
22
130.0000
32
2.6677
13
15.0000
23
130.0000
33
2.5398
0
3DFACE
8
S_UMGEBUNG_GELAENDE
10
15.0000
20
130.0000
30
2.5398
11
20.0000
21
130.0000
31
2.6677
12
20.0000
22
135.0000
32
2.7577
13
15.0000
23
135.0000
33
2.6298
0
3DFACE
8
S_UMGEBUNG_GELAENDE
10
15.0000
20
135.0000
30
2.6298
11
20.0000
21
135.0000
31
2.7577
12
20.0000
22
140.0000
32
2.8477
13
15.0000
23
140.0000
33
2.7198
0
3DFACE
8
S_UMGEBUNG_GELAENDE
10
15.0000
20
140.0000
30
2.7198
11
20.0000
21
140.0000
31
2.8477
12
20.0000
22
145.0000
32
2.9377
13
15.0000
23
145.0000
33
2.8098
0
3DFACE
8
S_UMGEBUNG_GELAENDE
10
15.0000
20
145.0000
30
2.8098
11
20.0000
21
145.0000
31
2.9377
12
20.0000
22
150.0000
32
3.0277
13
15.0000
23
150.0000
33
2.8998
0
3DFACE
8
S_UMGEBUNG_GELAENDE
10
20.0000
20
-150.0000
30
-2.3723
11
25.0000
21
-150.0000
31
-2.2489
12
25.0000
22
-145.0000
32
-2.1589
13
20.0000
23
-145.0000
33
-2.2823
0
3DFACE
8
S_UMGEBUNG_GELAENDE
10
20.0000
20
-145.0000
30
-2.2823
11
25.0000
21
-145.0000
31
-2.1589
12
25.0000
22
-140.0000
32
-2.0689
13
20.0000
23
-140.0000
33
-2.1923
0
3DFACE
8
S_UMGEBUNG_GELAENDE
10
20.0000
20
-140.0000
30
-2.1923
11
25.0000
21
-140.0000
31
-2.0689
12
25.0000
22
-135.0000
32
-1.9789
13
20.0000
23
-135.0000
33
-2.1023
0
3DFACE
8
S_UMGEBUNG_GELAENDE
10
20.0000
20
-135.0000
30
-2.1023
11
25.0000
21
-135.0000
31
-1.9789
12
25.0000
22
-130.0000
32
-1.8889
13
20.0000
23
-130.0000
33
-2.0123
0
3DFACE
8
S_UMGEBUNG_GELAENDE
10
20.0000
20
-130.0000
30
-2.0123
11
25.0000
21
-130.0000
31
-1.8889
12
25.0000
22
-125.0000
32
-1.7989
13
20.0000
23
-125.0000
33
-1.9223
0
3DFACE
8
S_UMGEBUNG_GELAENDE
10
20.0000
20
-125.0000
30
-1.9223
11
25.0000
21
-125.0000
31
-1.7989
12
25.0000
22
-120.0000
32
-1.7089
13
20.0000
23
-120.0000
33
-1.8323
0
3DFACE
8
S_UMGEBUNG_GELAENDE
10
20.0000
20
-120.0000
30
-1.8323
11
25.0000
21
-120.0000
31
-1.7089
12
25.0000
22
-115.0000
32
-1.6189
13
20.0000
23
-115.0000
33
-1.7423
0
3DFACE
8
S_UMGEBUNG_GELAENDE
10
20.0000
20
-115.0000
30
-1.7423
11
25.0000
21
-115.0000
31
-1.6189
12
25.0000
22
-110.0000
32
-1.5289
13
20.0000
23
-110.0000
33
-1.6523
0
3DFACE
8
S_UMGEBUNG_GELAENDE
10
20.0000
20
-110.0000
30
-1.6523
11
25.0000
21
-110.0000
31
-1.5289
12
25.0000
22
-105.0000
32
-1.4389
13
20.0000
23
-105.0000
33
-1.5623
0
3DFACE
8
S_UMGEBUNG_GELAENDE
10
20.0000
20
-105.0000
30
-1.5623
11
25.0000
21
-105.0000
31
-1.4389
12
25.0000
22
-100.0000
32
-1.3489
13
20.0000
23
-100.0000
33
-1.4723
0
3DFACE
8
S_UMGEBUNG_GELAENDE
10
20.0000
20
-100.0000
30
-1.4723
11
25.0000
21
-100.0000
31
-1.3489
12
25.0000
22
-95.0000
32
-1.2589
13
20.0000
23
-95.0000
33
-1.3823
0
3DFACE
8
S_UMGEBUNG_GELAENDE
10
20.0000
20
-95.0000
30
-1.3823
11
25.0000
21
-95.0000
31
-1.2589
12
25.0000
22
-90.0000
32
-1.1689
13
20.0000
23
-90.0000
33
-1.2923
0
3DFACE
8
S_UMGEBUNG_GELAENDE
10
20.0000
20
-90.0000
30
-1.2923
11
25.0000
21
-90.0000
31
-1.1689
12
25.0000
22
-85.0000
32
-1.0789
13
20.0000
23
-85.0000
33
-1.2023
0
3DFACE
8
S_UMGEBUNG_GELAENDE
10
20.0000
20
-85.0000
30
-1.2023
11
25.0000
21
-85.0000
31
-1.0789
12
25.0000
22
-80.0000
32
-0.9889
13
20.0000
23
-80.0000
33
-1.1123
0
3DFACE
8
S_UMGEBUNG_GELAENDE
10
20.0000
20
-80.0000
30
-1.1123
11
25.0000
21
-80.0000
31
-0.9889
12
25.0000
22
-75.0000
32
-0.8989
13
20.0000
23
-75.0000
33
-1.0223
0
3DFACE
8
S_UMGEBUNG_GELAENDE
10
20.0000
20
-75.0000
30
-1.0223
11
25.0000
21
-75.0000
31
-0.8989
12
25.0000
22
-70.0000
32
-0.8089
13
20.0000
23
-70.0000
33
-0.9323
0
3DFACE
8
S_UMGEBUNG_GELAENDE
10
20.0000
20
-70.0000
30
-0.9323
11
25.0000
21
-70.0000
31
-0.8089
12
25.0000
22
-65.0000
32
-0.7189
13
20.0000
23
-65.0000
33
-0.8423
0
3DFACE
8
S_UMGEBUNG_GELAENDE
10
20.0000
20
-65.0000
30
-0.8423
11
25.0000
21
-65.0000
31
-0.7189
12
25.0000
22
-60.0000
32
-0.6289
13
20.0000
23
-60.0000
33
-0.7523
0
3DFACE
8
S_UMGEBUNG_GELAENDE
10
20.0000
20
-60.0000
30
-0.7523
11
25.0000
21
-60.0000
31
-0.6289
12
25.0000
22
-55.0000
32
-0.5389
13
20.0000
23
-55.0000
33
-0.6623
0
3DFACE
8
S_UMGEBUNG_GELAENDE
10
20.0000
20
-55.0000
30
-0.6623
11
25.0000
21
-55.0000
31
-0.5389
12
25.0000
22
-50.0000
32
-0.4489
13
20.0000
23
-50.0000
33
-0.5723
0
3DFACE
8
S_UMGEBUNG_GELAENDE
10
20.0000
20
-50.0000
30
-0.5723
11
25.0000
21
-50.0000
31
-0.4489
12
25.0000
22
-45.0000
32
-0.3589
13
20.0000
23
-45.0000
33
-0.4823
0
3DFACE
8
S_UMGEBUNG_GELAENDE
10
20.0000
20
-45.0000
30
-0.4823
11
25.0000
21
-45.0000
31
-0.3589
12
25.0000
22
-40.0000
32
-0.2689
13
20.0000
23
-40.0000
33
-0.3923
0
3DFACE
8
S_UMGEBUNG_GELAENDE
10
20.0000
20
-40.0000
30
-0.3923
11
25.0000
21
-40.0000
31
-0.2689
12
25.0000
22
-35.0000
32
-0.1789
13
20.0000
23
-35.0000
33
-0.3023
0
3DFACE
8
S_UMGEBUNG_GELAENDE
10
20.0000
20
-35.0000
30
-0.3023
11
25.0000
21
-35.0000
31
-0.1789
12
25.0000
22
-30.0000
32
-0.0889
13
20.0000
23
-30.0000
33
-0.2123
0
3DFACE
8
S_UMGEBUNG_GELAENDE
10
20.0000
20
-30.0000
30
-0.2123
11
25.0000
21
-30.0000
31
-0.0889
12
25.0000
22
-25.0000
32
0.0011
13
20.0000
23
-25.0000
33
-0.1223
0
3DFACE
8
S_UMGEBUNG_GELAENDE
10
20.0000
20
-25.0000
30
-0.1223
11
25.0000
21
-25.0000
31
0.0011
12
25.0000
22
-20.0000
32
0.0911
13
20.0000
23
-20.0000
33
-0.0323
0
3DFACE
8
S_UMGEBUNG_GELAENDE
10
20.0000
20
-20.0000
30
-0.0323
11
25.0000
21
-20.0000
31
0.0911
12
25.0000
22
-15.0000
32
0.1811
13
20.0000
23
-15.0000
33
0.0577
0
3DFACE
8
S_UMGEBUNG_GELAENDE
10
20.0000
20
-15.0000
30
0.0577
11
25.0000
21
-15.0000
31
0.1811
12
25.0000
22
-10.0000
32
0.2711
13
20.0000
23
-10.0000
33
0.1477
0
3DFACE
8
S_UMGEBUNG_GELAENDE
10
20.0000
20
-10.0000
30
0.1477
11
25.0000
21
-10.0000
31
0.2711
12
25.0000
22
-5.0000
32
0.3611
13
20.0000
23
-5.0000
33
0.2377
0
3DFACE
8
S_UMGEBUNG_GELAENDE
10
20.0000
20
-5.0000
30
0.2377
11
25.0000
21
-5.0000
31
0.3611
12
25.0000
22
0.0000
32
0.4511
13
20.0000
23
0.0000
33
0.3277
0
3DFACE
8
S_UMGEBUNG_GELAENDE
10
20.0000
20
0.0000
30
0.3277
11
25.0000
21
0.0000
31
0.4511
12
25.0000
22
5.0000
32
0.5411
13
20.0000
23
5.0000
33
0.4177
0
3DFACE
8
S_UMGEBUNG_GELAENDE
10
20.0000
20
5.0000
30
0.4177
11
25.0000
21
5.0000
31
0.5411
12
25.0000
22
10.0000
32
0.6311
13
20.0000
23
10.0000
33
0.5077
0
3DFACE
8
S_UMGEBUNG_GELAENDE
10
20.0000
20
10.0000
30
0.5077
11
25.0000
21
10.0000
31
0.6311
12
25.0000
22
15.0000
32
0.7211
13
20.0000
23
15.0000
33
0.5977
0
3DFACE
8
S_UMGEBUNG_GELAENDE
10
20.0000
20
15.0000
30
0.5977
11
25.0000
21
15.0000
31
0.7211
12
25.0000
22
20.0000
32
0.8111
13
20.0000
23
20.0000
33
0.6877
0
3DFACE
8
S_UMGEBUNG_GELAENDE
10
20.0000
20
20.0000
30
0.6877
11
25.0000
21
20.0000
31
0.8111
12
25.0000
22
25.0000
32
0.9011
13
20.0000
23
25.0000
33
0.7777
0
3DFACE
8
S_UMGEBUNG_GELAENDE
10
20.0000
20
25.0000
30
0.7777
11
25.0000
21
25.0000
31
0.9011
12
25.0000
22
30.0000
32
0.9911
13
20.0000
23
30.0000
33
0.8677
0
3DFACE
8
S_UMGEBUNG_GELAENDE
10
20.0000
20
30.0000
30
0.8677
11
25.0000
21
30.0000
31
0.9911
12
25.0000
22
35.0000
32
1.0811
13
20.0000
23
35.0000
33
0.9577
0
3DFACE
8
S_UMGEBUNG_GELAENDE
10
20.0000
20
35.0000
30
0.9577
11
25.0000
21
35.0000
31
1.0811
12
25.0000
22
40.0000
32
1.1711
13
20.0000
23
40.0000
33
1.0477
0
3DFACE
8
S_UMGEBUNG_GELAENDE
10
20.0000
20
40.0000
30
1.0477
11
25.0000
21
40.0000
31
1.1711
12
25.0000
22
45.0000
32
1.2611
13
20.0000
23
45.0000
33
1.1377
0
3DFACE
8
S_UMGEBUNG_GELAENDE
10
20.0000
20
45.0000
30
1.1377
11
25.0000
21
45.0000
31
1.2611
12
25.0000
22
50.0000
32
1.3511
13
20.0000
23
50.0000
33
1.2277
0
3DFACE
8
S_UMGEBUNG_GELAENDE
10
20.0000
20
50.0000
30
1.2277
11
25.0000
21
50.0000
31
1.3511
12
25.0000
22
55.0000
32
1.4411
13
20.0000
23
55.0000
33
1.3177
0
3DFACE
8
S_UMGEBUNG_GELAENDE
10
20.0000
20
55.0000
30
1.3177
11
25.0000
21
55.0000
31
1.4411
12
25.0000
22
60.0000
32
1.5311
13
20.0000
23
60.0000
33
1.4077
0
3DFACE
8
S_UMGEBUNG_GELAENDE
10
20.0000
20
60.0000
30
1.4077
11
25.0000
21
60.0000
31
1.5311
12
25.0000
22
65.0000
32
1.6211
13
20.0000
23
65.0000
33
1.4977
0
3DFACE
8
S_UMGEBUNG_GELAENDE
10
20.0000
20
65.0000
30
1.4977
11
25.0000
21
65.0000
31
1.6211
12
25.0000
22
70.0000
32
1.7111
13
20.0000
23
70.0000
33
1.5877
0
3DFACE
8
S_UMGEBUNG_GELAENDE
10
20.0000
20
70.0000
30
1.5877
11
25.0000
21
70.0000
31
1.7111
12
25.0000
22
75.0000
32
1.8011
13
20.0000
23
75.0000
33
1.6777
0
3DFACE
8
S_UMGEBUNG_GELAENDE
10
20.0000
20
75.0000
30
1.6777
11
25.0000
21
75.0000
31
1.8011
12
25.0000
22
80.0000
32
1.8911
13
20.0000
23
80.0000
33
1.7677
0
3DFACE
8
S_UMGEBUNG_GELAENDE
10
20.0000
20
80.0000
30
1.7677
11
25.0000
21
80.0000
31
1.8911
12
25.0000
22
85.0000
32
1.9811
13
20.0000
23
85.0000
33
1.8577
0
3DFACE
8
S_UMGEBUNG_GELAENDE
10
20.0000
20
85.0000
30
1.8577
11
25.0000
21
85.0000
31
1.9811
12
25.0000
22
90.0000
32
2.0711
13
20.0000
23
90.0000
33
1.9477
0
3DFACE
8
S_UMGEBUNG_GELAENDE
10
20.0000
20
90.0000
30
1.9477
11
25.0000
21
90.0000
31
2.0711
12
25.0000
22
95.0000
32
2.1611
13
20.0000
23
95.0000
33
2.0377
0
3DFACE
8
S_UMGEBUNG_GELAENDE
10
20.0000
20
95.0000
30
2.0377
11
25.0000
21
95.0000
31
2.1611
12
25.0000
22
100.0000
32
2.2511
13
20.0000
23
100.0000
33
2.1277
0
3DFACE
8
S_UMGEBUNG_GELAENDE
10
20.0000
20
100.0000
30
2.1277
11
25.0000
21
100.0000
31
2.2511
12
25.0000
22
105.0000
32
2.3411
13
20.0000
23
105.0000
33
2.2177
0
3DFACE
8
S_UMGEBUNG_GELAENDE
10
20.0000
20
105.0000
30
2.2177
11
25.0000
21
105.0000
31
2.3411
12
25.0000
22
110.0000
32
2.4311
13
20.0000
23
110.0000
33
2.3077
0
3DFACE
8
S_UMGEBUNG_GELAENDE
10
20.0000
20
110.0000
30
2.3077
11
25.0000
21
110.0000
31
2.4311
12
25.0000
22
115.0000
32
2.5211
13
20.0000
23
115.0000
33
2.3977
0
3DFACE
8
S_UMGEBUNG_GELAENDE
10
20.0000
20
115.0000
30
2.3977
11
25.0000
21
115.0000
31
2.5211
12
25.0000
22
120.0000
32
2.6111
13
20.0000
23
120.0000
33
2.4877
0
3DFACE
8
S_UMGEBUNG_GELAENDE
10
20.0000
20
120.0000
30
2.4877
11
25.0000
21
120.0000
31
2.6111
12
25.0000
22
125.0000
32
2.7011
13
20.0000
23
125.0000
33
2.5777
0
3DFACE
8
S_UMGEBUNG_GELAENDE
10
20.0000
20
125.0000
30
2.5777
11
25.0000
21
125.0000
31
2.7011
12
25.0000
22
130.0000
32
2.7911
13
20.0000
23
130.0000
33
2.6677
0
3DFACE
8
S_UMGEBUNG_GELAENDE
10
20.0000
20
130.0000
30
2.6677
11
25.0000
21
130.0000
31
2.7911
12
25.0000
22
135.0000
32
2.8811
13
20.0000
23
135.0000
33
2.7577
0
3DFACE
8
S_UMGEBUNG_GELAENDE
10
20.0000
20
135.0000
30
2.7577
11
25.0000
21
135.0000
31
2.8811
12
25.0000
22
140.0000
32
2.9711
13
20.0000
23
140.0000
33
2.8477
0
3DFACE
8
S_UMGEBUNG_GELAENDE
10
20.0000
20
140.0000
30
2.8477
11
25.0000
21
140.0000
31
2.9711
12
25.0000
22
145.0000
32
3.0611
13
20.0000
23
145.0000
33
2.9377
0
3DFACE
8
S_UMGEBUNG_GELAENDE
10
20.0000
20
145.0000
30
2.9377
11
25.0000
21
145.0000
31
3.0611
12
25.0000
22
150.0000
32
3.1511
13
20.0000
23
150.0000
33
3.0277
0
3DFACE
8
S_UMGEBUNG_GELAENDE
10
25.0000
20
-145.0000
30
-2.1589
11
30.0000
21
-145.0000
31
-2.0410
12
30.0000
22
-140.0000
32
-1.9510
13
25.0000
23
-140.0000
33
-2.0689
0
3DFACE
8
S_UMGEBUNG_GELAENDE
10
25.0000
20
-140.0000
30
-2.0689
11
30.0000
21
-140.0000
31
-1.9510
12
30.0000
22
-135.0000
32
-1.8610
13
25.0000
23
-135.0000
33
-1.9789
0
3DFACE
8
S_UMGEBUNG_GELAENDE
10
25.0000
20
-135.0000
30
-1.9789
11
30.0000
21
-135.0000
31
-1.8610
12
30.0000
22
-130.0000
32
-1.7710
13
25.0000
23
-130.0000
33
-1.8889
0
3DFACE
8
S_UMGEBUNG_GELAENDE
10
25.0000
20
-130.0000
30
-1.8889
11
30.0000
21
-130.0000
31
-1.7710
12
30.0000
22
-125.0000
32
-1.6810
13
25.0000
23
-125.0000
33
-1.7989
0
3DFACE
8
S_UMGEBUNG_GELAENDE
10
25.0000
20
-125.0000
30
-1.7989
11
30.0000
21
-125.0000
31
-1.6810
12
30.0000
22
-120.0000
32
-1.5910
13
25.0000
23
-120.0000
33
-1.7089
0
3DFACE
8
S_UMGEBUNG_GELAENDE
10
25.0000
20
-120.0000
30
-1.7089
11
30.0000
21
-120.0000
31
-1.5910
12
30.0000
22
-115.0000
32
-1.5010
13
25.0000
23
-115.0000
33
-1.6189
0
3DFACE
8
S_UMGEBUNG_GELAENDE
10
25.0000
20
-115.0000
30
-1.6189
11
30.0000
21
-115.0000
31
-1.5010
12
30.0000
22
-110.0000
32
-1.4110
13
25.0000
23
-110.0000
33
-1.5289
0
3DFACE
8
S_UMGEBUNG_GELAENDE
10
25.0000
20
-110.0000
30
-1.5289
11
30.0000
21
-110.0000
31
-1.4110
12
30.0000
22
-105.0000
32
-1.3210
13
25.0000
23
-105.0000
33
-1.4389
0
3DFACE
8
S_UMGEBUNG_GELAENDE
10
25.0000
20
-105.0000
30
-1.4389
11
30.0000
21
-105.0000
31
-1.3210
12
30.0000
22
-100.0000
32
-1.2310
13
25.0000
23
-100.0000
33
-1.3489
0
3DFACE
8
S_UMGEBUNG_GELAENDE
10
25.0000
20
-100.0000
30
-1.3489
11
30.0000
21
-100.0000
31
-1.2310
12
30.0000
22
-95.0000
32
-1.1410
13
25.0000
23
-95.0000
33
-1.2589
0
3DFACE
8
S_UMGEBUNG_GELAENDE
10
25.0000
20
-95.0000
30
-1.2589
11
30.0000
21
-95.0000
31
-1.1410
12
30.0000
22
-90.0000
32
-1.0510
13
25.0000
23
-90.0000
33
-1.1689
0
3DFACE
8
S_UMGEBUNG_GELAENDE
10
25.0000
20
-90.0000
30
-1.1689
11
30.0000
21
-90.0000
31
-1.0510
12
30.0000
22
-85.0000
32
-0.9610
13
25.0000
23
-85.0000
33
-1.0789
0
3DFACE
8
S_UMGEBUNG_GELAENDE
10
25.0000
20
-85.0000
30
-1.0789
11
30.0000
21
-85.0000
31
-0.9610
12
30.0000
22
-80.0000
32
-0.8710
13
25.0000
23
-80.0000
33
-0.9889
0
3DFACE
8
S_UMGEBUNG_GELAENDE
10
25.0000
20
-80.0000
30
-0.9889
11
30.0000
21
-80.0000
31
-0.8710
12
30.0000
22
-75.0000
32
-0.7810
13
25.0000
23
-75.0000
33
-0.8989
0
3DFACE
8
S_UMGEBUNG_GELAENDE
10
25.0000
20
-75.0000
30
-0.8989
11
30.0000
21
-75.0000
31
-0.7810
12
30.0000
22
-70.0000
32
-0.6910
13
25.0000
23
-70.0000
33
-0.8089
0
3DFACE
8
S_UMGEBUNG_GELAENDE
10
25.0000
20
-70.0000
30
-0.8089
11
30.0000
21
-70.0000
31
-0.6910
12
30.0000
22
-65.0000
32
-0.6010
13
25.0000
23
-65.0000
33
-0.7189
0
3DFACE
8
S_UMGEBUNG_GELAENDE
10
25.0000
20
-65.0000
30
-0.7189
11
30.0000
21
-65.0000
31
-0.6010
12
30.0000
22
-60.0000
32
-0.5110
13
25.0000
23
-60.0000
33
-0.6289
0
3DFACE
8
S_UMGEBUNG_GELAENDE
10
25.0000
20
-60.0000
30
-0.6289
11
30.0000
21
-60.0000
31
-0.5110
12
30.0000
22
-55.0000
32
-0.4210
13
25.0000
23
-55.0000
33
-0.5389
0
3DFACE
8
S_UMGEBUNG_GELAENDE
10
25.0000
20
-55.0000
30
-0.5389
11
30.0000
21
-55.0000
31
-0.4210
12
30.0000
22
-50.0000
32
-0.3310
13
25.0000
23
-50.0000
33
-0.4489
0
3DFACE
8
S_UMGEBUNG_GELAENDE
10
25.0000
20
-50.0000
30
-0.4489
11
30.0000
21
-50.0000
31
-0.3310
12
30.0000
22
-45.0000
32
-0.2410
13
25.0000
23
-45.0000
33
-0.3589
0
3DFACE
8
S_UMGEBUNG_GELAENDE
10
25.0000
20
-45.0000
30
-0.3589
11
30.0000
21
-45.0000
31
-0.2410
12
30.0000
22
-40.0000
32
-0.1510
13
25.0000
23
-40.0000
33
-0.2689
0
3DFACE
8
S_UMGEBUNG_GELAENDE
10
25.0000
20
-40.0000
30
-0.2689
11
30.0000
21
-40.0000
31
-0.1510
12
30.0000
22
-35.0000
32
-0.0610
13
25.0000
23
-35.0000
33
-0.1789
0
3DFACE
8
S_UMGEBUNG_GELAENDE
10
25.0000
20
-35.0000
30
-0.1789
11
30.0000
21
-35.0000
31
-0.0610
12
30.0000
22
-30.0000
32
0.0290
13
25.0000
23
-30.0000
33
-0.0889
0
3DFACE
8
S_UMGEBUNG_GELAENDE
10
25.0000
20
-30.0000
30
-0.0889
11
30.0000
21
-30.0000
31
0.0290
12
30.0000
22
-25.0000
32
0.1190
13
25.0000
23
-25.0000
33
0.0011
0
3DFACE
8
S_UMGEBUNG_GELAENDE
10
25.0000
20
-25.0000
30
0.0011
11
30.0000
21
-25.0000
31
0.1190
12
30.0000
22
-20.0000
32
0.2090
13
25.0000
23
-20.0000
33
0.0911
0
3DFACE
8
S_UMGEBUNG_GELAENDE
10
25.0000
20
-20.0000
30
0.0911
11
30.0000
21
-20.0000
31
0.2090
12
30.0000
22
-15.0000
32
0.2990
13
25.0000
23
-15.0000
33
0.1811
0
3DFACE
8
S_UMGEBUNG_GELAENDE
10
25.0000
20
-15.0000
30
0.1811
11
30.0000
21
-15.0000
31
0.2990
12
30.0000
22
-10.0000
32
0.3890
13
25.0000
23
-10.0000
33
0.2711
0
3DFACE
8
S_UMGEBUNG_GELAENDE
10
25.0000
20
-10.0000
30
0.2711
11
30.0000
21
-10.0000
31
0.3890
12
30.0000
22
-5.0000
32
0.4790
13
25.0000
23
-5.0000
33
0.3611
0
3DFACE
8
S_UMGEBUNG_GELAENDE
10
25.0000
20
-5.0000
30
0.3611
11
30.0000
21
-5.0000
31
0.4790
12
30.0000
22
0.0000
32
0.5690
13
25.0000
23
0.0000
33
0.4511
0
3DFACE
8
S_UMGEBUNG_GELAENDE
10
25.0000
20
0.0000
30
0.4511
11
30.0000
21
0.0000
31
0.5690
12
30.0000
22
5.0000
32
0.6590
13
25.0000
23
5.0000
33
0.5411
0
3DFACE
8
S_UMGEBUNG_GELAENDE
10
25.0000
20
5.0000
30
0.5411
11
30.0000
21
5.0000
31
0.6590
12
30.0000
22
10.0000
32
0.7490
13
25.0000
23
10.0000
33
0.6311
0
3DFACE
8
S_UMGEBUNG_GELAENDE
10
25.0000
20
10.0000
30
0.6311
11
30.0000
21
10.0000
31
0.7490
12
30.0000
22
15.0000
32
0.8390
13
25.0000
23
15.0000
33
0.7211
0
3DFACE
8
S_UMGEBUNG_GELAENDE
10
25.0000
20
15.0000
30
0.7211
11
30.0000
21
15.0000
31
0.8390
12
30.0000
22
20.0000
32
0.9290
13
25.0000
23
20.0000
33
0.8111
0
3DFACE
8
S_UMGEBUNG_GELAENDE
10
25.0000
20
20.0000
30
0.8111
11
30.0000
21
20.0000
31
0.9290
12
30.0000
22
25.0000
32
1.0190
13
25.0000
23
25.0000
33
0.9011
0
3DFACE
8
S_UMGEBUNG_GELAENDE
10
25.0000
20
25.0000
30
0.9011
11
30.0000
21
25.0000
31
1.0190
12
30.0000
22
30.0000
32
1.1090
13
25.0000
23
30.0000
33
0.9911
0
3DFACE
8
S_UMGEBUNG_GELAENDE
10
25.0000
20
30.0000
30
0.9911
11
30.0000
21
30.0000
31
1.1090
12
30.0000
22
35.0000
32
1.1990
13
25.0000
23
35.0000
33
1.0811
0
3DFACE
8
S_UMGEBUNG_GELAENDE
10
25.0000
20
35.0000
30
1.0811
11
30.0000
21
35.0000
31
1.1990
12
30.0000
22
40.0000
32
1.2890
13
25.0000
23
40.0000
33
1.1711
0
3DFACE
8
S_UMGEBUNG_GELAENDE
10
25.0000
20
40.0000
30
1.1711
11
30.0000
21
40.0000
31
1.2890
12
30.0000
22
45.0000
32
1.3790
13
25.0000
23
45.0000
33
1.2611
0
3DFACE
8
S_UMGEBUNG_GELAENDE
10
25.0000
20
45.0000
30
1.2611
11
30.0000
21
45.0000
31
1.3790
12
30.0000
22
50.0000
32
1.4690
13
25.0000
23
50.0000
33
1.3511
0
3DFACE
8
S_UMGEBUNG_GELAENDE
10
25.0000
20
50.0000
30
1.3511
11
30.0000
21
50.0000
31
1.4690
12
30.0000
22
55.0000
32
1.5590
13
25.0000
23
55.0000
33
1.4411
0
3DFACE
8
S_UMGEBUNG_GELAENDE
10
25.0000
20
55.0000
30
1.4411
11
30.0000
21
55.0000
31
1.5590
12
30.0000
22
60.0000
32
1.6490
13
25.0000
23
60.0000
33
1.5311
0
3DFACE
8
S_UMGEBUNG_GELAENDE
10
25.0000
20
60.0000
30
1.5311
11
30.0000
21
60.0000
31
1.6490
12
30.0000
22
65.0000
32
1.7390
13
25.0000
23
65.0000
33
1.6211
0
3DFACE
8
S_UMGEBUNG_GELAENDE
10
25.0000
20
65.0000
30
1.6211
11
30.0000
21
65.0000
31
1.7390
12
30.0000
22
70.0000
32
1.8290
13
25.0000
23
70.0000
33
1.7111
0
3DFACE
8
S_UMGEBUNG_GELAENDE
10
25.0000
20
70.0000
30
1.7111
11
30.0000
21
70.0000
31
1.8290
12
30.0000
22
75.0000
32
1.9190
13
25.0000
23
75.0000
33
1.8011
0
3DFACE
8
S_UMGEBUNG_GELAENDE
10
25.0000
20
75.0000
30
1.8011
11
30.0000
21
75.0000
31
1.9190
12
30.0000
22
80.0000
32
2.0090
13
25.0000
23
80.0000
33
1.8911
0
3DFACE
8
S_UMGEBUNG_GELAENDE
10
25.0000
20
80.0000
30
1.8911
11
30.0000
21
80.0000
31
2.0090
12
30.0000
22
85.0000
32
2.0990
13
25.0000
23
85.0000
33
1.9811
0
3DFACE
8
S_UMGEBUNG_GELAENDE
10
25.0000
20
85.0000
30
1.9811
11
30.0000
21
85.0000
31
2.0990
12
30.0000
22
90.0000
32
2.1890
13
25.0000
23
90.0000
33
2.0711
0
3DFACE
8
S_UMGEBUNG_GELAENDE
10
25.0000
20
90.0000
30
2.0711
11
30.0000
21
90.0000
31
2.1890
12
30.0000
22
95.0000
32
2.2790
13
25.0000
23
95.0000
33
2.1611
0
3DFACE
8
S_UMGEBUNG_GELAENDE
10
25.0000
20
95.0000
30
2.1611
11
30.0000
21
95.0000
31
2.2790
12
30.0000
22
100.0000
32
2.3690
13
25.0000
23
100.0000
33
2.2511
0
3DFACE
8
S_UMGEBUNG_GELAENDE
10
25.0000
20
100.0000
30
2.2511
11
30.0000
21
100.0000
31
2.3690
12
30.0000
22
105.0000
32
2.4590
13
25.0000
23
105.0000
33
2.3411
0
3DFACE
8
S_UMGEBUNG_GELAENDE
10
25.0000
20
105.0000
30
2.3411
11
30.0000
21
105.0000
31
2.4590
12
30.0000
22
110.0000
32
2.5490
13
25.0000
23
110.0000
33
2.4311
0
3DFACE
8
S_UMGEBUNG_GELAENDE
10
25.0000
20
110.0000
30
2.4311
11
30.0000
21
110.0000
31
2.5490
12
30.0000
22
115.0000
32
2.6390
13
25.0000
23
115.0000
33
2.5211
0
3DFACE
8
S_UMGEBUNG_GELAENDE
10
25.0000
20
115.0000
30
2.5211
11
30.0000
21
115.0000
31
2.6390
12
30.0000
22
120.0000
32
2.7290
13
25.0000
23
120.0000
33
2.6111
0
3DFACE
8
S_UMGEBUNG_GELAENDE
10
25.0000
20
120.0000
30
2.6111
11
30.0000
21
120.0000
31
2.7290
12
30.0000
22
125.0000
32
2.8190
13
25.0000
23
125.0000
33
2.7011
0
3DFACE
8
S_UMGEBUNG_GELAENDE
10
25.0000
20
125.0000
30
2.7011
11
30.0000
21
125.0000
31
2.8190
12
30.0000
22
130.0000
32
2.9090
13
25.0000
23
130.0000
33
2.7911
0
3DFACE
8
S_UMGEBUNG_GELAENDE
10
25.0000
20
130.0000
30
2.7911
11
30.0000
21
130.0000
31
2.9090
12
30.0000
22
135.0000
32
2.9990
13
25.0000
23
135.0000
33
2.8811
0
3DFACE
8
S_UMGEBUNG_GELAENDE
10
25.0000
20
135.0000
30
2.8811
11
30.0000
21
135.0000
31
2.9990
12
30.0000
22
140.0000
32
3.0890
13
25.0000
23
140.0000
33
2.9711
0
3DFACE
8
S_UMGEBUNG_GELAENDE
10
25.0000
20
140.0000
30
2.9711
11
30.0000
21
140.0000
31
3.0890
12
30.0000
22
145.0000
32
3.1790
13
25.0000
23
145.0000
33
3.0611
0
3DFACE
8
S_UMGEBUNG_GELAENDE
10
30.0000
20
-145.0000
30
-2.0410
11
35.0000
21
-145.0000
31
-1.9295
12
35.0000
22
-140.0000
32
-1.8395
13
30.0000
23
-140.0000
33
-1.9510
0
3DFACE
8
S_UMGEBUNG_GELAENDE
10
30.0000
20
-140.0000
30
-1.9510
11
35.0000
21
-140.0000
31
-1.8395
12
35.0000
22
-135.0000
32
-1.7495
13
30.0000
23
-135.0000
33
-1.8610
0
3DFACE
8
S_UMGEBUNG_GELAENDE
10
30.0000
20
-135.0000
30
-1.8610
11
35.0000
21
-135.0000
31
-1.7495
12
35.0000
22
-130.0000
32
-1.6595
13
30.0000
23
-130.0000
33
-1.7710
0
3DFACE
8
S_UMGEBUNG_GELAENDE
10
30.0000
20
-130.0000
30
-1.7710
11
35.0000
21
-130.0000
31
-1.6595
12
35.0000
22
-125.0000
32
-1.5695
13
30.0000
23
-125.0000
33
-1.6810
0
3DFACE
8
S_UMGEBUNG_GELAENDE
10
30.0000
20
-125.0000
30
-1.6810
11
35.0000
21
-125.0000
31
-1.5695
12
35.0000
22
-120.0000
32
-1.4795
13
30.0000
23
-120.0000
33
-1.5910
0
3DFACE
8
S_UMGEBUNG_GELAENDE
10
30.0000
20
-120.0000
30
-1.5910
11
35.0000
21
-120.0000
31
-1.4795
12
35.0000
22
-115.0000
32
-1.3895
13
30.0000
23
-115.0000
33
-1.5010
0
3DFACE
8
S_UMGEBUNG_GELAENDE
10
30.0000
20
-115.0000
30
-1.5010
11
35.0000
21
-115.0000
31
-1.3895
12
35.0000
22
-110.0000
32
-1.2995
13
30.0000
23
-110.0000
33
-1.4110
0
3DFACE
8
S_UMGEBUNG_GELAENDE
10
30.0000
20
-110.0000
30
-1.4110
11
35.0000
21
-110.0000
31
-1.2995
12
35.0000
22
-105.0000
32
-1.2095
13
30.0000
23
-105.0000
33
-1.3210
0
3DFACE
8
S_UMGEBUNG_GELAENDE
10
30.0000
20
-105.0000
30
-1.3210
11
35.0000
21
-105.0000
31
-1.2095
12
35.0000
22
-100.0000
32
-1.1195
13
30.0000
23
-100.0000
33
-1.2310
0
3DFACE
8
S_UMGEBUNG_GELAENDE
10
30.0000
20
-100.0000
30
-1.2310
11
35.0000
21
-100.0000
31
-1.1195
12
35.0000
22
-95.0000
32
-1.0295
13
30.0000
23
-95.0000
33
-1.1410
0
3DFACE
8
S_UMGEBUNG_GELAENDE
10
30.0000
20
-95.0000
30
-1.1410
11
35.0000
21
-95.0000
31
-1.0295
12
35.0000
22
-90.0000
32
-0.9395
13
30.0000
23
-90.0000
33
-1.0510
0
3DFACE
8
S_UMGEBUNG_GELAENDE
10
30.0000
20
-90.0000
30
-1.0510
11
35.0000
21
-90.0000
31
-0.9395
12
35.0000
22
-85.0000
32
-0.8495
13
30.0000
23
-85.0000
33
-0.9610
0
3DFACE
8
S_UMGEBUNG_GELAENDE
10
30.0000
20
-85.0000
30
-0.9610
11
35.0000
21
-85.0000
31
-0.8495
12
35.0000
22
-80.0000
32
-0.7595
13
30.0000
23
-80.0000
33
-0.8710
0
3DFACE
8
S_UMGEBUNG_GELAENDE
10
30.0000
20
-80.0000
30
-0.8710
11
35.0000
21
-80.0000
31
-0.7595
12
35.0000
22
-75.0000
32
-0.6695
13
30.0000
23
-75.0000
33
-0.7810
0
3DFACE
8
S_UMGEBUNG_GELAENDE
10
30.0000
20
-75.0000
30
-0.7810
11
35.0000
21
-75.0000
31
-0.6695
12
35.0000
22
-70.0000
32
-0.5795
13
30.0000
23
-70.0000
33
-0.6910
0
3DFACE
8
S_UMGEBUNG_GELAENDE
10
30.0000
20
-70.0000
30
-0.6910
11
35.0000
21
-70.0000
31
-0.5795
12
35.0000
22
-65.0000
32
-0.4895
13
30.0000
23
-65.0000
33
-0.6010
0
3DFACE
8
S_UMGEBUNG_GELAENDE
10
30.0000
20
-65.0000
30
-0.6010
11
35.0000
21
-65.0000
31
-0.4895
12
35.0000
22
-60.0000
32
-0.3995
13
30.0000
23
-60.0000
33
-0.5110
0
3DFACE
8
S_UMGEBUNG_GELAENDE
10
30.0000
20
-60.0000
30
-0.5110
11
35.0000
21
-60.0000
31
-0.3995
12
35.0000
22
-55.0000
32
-0.3095
13
30.0000
23
-55.0000
33
-0.4210
0
3DFACE
8
S_UMGEBUNG_GELAENDE
10
30.0000
20
-55.0000
30
-0.4210
11
35.0000
21
-55.0000
31
-0.3095
12
35.0000
22
-50.0000
32
-0.2195
13
30.0000
23
-50.0000
33
-0.3310
0
3DFACE
8
S_UMGEBUNG_GELAENDE
10
30.0000
20
-50.0000
30
-0.3310
11
35.0000
21
-50.0000
31
-0.2195
12
35.0000
22
-45.0000
32
-0.1295
13
30.0000
23
-45.0000
33
-0.2410
0
3DFACE
8
S_UMGEBUNG_GELAENDE
10
30.0000
20
-45.0000
30
-0.2410
11
35.0000
21
-45.0000
31
-0.1295
12
35.0000
22
-40.0000
32
-0.0395
13
30.0000
23
-40.0000
33
-0.1510
0
3DFACE
8
S_UMGEBUNG_GELAENDE
10
30.0000
20
-40.0000
30
-0.1510
11
35.0000
21
-40.0000
31
-0.0395
12
35.0000
22
-35.0000
32
0.0505
13
30.0000
23
-35.0000
33
-0.0610
0
3DFACE
8
S_UMGEBUNG_GELAENDE
10
30.0000
20
-35.0000
30
-0.0610
11
35.0000
21
-35.0000
31
0.0505
12
35.0000
22
-30.0000
32
0.1405
13
30.0000
23
-30.0000
33
0.0290
0
3DFACE
8
S_UMGEBUNG_GELAENDE
10
30.0000
20
-30.0000
30
0.0290
11
35.0000
21
-30.0000
31
0.1405
12
35.0000
22
-25.0000
32
0.2305
13
30.0000
23
-25.0000
33
0.1190
0
3DFACE
8
S_UMGEBUNG_GELAENDE
10
30.0000
20
-25.0000
30
0.1190
11
35.0000
21
-25.0000
31
0.2305
12
35.0000
22
-20.0000
32
0.3205
13
30.0000
23
-20.0000
33
0.2090
0
3DFACE
8
S_UMGEBUNG_GELAENDE
10
30.0000
20
-20.0000
30
0.2090
11
35.0000
21
-20.0000
31
0.3205
12
35.0000
22
-15.0000
32
0.4105
13
30.0000
23
-15.0000
33
0.2990
0
3DFACE
8
S_UMGEBUNG_GELAENDE
10
30.0000
20
-15.0000
30
0.2990
11
35.0000
21
-15.0000
31
0.4105
12
35.0000
22
-10.0000
32
0.5005
13
30.0000
23
-10.0000
33
0.3890
0
3DFACE
8
S_UMGEBUNG_GELAENDE
10
30.0000
20
-10.0000
30
0.3890
11
35.0000
21
-10.0000
31
0.5005
12
35.0000
22
-5.0000
32
0.5905
13
30.0000
23
-5.0000
33
0.4790
0
3DFACE
8
S_UMGEBUNG_GELAENDE
10
30.0000
20
-5.0000
30
0.4790
11
35.0000
21
-5.0000
31
0.5905
12
35.0000
22
0.0000
32
0.6805
13
30.0000
23
0.0000
33
0.5690
0
3DFACE
8
S_UMGEBUNG_GELAENDE
10
30.0000
20
0.0000
30
0.5690
11
35.0000
21
0.0000
31
0.6805
12
35.0000
22
5.0000
32
0.7705
13
30.0000
23
5.0000
33
0.6590
0
3DFACE
8
S_UMGEBUNG_GELAENDE
10
30.0000
20
5.0000
30
0.6590
11
35.0000
21
5.0000
31
0.7705
12
35.0000
22
10.0000
32
0.8605
13
30.0000
23
10.0000
33
0.7490
0
3DFACE
8
S_UMGEBUNG_GELAENDE
10
30.0000
20
10.0000
30
0.7490
11
35.0000
21
10.0000
31
0.8605
12
35.0000
22
15.0000
32
0.9505
13
30.0000
23
15.0000
33
0.8390
0
3DFACE
8
S_UMGEBUNG_GELAENDE
10
30.0000
20
15.0000
30
0.8390
11
35.0000
21
15.0000
31
0.9505
12
35.0000
22
20.0000
32
1.0405
13
30.0000
23
20.0000
33
0.9290
0
3DFACE
8
S_UMGEBUNG_GELAENDE
10
30.0000
20
20.0000
30
0.9290
11
35.0000
21
20.0000
31
1.0405
12
35.0000
22
25.0000
32
1.1305
13
30.0000
23
25.0000
33
1.0190
0
3DFACE
8
S_UMGEBUNG_GELAENDE
10
30.0000
20
25.0000
30
1.0190
11
35.0000
21
25.0000
31
1.1305
12
35.0000
22
30.0000
32
1.2205
13
30.0000
23
30.0000
33
1.1090
0
3DFACE
8
S_UMGEBUNG_GELAENDE
10
30.0000
20
30.0000
30
1.1090
11
35.0000
21
30.0000
31
1.2205
12
35.0000
22
35.0000
32
1.3105
13
30.0000
23
35.0000
33
1.1990
0
3DFACE
8
S_UMGEBUNG_GELAENDE
10
30.0000
20
35.0000
30
1.1990
11
35.0000
21
35.0000
31
1.3105
12
35.0000
22
40.0000
32
1.4005
13
30.0000
23
40.0000
33
1.2890
0
3DFACE
8
S_UMGEBUNG_GELAENDE
10
30.0000
20
40.0000
30
1.2890
11
35.0000
21
40.0000
31
1.4005
12
35.0000
22
45.0000
32
1.4905
13
30.0000
23
45.0000
33
1.3790
0
3DFACE
8
S_UMGEBUNG_GELAENDE
10
30.0000
20
45.0000
30
1.3790
11
35.0000
21
45.0000
31
1.4905
12
35.0000
22
50.0000
32
1.5805
13
30.0000
23
50.0000
33
1.4690
0
3DFACE
8
S_UMGEBUNG_GELAENDE
10
30.0000
20
50.0000
30
1.4690
11
35.0000
21
50.0000
31
1.5805
12
35.0000
22
55.0000
32
1.6705
13
30.0000
23
55.0000
33
1.5590
0
3DFACE
8
S_UMGEBUNG_GELAENDE
10
30.0000
20
55.0000
30
1.5590
11
35.0000
21
55.0000
31
1.6705
12
35.0000
22
60.0000
32
1.7605
13
30.0000
23
60.0000
33
1.6490
0
3DFACE
8
S_UMGEBUNG_GELAENDE
10
30.0000
20
60.0000
30
1.6490
11
35.0000
21
60.0000
31
1.7605
12
35.0000
22
65.0000
32
1.8505
13
30.0000
23
65.0000
33
1.7390
0
3DFACE
8
S_UMGEBUNG_GELAENDE
10
30.0000
20
65.0000
30
1.7390
11
35.0000
21
65.0000
31
1.8505
12
35.0000
22
70.0000
32
1.9405
13
30.0000
23
70.0000
33
1.8290
0
3DFACE
8
S_UMGEBUNG_GELAENDE
10
30.0000
20
70.0000
30
1.8290
11
35.0000
21
70.0000
31
1.9405
12
35.0000
22
75.0000
32
2.0305
13
30.0000
23
75.0000
33
1.9190
0
3DFACE
8
S_UMGEBUNG_GELAENDE
10
30.0000
20
75.0000
30
1.9190
11
35.0000
21
75.0000
31
2.0305
12
35.0000
22
80.0000
32
2.1205
13
30.0000
23
80.0000
33
2.0090
0
3DFACE
8
S_UMGEBUNG_GELAENDE
10
30.0000
20
80.0000
30
2.0090
11
35.0000
21
80.0000
31
2.1205
12
35.0000
22
85.0000
32
2.2105
13
30.0000
23
85.0000
33
2.0990
0
3DFACE
8
S_UMGEBUNG_GELAENDE
10
30.0000
20
85.0000
30
2.0990
11
35.0000
21
85.0000
31
2.2105
12
35.0000
22
90.0000
32
2.3005
13
30.0000
23
90.0000
33
2.1890
0
3DFACE
8
S_UMGEBUNG_GELAENDE
10
30.0000
20
90.0000
30
2.1890
11
35.0000
21
90.0000
31
2.3005
12
35.0000
22
95.0000
32
2.3905
13
30.0000
23
95.0000
33
2.2790
0
3DFACE
8
S_UMGEBUNG_GELAENDE
10
30.0000
20
95.0000
30
2.2790
11
35.0000
21
95.0000
31
2.3905
12
35.0000
22
100.0000
32
2.4805
13
30.0000
23
100.0000
33
2.3690
0
3DFACE
8
S_UMGEBUNG_GELAENDE
10
30.0000
20
100.0000
30
2.3690
11
35.0000
21
100.0000
31
2.4805
12
35.0000
22
105.0000
32
2.5705
13
30.0000
23
105.0000
33
2.4590
0
3DFACE
8
S_UMGEBUNG_GELAENDE
10
30.0000
20
105.0000
30
2.4590
11
35.0000
21
105.0000
31
2.5705
12
35.0000
22
110.0000
32
2.6605
13
30.0000
23
110.0000
33
2.5490
0
3DFACE
8
S_UMGEBUNG_GELAENDE
10
30.0000
20
110.0000
30
2.5490
11
35.0000
21
110.0000
31
2.6605
12
35.0000
22
115.0000
32
2.7505
13
30.0000
23
115.0000
33
2.6390
0
3DFACE
8
S_UMGEBUNG_GELAENDE
10
30.0000
20
115.0000
30
2.6390
11
35.0000
21
115.0000
31
2.7505
12
35.0000
22
120.0000
32
2.8405
13
30.0000
23
120.0000
33
2.7290
0
3DFACE
8
S_UMGEBUNG_GELAENDE
10
30.0000
20
120.0000
30
2.7290
11
35.0000
21
120.0000
31
2.8405
12
35.0000
22
125.0000
32
2.9305
13
30.0000
23
125.0000
33
2.8190
0
3DFACE
8
S_UMGEBUNG_GELAENDE
10
30.0000
20
125.0000
30
2.8190
11
35.0000
21
125.0000
31
2.9305
12
35.0000
22
130.0000
32
3.0205
13
30.0000
23
130.0000
33
2.9090
0
3DFACE
8
S_UMGEBUNG_GELAENDE
10
30.0000
20
130.0000
30
2.9090
11
35.0000
21
130.0000
31
3.0205
12
35.0000
22
135.0000
32
3.1105
13
30.0000
23
135.0000
33
2.9990
0
3DFACE
8
S_UMGEBUNG_GELAENDE
10
30.0000
20
135.0000
30
2.9990
11
35.0000
21
135.0000
31
3.1105
12
35.0000
22
140.0000
32
3.2005
13
30.0000
23
140.0000
33
3.0890
0
3DFACE
8
S_UMGEBUNG_GELAENDE
10
30.0000
20
140.0000
30
3.0890
11
35.0000
21
140.0000
31
3.2005
12
35.0000
22
145.0000
32
3.2905
13
30.0000
23
145.0000
33
3.1790
0
3DFACE
8
S_UMGEBUNG_GELAENDE
10
35.0000
20
-145.0000
30
-1.9295
11
40.0000
21
-145.0000
31
-1.8251
12
40.0000
22
-140.0000
32
-1.7351
13
35.0000
23
-140.0000
33
-1.8395
0
3DFACE
8
S_UMGEBUNG_GELAENDE
10
35.0000
20
-140.0000
30
-1.8395
11
40.0000
21
-140.0000
31
-1.7351
12
40.0000
22
-135.0000
32
-1.6451
13
35.0000
23
-135.0000
33
-1.7495
0
3DFACE
8
S_UMGEBUNG_GELAENDE
10
35.0000
20
-135.0000
30
-1.7495
11
40.0000
21
-135.0000
31
-1.6451
12
40.0000
22
-130.0000
32
-1.5551
13
35.0000
23
-130.0000
33
-1.6595
0
3DFACE
8
S_UMGEBUNG_GELAENDE
10
35.0000
20
-130.0000
30
-1.6595
11
40.0000
21
-130.0000
31
-1.5551
12
40.0000
22
-125.0000
32
-1.4651
13
35.0000
23
-125.0000
33
-1.5695
0
3DFACE
8
S_UMGEBUNG_GELAENDE
10
35.0000
20
-125.0000
30
-1.5695
11
40.0000
21
-125.0000
31
-1.4651
12
40.0000
22
-120.0000
32
-1.3751
13
35.0000
23
-120.0000
33
-1.4795
0
3DFACE
8
S_UMGEBUNG_GELAENDE
10
35.0000
20
-120.0000
30
-1.4795
11
40.0000
21
-120.0000
31
-1.3751
12
40.0000
22
-115.0000
32
-1.2851
13
35.0000
23
-115.0000
33
-1.3895
0
3DFACE
8
S_UMGEBUNG_GELAENDE
10
35.0000
20
-115.0000
30
-1.3895
11
40.0000
21
-115.0000
31
-1.2851
12
40.0000
22
-110.0000
32
-1.1951
13
35.0000
23
-110.0000
33
-1.2995
0
3DFACE
8
S_UMGEBUNG_GELAENDE
10
35.0000
20
-110.0000
30
-1.2995
11
40.0000
21
-110.0000
31
-1.1951
12
40.0000
22
-105.0000
32
-1.1051
13
35.0000
23
-105.0000
33
-1.2095
0
3DFACE
8
S_UMGEBUNG_GELAENDE
10
35.0000
20
-105.0000
30
-1.2095
11
40.0000
21
-105.0000
31
-1.1051
12
40.0000
22
-100.0000
32
-1.0151
13
35.0000
23
-100.0000
33
-1.1195
0
3DFACE
8
S_UMGEBUNG_GELAENDE
10
35.0000
20
-100.0000
30
-1.1195
11
40.0000
21
-100.0000
31
-1.0151
12
40.0000
22
-95.0000
32
-0.9251
13
35.0000
23
-95.0000
33
-1.0295
0
3DFACE
8
S_UMGEBUNG_GELAENDE
10
35.0000
20
-95.0000
30
-1.0295
11
40.0000
21
-95.0000
31
-0.9251
12
40.0000
22
-90.0000
32
-0.8351
13
35.0000
23
-90.0000
33
-0.9395
0
3DFACE
8
S_UMGEBUNG_GELAENDE
10
35.0000
20
-90.0000
30
-0.9395
11
40.0000
21
-90.0000
31
-0.8351
12
40.0000
22
-85.0000
32
-0.7451
13
35.0000
23
-85.0000
33
-0.8495
0
3DFACE
8
S_UMGEBUNG_GELAENDE
10
35.0000
20
-85.0000
30
-0.8495
11
40.0000
21
-85.0000
31
-0.7451
12
40.0000
22
-80.0000
32
-0.6551
13
35.0000
23
-80.0000
33
-0.7595
0
3DFACE
8
S_UMGEBUNG_GELAENDE
10
35.0000
20
-80.0000
30
-0.7595
11
40.0000
21
-80.0000
31
-0.6551
12
40.0000
22
-75.0000
32
-0.5651
13
35.0000
23
-75.0000
33
-0.6695
0
3DFACE
8
S_UMGEBUNG_GELAENDE
10
35.0000
20
-75.0000
30
-0.6695
11
40.0000
21
-75.0000
31
-0.5651
12
40.0000
22
-70.0000
32
-0.4751
13
35.0000
23
-70.0000
33
-0.5795
0
3DFACE
8
S_UMGEBUNG_GELAENDE
10
35.0000
20
-70.0000
30
-0.5795
11
40.0000
21
-70.0000
31
-0.4751
12
40.0000
22
-65.0000
32
-0.3851
13
35.0000
23
-65.0000
33
-0.4895
0
3DFACE
8
S_UMGEBUNG_GELAENDE
10
35.0000
20
-65.0000
30
-0.4895
11
40.0000
21
-65.0000
31
-0.3851
12
40.0000
22
-60.0000
32
-0.2951
13
35.0000
23
-60.0000
33
-0.3995
0
3DFACE
8
S_UMGEBUNG_GELAENDE
10
35.0000
20
-60.0000
30
-0.3995
11
40.0000
21
-60.0000
31
-0.2951
12
40.0000
22
-55.0000
32
-0.2051
13
35.0000
23
-55.0000
33
-0.3095
0
3DFACE
8
S_UMGEBUNG_GELAENDE
10
35.0000
20
-55.0000
30
-0.3095
11
40.0000
21
-55.0000
31
-0.2051
12
40.0000
22
-50.0000
32
-0.1151
13
35.0000
23
-50.0000
33
-0.2195
0
3DFACE
8
S_UMGEBUNG_GELAENDE
10
35.0000
20
-50.0000
30
-0.2195
11
40.0000
21
-50.0000
31
-0.1151
12
40.0000
22
-45.0000
32
-0.0251
13
35.0000
23
-45.0000
33
-0.1295
0
3DFACE
8
S_UMGEBUNG_GELAENDE
10
35.0000
20
-45.0000
30
-0.1295
11
40.0000
21
-45.0000
31
-0.0251
12
40.0000
22
-40.0000
32
0.0649
13
35.0000
23
-40.0000
33
-0.0395
0
3DFACE
8
S_UMGEBUNG_GELAENDE
10
35.0000
20
-40.0000
30
-0.0395
11
40.0000
21
-40.0000
31
0.0649
12
40.0000
22
-35.0000
32
0.1549
13
35.0000
23
-35.0000
33
0.0505
0
3DFACE
8
S_UMGEBUNG_GELAENDE
10
35.0000
20
-35.0000
30
0.0505
11
40.0000
21
-35.0000
31
0.1549
12
40.0000
22
-30.0000
32
0.2449
13
35.0000
23
-30.0000
33
0.1405
0
3DFACE
8
S_UMGEBUNG_GELAENDE
10
35.0000
20
-30.0000
30
0.1405
11
40.0000
21
-30.0000
31
0.2449
12
40.0000
22
-25.0000
32
0.3349
13
35.0000
23
-25.0000
33
0.2305
0
3DFACE
8
S_UMGEBUNG_GELAENDE
10
35.0000
20
-25.0000
30
0.2305
11
40.0000
21
-25.0000
31
0.3349
12
40.0000
22
-20.0000
32
0.4249
13
35.0000
23
-20.0000
33
0.3205
0
3DFACE
8
S_UMGEBUNG_GELAENDE
10
35.0000
20
-20.0000
30
0.3205
11
40.0000
21
-20.0000
31
0.4249
12
40.0000
22
-15.0000
32
0.5149
13
35.0000
23
-15.0000
33
0.4105
0
3DFACE
8
S_UMGEBUNG_GELAENDE
10
35.0000
20
-15.0000
30
0.4105
11
40.0000
21
-15.0000
31
0.5149
12
40.0000
22
-10.0000
32
0.6049
13
35.0000
23
-10.0000
33
0.5005
0
3DFACE
8
S_UMGEBUNG_GELAENDE
10
35.0000
20
-10.0000
30
0.5005
11
40.0000
21
-10.0000
31
0.6049
12
40.0000
22
-5.0000
32
0.6949
13
35.0000
23
-5.0000
33
0.5905
0
3DFACE
8
S_UMGEBUNG_GELAENDE
10
35.0000
20
-5.0000
30
0.5905
11
40.0000
21
-5.0000
31
0.6949
12
40.0000
22
0.0000
32
0.7849
13
35.0000
23
0.0000
33
0.6805
0
3DFACE
8
S_UMGEBUNG_GELAENDE
10
35.0000
20
0.0000
30
0.6805
11
40.0000
21
0.0000
31
0.7849
12
40.0000
22
5.0000
32
0.8749
13
35.0000
23
5.0000
33
0.7705
0
3DFACE
8
S_UMGEBUNG_GELAENDE
10
35.0000
20
5.0000
30
0.7705
11
40.0000
21
5.0000
31
0.8749
12
40.0000
22
10.0000
32
0.9649
13
35.0000
23
10.0000
33
0.8605
0
3DFACE
8
S_UMGEBUNG_GELAENDE
10
35.0000
20
10.0000
30
0.8605
11
40.0000
21
10.0000
31
0.9649
12
40.0000
22
15.0000
32
1.0549
13
35.0000
23
15.0000
33
0.9505
0
3DFACE
8
S_UMGEBUNG_GELAENDE
10
35.0000
20
15.0000
30
0.9505
11
40.0000
21
15.0000
31
1.0549
12
40.0000
22
20.0000
32
1.1449
13
35.0000
23
20.0000
33
1.0405
0
3DFACE
8
S_UMGEBUNG_GELAENDE
10
35.0000
20
20.0000
30
1.0405
11
40.0000
21
20.0000
31
1.1449
12
40.0000
22
25.0000
32
1.2349
13
35.0000
23
25.0000
33
1.1305
0
3DFACE
8
S_UMGEBUNG_GELAENDE
10
35.0000
20
25.0000
30
1.1305
11
40.0000
21
25.0000
31
1.2349
12
40.0000
22
30.0000
32
1.3249
13
35.0000
23
30.0000
33
1.2205
0
3DFACE
8
S_UMGEBUNG_GELAENDE
10
35.0000
20
30.0000
30
1.2205
11
40.0000
21
30.0000
31
1.3249
12
40.0000
22
35.0000
32
1.4149
13
35.0000
23
35.0000
33
1.3105
0
3DFACE
8
S_UMGEBUNG_GELAENDE
10
35.0000
20
35.0000
30
1.3105
11
40.0000
21
35.0000
31
1.4149
12
40.0000
22
40.0000
32
1.5049
13
35.0000
23
40.0000
33
1.4005
0
3DFACE
8
S_UMGEBUNG_GELAENDE
10
35.0000
20
40.0000
30
1.4005
11
40.0000
21
40.0000
31
1.5049
12
40.0000
22
45.0000
32
1.5949
13
35.0000
23
45.0000
33
1.4905
0
3DFACE
8
S_UMGEBUNG_GELAENDE
10
35.0000
20
45.0000
30
1.4905
11
40.0000
21
45.0000
31
1.5949
12
40.0000
22
50.0000
32
1.6849
13
35.0000
23
50.0000
33
1.5805
0
3DFACE
8
S_UMGEBUNG_GELAENDE
10
35.0000
20
50.0000
30
1.5805
11
40.0000
21
50.0000
31
1.6849
12
40.0000
22
55.0000
32
1.7749
13
35.0000
23
55.0000
33
1.6705
0
3DFACE
8
S_UMGEBUNG_GELAENDE
10
35.0000
20
55.0000
30
1.6705
11
40.0000
21
55.0000
31
1.7749
12
40.0000
22
60.0000
32
1.8649
13
35.0000
23
60.0000
33
1.7605
0
3DFACE
8
S_UMGEBUNG_GELAENDE
10
35.0000
20
60.0000
30
1.7605
11
40.0000
21
60.0000
31
1.8649
12
40.0000
22
65.0000
32
1.9549
13
35.0000
23
65.0000
33
1.8505
0
3DFACE
8
S_UMGEBUNG_GELAENDE
10
35.0000
20
65.0000
30
1.8505
11
40.0000
21
65.0000
31
1.9549
12
40.0000
22
70.0000
32
2.0449
13
35.0000
23
70.0000
33
1.9405
0
3DFACE
8
S_UMGEBUNG_GELAENDE
10
35.0000
20
70.0000
30
1.9405
11
40.0000
21
70.0000
31
2.0449
12
40.0000
22
75.0000
32
2.1349
13
35.0000
23
75.0000
33
2.0305
0
3DFACE
8
S_UMGEBUNG_GELAENDE
10
35.0000
20
75.0000
30
2.0305
11
40.0000
21
75.0000
31
2.1349
12
40.0000
22
80.0000
32
2.2249
13
35.0000
23
80.0000
33
2.1205
0
3DFACE
8
S_UMGEBUNG_GELAENDE
10
35.0000
20
80.0000
30
2.1205
11
40.0000
21
80.0000
31
2.2249
12
40.0000
22
85.0000
32
2.3149
13
35.0000
23
85.0000
33
2.2105
0
3DFACE
8
S_UMGEBUNG_GELAENDE
10
35.0000
20
85.0000
30
2.2105
11
40.0000
21
85.0000
31
2.3149
12
40.0000
22
90.0000
32
2.4049
13
35.0000
23
90.0000
33
2.3005
0
3DFACE
8
S_UMGEBUNG_GELAENDE
10
35.0000
20
90.0000
30
2.3005
11
40.0000
21
90.0000
31
2.4049
12
40.0000
22
95.0000
32
2.4949
13
35.0000
23
95.0000
33
2.3905
0
3DFACE
8
S_UMGEBUNG_GELAENDE
10
35.0000
20
95.0000
30
2.3905
11
40.0000
21
95.0000
31
2.4949
12
40.0000
22
100.0000
32
2.5849
13
35.0000
23
100.0000
33
2.4805
0
3DFACE
8
S_UMGEBUNG_GELAENDE
10
35.0000
20
100.0000
30
2.4805
11
40.0000
21
100.0000
31
2.5849
12
40.0000
22
105.0000
32
2.6749
13
35.0000
23
105.0000
33
2.5705
0
3DFACE
8
S_UMGEBUNG_GELAENDE
10
35.0000
20
105.0000
30
2.5705
11
40.0000
21
105.0000
31
2.6749
12
40.0000
22
110.0000
32
2.7649
13
35.0000
23
110.0000
33
2.6605
0
3DFACE
8
S_UMGEBUNG_GELAENDE
10
35.0000
20
110.0000
30
2.6605
11
40.0000
21
110.0000
31
2.7649
12
40.0000
22
115.0000
32
2.8549
13
35.0000
23
115.0000
33
2.7505
0
3DFACE
8
S_UMGEBUNG_GELAENDE
10
35.0000
20
115.0000
30
2.7505
11
40.0000
21
115.0000
31
2.8549
12
40.0000
22
120.0000
32
2.9449
13
35.0000
23
120.0000
33
2.8405
0
3DFACE
8
S_UMGEBUNG_GELAENDE
10
35.0000
20
120.0000
30
2.8405
11
40.0000
21
120.0000
31
2.9449
12
40.0000
22
125.0000
32
3.0349
13
35.0000
23
125.0000
33
2.9305
0
3DFACE
8
S_UMGEBUNG_GELAENDE
10
35.0000
20
125.0000
30
2.9305
11
40.0000
21
125.0000
31
3.0349
12
40.0000
22
130.0000
32
3.1249
13
35.0000
23
130.0000
33
3.0205
0
3DFACE
8
S_UMGEBUNG_GELAENDE
10
35.0000
20
130.0000
30
3.0205
11
40.0000
21
130.0000
31
3.1249
12
40.0000
22
135.0000
32
3.2149
13
35.0000
23
135.0000
33
3.1105
0
3DFACE
8
S_UMGEBUNG_GELAENDE
10
35.0000
20
135.0000
30
3.1105
11
40.0000
21
135.0000
31
3.2149
12
40.0000
22
140.0000
32
3.3049
13
35.0000
23
140.0000
33
3.2005
0
3DFACE
8
S_UMGEBUNG_GELAENDE
10
35.0000
20
140.0000
30
3.2005
11
40.0000
21
140.0000
31
3.3049
12
40.0000
22
145.0000
32
3.3949
13
35.0000
23
145.0000
33
3.2905
0
3DFACE
8
S_UMGEBUNG_GELAENDE
10
40.0000
20
-145.0000
30
-1.8251
11
45.0000
21
-145.0000
31
-1.7286
12
45.0000
22
-140.0000
32
-1.6386
13
40.0000
23
-140.0000
33
-1.7351
0
3DFACE
8
S_UMGEBUNG_GELAENDE
10
40.0000
20
-140.0000
30
-1.7351
11
45.0000
21
-140.0000
31
-1.6386
12
45.0000
22
-135.0000
32
-1.5486
13
40.0000
23
-135.0000
33
-1.6451
0
3DFACE
8
S_UMGEBUNG_GELAENDE
10
40.0000
20
-135.0000
30
-1.6451
11
45.0000
21
-135.0000
31
-1.5486
12
45.0000
22
-130.0000
32
-1.4586
13
40.0000
23
-130.0000
33
-1.5551
0
3DFACE
8
S_UMGEBUNG_GELAENDE
10
40.0000
20
-130.0000
30
-1.5551
11
45.0000
21
-130.0000
31
-1.4586
12
45.0000
22
-125.0000
32
-1.3686
13
40.0000
23
-125.0000
33
-1.4651
0
3DFACE
8
S_UMGEBUNG_GELAENDE
10
40.0000
20
-125.0000
30
-1.4651
11
45.0000
21
-125.0000
31
-1.3686
12
45.0000
22
-120.0000
32
-1.2786
13
40.0000
23
-120.0000
33
-1.3751
0
3DFACE
8
S_UMGEBUNG_GELAENDE
10
40.0000
20
-120.0000
30
-1.3751
11
45.0000
21
-120.0000
31
-1.2786
12
45.0000
22
-115.0000
32
-1.1886
13
40.0000
23
-115.0000
33
-1.2851
0
3DFACE
8
S_UMGEBUNG_GELAENDE
10
40.0000
20
-115.0000
30
-1.2851
11
45.0000
21
-115.0000
31
-1.1886
12
45.0000
22
-110.0000
32
-1.0986
13
40.0000
23
-110.0000
33
-1.1951
0
3DFACE
8
S_UMGEBUNG_GELAENDE
10
40.0000
20
-110.0000
30
-1.1951
11
45.0000
21
-110.0000
31
-1.0986
12
45.0000
22
-105.0000
32
-1.0086
13
40.0000
23
-105.0000
33
-1.1051
0
3DFACE
8
S_UMGEBUNG_GELAENDE
10
40.0000
20
-105.0000
30
-1.1051
11
45.0000
21
-105.0000
31
-1.0086
12
45.0000
22
-100.0000
32
-0.9186
13
40.0000
23
-100.0000
33
-1.0151
0
3DFACE
8
S_UMGEBUNG_GELAENDE
10
40.0000
20
-100.0000
30
-1.0151
11
45.0000
21
-100.0000
31
-0.9186
12
45.0000
22
-95.0000
32
-0.8286
13
40.0000
23
-95.0000
33
-0.9251
0
3DFACE
8
S_UMGEBUNG_GELAENDE
10
40.0000
20
-95.0000
30
-0.9251
11
45.0000
21
-95.0000
31
-0.8286
12
45.0000
22
-90.0000
32
-0.7386
13
40.0000
23
-90.0000
33
-0.8351
0
3DFACE
8
S_UMGEBUNG_GELAENDE
10
40.0000
20
-90.0000
30
-0.8351
11
45.0000
21
-90.0000
31
-0.7386
12
45.0000
22
-85.0000
32
-0.6486
13
40.0000
23
-85.0000
33
-0.7451
0
3DFACE
8
S_UMGEBUNG_GELAENDE
10
40.0000
20
-85.0000
30
-0.7451
11
45.0000
21
-85.0000
31
-0.6486
12
45.0000
22
-80.0000
32
-0.5586
13
40.0000
23
-80.0000
33
-0.6551
0
3DFACE
8
S_UMGEBUNG_GELAENDE
10
40.0000
20
-80.0000
30
-0.6551
11
45.0000
21
-80.0000
31
-0.5586
12
45.0000
22
-75.0000
32
-0.4686
13
40.0000
23
-75.0000
33
-0.5651
0
3DFACE
8
S_UMGEBUNG_GELAENDE
10
40.0000
20
-75.0000
30
-0.5651
11
45.0000
21
-75.0000
31
-0.4686
12
45.0000
22
-70.0000
32
-0.3786
13
40.0000
23
-70.0000
33
-0.4751
0
3DFACE
8
S_UMGEBUNG_GELAENDE
10
40.0000
20
-70.0000
30
-0.4751
11
45.0000
21
-70.0000
31
-0.3786
12
45.0000
22
-65.0000
32
-0.2886
13
40.0000
23
-65.0000
33
-0.3851
0
3DFACE
8
S_UMGEBUNG_GELAENDE
10
40.0000
20
-65.0000
30
-0.3851
11
45.0000
21
-65.0000
31
-0.2886
12
45.0000
22
-60.0000
32
-0.1986
13
40.0000
23
-60.0000
33
-0.2951
0
3DFACE
8
S_UMGEBUNG_GELAENDE
10
40.0000
20
-60.0000
30
-0.2951
11
45.0000
21
-60.0000
31
-0.1986
12
45.0000
22
-55.0000
32
-0.1086
13
40.0000
23
-55.0000
33
-0.2051
0
3DFACE
8
S_UMGEBUNG_GELAENDE
10
40.0000
20
-55.0000
30
-0.2051
11
45.0000
21
-55.0000
31
-0.1086
12
45.0000
22
-50.0000
32
-0.0186
13
40.0000
23
-50.0000
33
-0.1151
0
3DFACE
8
S_UMGEBUNG_GELAENDE
10
40.0000
20
-50.0000
30
-0.1151
11
45.0000
21
-50.0000
31
-0.0186
12
45.0000
22
-45.0000
32
0.0714
13
40.0000
23
-45.0000
33
-0.0251
0
3DFACE
8
S_UMGEBUNG_GELAENDE
10
40.0000
20
-45.0000
30
-0.0251
11
45.0000
21
-45.0000
31
0.0714
12
45.0000
22
-40.0000
32
0.1614
13
40.0000
23
-40.0000
33
0.0649
0
3DFACE
8
S_UMGEBUNG_GELAENDE
10
40.0000
20
-40.0000
30
0.0649
11
45.0000
21
-40.0000
31
0.1614
12
45.0000
22
-35.0000
32
0.2514
13
40.0000
23
-35.0000
33
0.1549
0
3DFACE
8
S_UMGEBUNG_GELAENDE
10
40.0000
20
-35.0000
30
0.1549
11
45.0000
21
-35.0000
31
0.2514
12
45.0000
22
-30.0000
32
0.3414
13
40.0000
23
-30.0000
33
0.2449
0
3DFACE
8
S_UMGEBUNG_GELAENDE
10
40.0000
20
-30.0000
30
0.2449
11
45.0000
21
-30.0000
31
0.3414
12
45.0000
22
-25.0000
32
0.4314
13
40.0000
23
-25.0000
33
0.3349
0
3DFACE
8
S_UMGEBUNG_GELAENDE
10
40.0000
20
-25.0000
30
0.3349
11
45.0000
21
-25.0000
31
0.4314
12
45.0000
22
-20.0000
32
0.5214
13
40.0000
23
-20.0000
33
0.4249
0
3DFACE
8
S_UMGEBUNG_GELAENDE
10
40.0000
20
-20.0000
30
0.4249
11
45.0000
21
-20.0000
31
0.5214
12
45.0000
22
-15.0000
32
0.6114
13
40.0000
23
-15.0000
33
0.5149
0
3DFACE
8
S_UMGEBUNG_GELAENDE
10
40.0000
20
-15.0000
30
0.5149
11
45.0000
21
-15.0000
31
0.6114
12
45.0000
22
-10.0000
32
0.7014
13
40.0000
23
-10.0000
33
0.6049
0
3DFACE
8
S_UMGEBUNG_GELAENDE
10
40.0000
20
-10.0000
30
0.6049
11
45.0000
21
-10.0000
31
0.7014
12
45.0000
22
-5.0000
32
0.7914
13
40.0000
23
-5.0000
33
0.6949
0
3DFACE
8
S_UMGEBUNG_GELAENDE
10
40.0000
20
-5.0000
30
0.6949
11
45.0000
21
-5.0000
31
0.7914
12
45.0000
22
0.0000
32
0.8814
13
40.0000
23
0.0000
33
0.7849
0
3DFACE
8
S_UMGEBUNG_GELAENDE
10
40.0000
20
0.0000
30
0.7849
11
45.0000
21
0.0000
31
0.8814
12
45.0000
22
5.0000
32
0.9714
13
40.0000
23
5.0000
33
0.8749
0
3DFACE
8
S_UMGEBUNG_GELAENDE
10
40.0000
20
5.0000
30
0.8749
11
45.0000
21
5.0000
31
0.9714
12
45.0000
22
10.0000
32
1.0614
13
40.0000
23
10.0000
33
0.9649
0
3DFACE
8
S_UMGEBUNG_GELAENDE
10
40.0000
20
10.0000
30
0.9649
11
45.0000
21
10.0000
31
1.0614
12
45.0000
22
15.0000
32
1.1514
13
40.0000
23
15.0000
33
1.0549
0
3DFACE
8
S_UMGEBUNG_GELAENDE
10
40.0000
20
15.0000
30
1.0549
11
45.0000
21
15.0000
31
1.1514
12
45.0000
22
20.0000
32
1.2414
13
40.0000
23
20.0000
33
1.1449
0
3DFACE
8
S_UMGEBUNG_GELAENDE
10
40.0000
20
20.0000
30
1.1449
11
45.0000
21
20.0000
31
1.2414
12
45.0000
22
25.0000
32
1.3314
13
40.0000
23
25.0000
33
1.2349
0
3DFACE
8
S_UMGEBUNG_GELAENDE
10
40.0000
20
25.0000
30
1.2349
11
45.0000
21
25.0000
31
1.3314
12
45.0000
22
30.0000
32
1.4214
13
40.0000
23
30.0000
33
1.3249
0
3DFACE
8
S_UMGEBUNG_GELAENDE
10
40.0000
20
30.0000
30
1.3249
11
45.0000
21
30.0000
31
1.4214
12
45.0000
22
35.0000
32
1.5114
13
40.0000
23
35.0000
33
1.4149
0
3DFACE
8
S_UMGEBUNG_GELAENDE
10
40.0000
20
35.0000
30
1.4149
11
45.0000
21
35.0000
31
1.5114
12
45.0000
22
40.0000
32
1.6014
13
40.0000
23
40.0000
33
1.5049
0
3DFACE
8
S_UMGEBUNG_GELAENDE
10
40.0000
20
40.0000
30
1.5049
11
45.0000
21
40.0000
31
1.6014
12
45.0000
22
45.0000
32
1.6914
13
40.0000
23
45.0000
33
1.5949
0
3DFACE
8
S_UMGEBUNG_GELAENDE
10
40.0000
20
45.0000
30
1.5949
11
45.0000
21
45.0000
31
1.6914
12
45.0000
22
50.0000
32
1.7814
13
40.0000
23
50.0000
33
1.6849
0
3DFACE
8
S_UMGEBUNG_GELAENDE
10
40.0000
20
50.0000
30
1.6849
11
45.0000
21
50.0000
31
1.7814
12
45.0000
22
55.0000
32
1.8714
13
40.0000
23
55.0000
33
1.7749
0
3DFACE
8
S_UMGEBUNG_GELAENDE
10
40.0000
20
55.0000
30
1.7749
11
45.0000
21
55.0000
31
1.8714
12
45.0000
22
60.0000
32
1.9614
13
40.0000
23
60.0000
33
1.8649
0
3DFACE
8
S_UMGEBUNG_GELAENDE
10
40.0000
20
60.0000
30
1.8649
11
45.0000
21
60.0000
31
1.9614
12
45.0000
22
65.0000
32
2.0514
13
40.0000
23
65.0000
33
1.9549
0
3DFACE
8
S_UMGEBUNG_GELAENDE
10
40.0000
20
65.0000
30
1.9549
11
45.0000
21
65.0000
31
2.0514
12
45.0000
22
70.0000
32
2.1414
13
40.0000
23
70.0000
33
2.0449
0
3DFACE
8
S_UMGEBUNG_GELAENDE
10
40.0000
20
70.0000
30
2.0449
11
45.0000
21
70.0000
31
2.1414
12
45.0000
22
75.0000
32
2.2314
13
40.0000
23
75.0000
33
2.1349
0
3DFACE
8
S_UMGEBUNG_GELAENDE
10
40.0000
20
75.0000
30
2.1349
11
45.0000
21
75.0000
31
2.2314
12
45.0000
22
80.0000
32
2.3214
13
40.0000
23
80.0000
33
2.2249
0
3DFACE
8
S_UMGEBUNG_GELAENDE
10
40.0000
20
80.0000
30
2.2249
11
45.0000
21
80.0000
31
2.3214
12
45.0000
22
85.0000
32
2.4114
13
40.0000
23
85.0000
33
2.3149
0
3DFACE
8
S_UMGEBUNG_GELAENDE
10
40.0000
20
85.0000
30
2.3149
11
45.0000
21
85.0000
31
2.4114
12
45.0000
22
90.0000
32
2.5014
13
40.0000
23
90.0000
33
2.4049
0
3DFACE
8
S_UMGEBUNG_GELAENDE
10
40.0000
20
90.0000
30
2.4049
11
45.0000
21
90.0000
31
2.5014
12
45.0000
22
95.0000
32
2.5914
13
40.0000
23
95.0000
33
2.4949
0
3DFACE
8
S_UMGEBUNG_GELAENDE
10
40.0000
20
95.0000
30
2.4949
11
45.0000
21
95.0000
31
2.5914
12
45.0000
22
100.0000
32
2.6814
13
40.0000
23
100.0000
33
2.5849
0
3DFACE
8
S_UMGEBUNG_GELAENDE
10
40.0000
20
100.0000
30
2.5849
11
45.0000
21
100.0000
31
2.6814
12
45.0000
22
105.0000
32
2.7714
13
40.0000
23
105.0000
33
2.6749
0
3DFACE
8
S_UMGEBUNG_GELAENDE
10
40.0000
20
105.0000
30
2.6749
11
45.0000
21
105.0000
31
2.7714
12
45.0000
22
110.0000
32
2.8614
13
40.0000
23
110.0000
33
2.7649
0
3DFACE
8
S_UMGEBUNG_GELAENDE
10
40.0000
20
110.0000
30
2.7649
11
45.0000
21
110.0000
31
2.8614
12
45.0000
22
115.0000
32
2.9514
13
40.0000
23
115.0000
33
2.8549
0
3DFACE
8
S_UMGEBUNG_GELAENDE
10
40.0000
20
115.0000
30
2.8549
11
45.0000
21
115.0000
31
2.9514
12
45.0000
22
120.0000
32
3.0414
13
40.0000
23
120.0000
33
2.9449
0
3DFACE
8
S_UMGEBUNG_GELAENDE
10
40.0000
20
120.0000
30
2.9449
11
45.0000
21
120.0000
31
3.0414
12
45.0000
22
125.0000
32
3.1314
13
40.0000
23
125.0000
33
3.0349
0
3DFACE
8
S_UMGEBUNG_GELAENDE
10
40.0000
20
125.0000
30
3.0349
11
45.0000
21
125.0000
31
3.1314
12
45.0000
22
130.0000
32
3.2214
13
40.0000
23
130.0000
33
3.1249
0
3DFACE
8
S_UMGEBUNG_GELAENDE
10
40.0000
20
130.0000
30
3.1249
11
45.0000
21
130.0000
31
3.2214
12
45.0000
22
135.0000
32
3.3114
13
40.0000
23
135.0000
33
3.2149
0
3DFACE
8
S_UMGEBUNG_GELAENDE
10
40.0000
20
135.0000
30
3.2149
11
45.0000
21
135.0000
31
3.3114
12
45.0000
22
140.0000
32
3.4014
13
40.0000
23
140.0000
33
3.3049
0
3DFACE
8
S_UMGEBUNG_GELAENDE
10
40.0000
20
140.0000
30
3.3049
11
45.0000
21
140.0000
31
3.4014
12
45.0000
22
145.0000
32
3.4914
13
40.0000
23
145.0000
33
3.3949
0
3DFACE
8
S_UMGEBUNG_GELAENDE
10
45.0000
20
-140.0000
30
-1.6386
11
50.0000
21
-140.0000
31
-1.5506
12
50.0000
22
-135.0000
32
-1.4606
13
45.0000
23
-135.0000
33
-1.5486
0
3DFACE
8
S_UMGEBUNG_GELAENDE
10
45.0000
20
-135.0000
30
-1.5486
11
50.0000
21
-135.0000
31
-1.4606
12
50.0000
22
-130.0000
32
-1.3706
13
45.0000
23
-130.0000
33
-1.4586
0
3DFACE
8
S_UMGEBUNG_GELAENDE
10
45.0000
20
-130.0000
30
-1.4586
11
50.0000
21
-130.0000
31
-1.3706
12
50.0000
22
-125.0000
32
-1.2806
13
45.0000
23
-125.0000
33
-1.3686
0
3DFACE
8
S_UMGEBUNG_GELAENDE
10
45.0000
20
-125.0000
30
-1.3686
11
50.0000
21
-125.0000
31
-1.2806
12
50.0000
22
-120.0000
32
-1.1906
13
45.0000
23
-120.0000
33
-1.2786
0
3DFACE
8
S_UMGEBUNG_GELAENDE
10
45.0000
20
-120.0000
30
-1.2786
11
50.0000
21
-120.0000
31
-1.1906
12
50.0000
22
-115.0000
32
-1.1006
13
45.0000
23
-115.0000
33
-1.1886
0
3DFACE
8
S_UMGEBUNG_GELAENDE
10
45.0000
20
-115.0000
30
-1.1886
11
50.0000
21
-115.0000
31
-1.1006
12
50.0000
22
-110.0000
32
-1.0106
13
45.0000
23
-110.0000
33
-1.0986
0
3DFACE
8
S_UMGEBUNG_GELAENDE
10
45.0000
20
-110.0000
30
-1.0986
11
50.0000
21
-110.0000
31
-1.0106
12
50.0000
22
-105.0000
32
-0.9206
13
45.0000
23
-105.0000
33
-1.0086
0
3DFACE
8
S_UMGEBUNG_GELAENDE
10
45.0000
20
-105.0000
30
-1.0086
11
50.0000
21
-105.0000
31
-0.9206
12
50.0000
22
-100.0000
32
-0.8306
13
45.0000
23
-100.0000
33
-0.9186
0
3DFACE
8
S_UMGEBUNG_GELAENDE
10
45.0000
20
-100.0000
30
-0.9186
11
50.0000
21
-100.0000
31
-0.8306
12
50.0000
22
-95.0000
32
-0.7406
13
45.0000
23
-95.0000
33
-0.8286
0
3DFACE
8
S_UMGEBUNG_GELAENDE
10
45.0000
20
-95.0000
30
-0.8286
11
50.0000
21
-95.0000
31
-0.7406
12
50.0000
22
-90.0000
32
-0.6506
13
45.0000
23
-90.0000
33
-0.7386
0
3DFACE
8
S_UMGEBUNG_GELAENDE
10
45.0000
20
-90.0000
30
-0.7386
11
50.0000
21
-90.0000
31
-0.6506
12
50.0000
22
-85.0000
32
-0.5606
13
45.0000
23
-85.0000
33
-0.6486
0
3DFACE
8
S_UMGEBUNG_GELAENDE
10
45.0000
20
-85.0000
30
-0.6486
11
50.0000
21
-85.0000
31
-0.5606
12
50.0000
22
-80.0000
32
-0.4706
13
45.0000
23
-80.0000
33
-0.5586
0
3DFACE
8
S_UMGEBUNG_GELAENDE
10
45.0000
20
-80.0000
30
-0.5586
11
50.0000
21
-80.0000
31
-0.4706
12
50.0000
22
-75.0000
32
-0.3806
13
45.0000
23
-75.0000
33
-0.4686
0
3DFACE
8
S_UMGEBUNG_GELAENDE
10
45.0000
20
-75.0000
30
-0.4686
11
50.0000
21
-75.0000
31
-0.3806
12
50.0000
22
-70.0000
32
-0.2906
13
45.0000
23
-70.0000
33
-0.3786
0
3DFACE
8
S_UMGEBUNG_GELAENDE
10
45.0000
20
-70.0000
30
-0.3786
11
50.0000
21
-70.0000
31
-0.2906
12
50.0000
22
-65.0000
32
-0.2006
13
45.0000
23
-65.0000
33
-0.2886
0
3DFACE
8
S_UMGEBUNG_GELAENDE
10
45.0000
20
-65.0000
30
-0.2886
11
50.0000
21
-65.0000
31
-0.2006
12
50.0000
22
-60.0000
32
-0.1106
13
45.0000
23
-60.0000
33
-0.1986
0
3DFACE
8
S_UMGEBUNG_GELAENDE
10
45.0000
20
-60.0000
30
-0.1986
11
50.0000
21
-60.0000
31
-0.1106
12
50.0000
22
-55.0000
32
-0.0206
13
45.0000
23
-55.0000
33
-0.1086
0
3DFACE
8
S_UMGEBUNG_GELAENDE
10
45.0000
20
-55.0000
30
-0.1086
11
50.0000
21
-55.0000
31
-0.0206
12
50.0000
22
-50.0000
32
0.0694
13
45.0000
23
-50.0000
33
-0.0186
0
3DFACE
8
S_UMGEBUNG_GELAENDE
10
45.0000
20
-50.0000
30
-0.0186
11
50.0000
21
-50.0000
31
0.0694
12
50.0000
22
-45.0000
32
0.1594
13
45.0000
23
-45.0000
33
0.0714
0
3DFACE
8
S_UMGEBUNG_GELAENDE
10
45.0000
20
-45.0000
30
0.0714
11
50.0000
21
-45.0000
31
0.1594
12
50.0000
22
-40.0000
32
0.2494
13
45.0000
23
-40.0000
33
0.1614
0
3DFACE
8
S_UMGEBUNG_GELAENDE
10
45.0000
20
-40.0000
30
0.1614
11
50.0000
21
-40.0000
31
0.2494
12
50.0000
22
-35.0000
32
0.3394
13
45.0000
23
-35.0000
33
0.2514
0
3DFACE
8
S_UMGEBUNG_GELAENDE
10
45.0000
20
-35.0000
30
0.2514
11
50.0000
21
-35.0000
31
0.3394
12
50.0000
22
-30.0000
32
0.4294
13
45.0000
23
-30.0000
33
0.3414
0
3DFACE
8
S_UMGEBUNG_GELAENDE
10
45.0000
20
-30.0000
30
0.3414
11
50.0000
21
-30.0000
31
0.4294
12
50.0000
22
-25.0000
32
0.5194
13
45.0000
23
-25.0000
33
0.4314
0
3DFACE
8
S_UMGEBUNG_GELAENDE
10
45.0000
20
-25.0000
30
0.4314
11
50.0000
21
-25.0000
31
0.5194
12
50.0000
22
-20.0000
32
0.6094
13
45.0000
23
-20.0000
33
0.5214
0
3DFACE
8
S_UMGEBUNG_GELAENDE
10
45.0000
20
-20.0000
30
0.5214
11
50.0000
21
-20.0000
31
0.6094
12
50.0000
22
-15.0000
32
0.6994
13
45.0000
23
-15.0000
33
0.6114
0
3DFACE
8
S_UMGEBUNG_GELAENDE
10
45.0000
20
-15.0000
30
0.6114
11
50.0000
21
-15.0000
31
0.6994
12
50.0000
22
-10.0000
32
0.7894
13
45.0000
23
-10.0000
33
0.7014
0
3DFACE
8
S_UMGEBUNG_GELAENDE
10
45.0000
20
-10.0000
30
0.7014
11
50.0000
21
-10.0000
31
0.7894
12
50.0000
22
-5.0000
32
0.8794
13
45.0000
23
-5.0000
33
0.7914
0
3DFACE
8
S_UMGEBUNG_GELAENDE
10
45.0000
20
-5.0000
30
0.7914
11
50.0000
21
-5.0000
31
0.8794
12
50.0000
22
0.0000
32
0.9694
13
45.0000
23
0.0000
33
0.8814
0
3DFACE
8
S_UMGEBUNG_GELAENDE
10
45.0000
20
0.0000
30
0.8814
11
50.0000
21
0.0000
31
0.9694
12
50.0000
22
5.0000
32
1.0594
13
45.0000
23
5.0000
33
0.9714
0
3DFACE
8
S_UMGEBUNG_GELAENDE
10
45.0000
20
5.0000
30
0.9714
11
50.0000
21
5.0000
31
1.0594
12
50.0000
22
10.0000
32
1.1494
13
45.0000
23
10.0000
33
1.0614
0
3DFACE
8
S_UMGEBUNG_GELAENDE
10
45.0000
20
10.0000
30
1.0614
11
50.0000
21
10.0000
31
1.1494
12
50.0000
22
15.0000
32
1.2394
13
45.0000
23
15.0000
33
1.1514
0
3DFACE
8
S_UMGEBUNG_GELAENDE
10
45.0000
20
15.0000
30
1.1514
11
50.0000
21
15.0000
31
1.2394
12
50.0000
22
20.0000
32
1.3294
13
45.0000
23
20.0000
33
1.2414
0
3DFACE
8
S_UMGEBUNG_GELAENDE
10
45.0000
20
20.0000
30
1.2414
11
50.0000
21
20.0000
31
1.3294
12
50.0000
22
25.0000
32
1.4194
13
45.0000
23
25.0000
33
1.3314
0
3DFACE
8
S_UMGEBUNG_GELAENDE
10
45.0000
20
25.0000
30
1.3314
11
50.0000
21
25.0000
31
1.4194
12
50.0000
22
30.0000
32
1.5094
13
45.0000
23
30.0000
33
1.4214
0
3DFACE
8
S_UMGEBUNG_GELAENDE
10
45.0000
20
30.0000
30
1.4214
11
50.0000
21
30.0000
31
1.5094
12
50.0000
22
35.0000
32
1.5994
13
45.0000
23
35.0000
33
1.5114
0
3DFACE
8
S_UMGEBUNG_GELAENDE
10
45.0000
20
35.0000
30
1.5114
11
50.0000
21
35.0000
31
1.5994
12
50.0000
22
40.0000
32
1.6894
13
45.0000
23
40.0000
33
1.6014
0
3DFACE
8
S_UMGEBUNG_GELAENDE
10
45.0000
20
40.0000
30
1.6014
11
50.0000
21
40.0000
31
1.6894
12
50.0000
22
45.0000
32
1.7794
13
45.0000
23
45.0000
33
1.6914
0
3DFACE
8
S_UMGEBUNG_GELAENDE
10
45.0000
20
45.0000
30
1.6914
11
50.0000
21
45.0000
31
1.7794
12
50.0000
22
50.0000
32
1.8694
13
45.0000
23
50.0000
33
1.7814
0
3DFACE
8
S_UMGEBUNG_GELAENDE
10
45.0000
20
50.0000
30
1.7814
11
50.0000
21
50.0000
31
1.8694
12
50.0000
22
55.0000
32
1.9594
13
45.0000
23
55.0000
33
1.8714
0
3DFACE
8
S_UMGEBUNG_GELAENDE
10
45.0000
20
55.0000
30
1.8714
11
50.0000
21
55.0000
31
1.9594
12
50.0000
22
60.0000
32
2.0494
13
45.0000
23
60.0000
33
1.9614
0
3DFACE
8
S_UMGEBUNG_GELAENDE
10
45.0000
20
60.0000
30
1.9614
11
50.0000
21
60.0000
31
2.0494
12
50.0000
22
65.0000
32
2.1394
13
45.0000
23
65.0000
33
2.0514
0
3DFACE
8
S_UMGEBUNG_GELAENDE
10
45.0000
20
65.0000
30
2.0514
11
50.0000
21
65.0000
31
2.1394
12
50.0000
22
70.0000
32
2.2294
13
45.0000
23
70.0000
33
2.1414
0
3DFACE
8
S_UMGEBUNG_GELAENDE
10
45.0000
20
70.0000
30
2.1414
11
50.0000
21
70.0000
31
2.2294
12
50.0000
22
75.0000
32
2.3194
13
45.0000
23
75.0000
33
2.2314
0
3DFACE
8
S_UMGEBUNG_GELAENDE
10
45.0000
20
75.0000
30
2.2314
11
50.0000
21
75.0000
31
2.3194
12
50.0000
22
80.0000
32
2.4094
13
45.0000
23
80.0000
33
2.3214
0
3DFACE
8
S_UMGEBUNG_GELAENDE
10
45.0000
20
80.0000
30
2.3214
11
50.0000
21
80.0000
31
2.4094
12
50.0000
22
85.0000
32
2.4994
13
45.0000
23
85.0000
33
2.4114
0
3DFACE
8
S_UMGEBUNG_GELAENDE
10
45.0000
20
85.0000
30
2.4114
11
50.0000
21
85.0000
31
2.4994
12
50.0000
22
90.0000
32
2.5894
13
45.0000
23
90.0000
33
2.5014
0
3DFACE
8
S_UMGEBUNG_GELAENDE
10
45.0000
20
90.0000
30
2.5014
11
50.0000
21
90.0000
31
2.5894
12
50.0000
22
95.0000
32
2.6794
13
45.0000
23
95.0000
33
2.5914
0
3DFACE
8
S_UMGEBUNG_GELAENDE
10
45.0000
20
95.0000
30
2.5914
11
50.0000
21
95.0000
31
2.6794
12
50.0000
22
100.0000
32
2.7694
13
45.0000
23
100.0000
33
2.6814
0
3DFACE
8
S_UMGEBUNG_GELAENDE
10
45.0000
20
100.0000
30
2.6814
11
50.0000
21
100.0000
31
2.7694
12
50.0000
22
105.0000
32
2.8594
13
45.0000
23
105.0000
33
2.7714
0
3DFACE
8
S_UMGEBUNG_GELAENDE
10
45.0000
20
105.0000
30
2.7714
11
50.0000
21
105.0000
31
2.8594
12
50.0000
22
110.0000
32
2.9494
13
45.0000
23
110.0000
33
2.8614
0
3DFACE
8
S_UMGEBUNG_GELAENDE
10
45.0000
20
110.0000
30
2.8614
11
50.0000
21
110.0000
31
2.9494
12
50.0000
22
115.0000
32
3.0394
13
45.0000
23
115.0000
33
2.9514
0
3DFACE
8
S_UMGEBUNG_GELAENDE
10
45.0000
20
115.0000
30
2.9514
11
50.0000
21
115.0000
31
3.0394
12
50.0000
22
120.0000
32
3.1294
13
45.0000
23
120.0000
33
3.0414
0
3DFACE
8
S_UMGEBUNG_GELAENDE
10
45.0000
20
120.0000
30
3.0414
11
50.0000
21
120.0000
31
3.1294
12
50.0000
22
125.0000
32
3.2194
13
45.0000
23
125.0000
33
3.1314
0
3DFACE
8
S_UMGEBUNG_GELAENDE
10
45.0000
20
125.0000
30
3.1314
11
50.0000
21
125.0000
31
3.2194
12
50.0000
22
130.0000
32
3.3094
13
45.0000
23
130.0000
33
3.2214
0
3DFACE
8
S_UMGEBUNG_GELAENDE
10
45.0000
20
130.0000
30
3.2214
11
50.0000
21
130.0000
31
3.3094
12
50.0000
22
135.0000
32
3.3994
13
45.0000
23
135.0000
33
3.3114
0
3DFACE
8
S_UMGEBUNG_GELAENDE
10
45.0000
20
135.0000
30
3.3114
11
50.0000
21
135.0000
31
3.3994
12
50.0000
22
140.0000
32
3.4894
13
45.0000
23
140.0000
33
3.4014
0
3DFACE
8
S_UMGEBUNG_GELAENDE
10
50.0000
20
-140.0000
30
-1.5506
11
55.0000
21
-140.0000
31
-1.4715
12
55.0000
22
-135.0000
32
-1.3815
13
50.0000
23
-135.0000
33
-1.4606
0
3DFACE
8
S_UMGEBUNG_GELAENDE
10
50.0000
20
-135.0000
30
-1.4606
11
55.0000
21
-135.0000
31
-1.3815
12
55.0000
22
-130.0000
32
-1.2915
13
50.0000
23
-130.0000
33
-1.3706
0
3DFACE
8
S_UMGEBUNG_GELAENDE
10
50.0000
20
-130.0000
30
-1.3706
11
55.0000
21
-130.0000
31
-1.2915
12
55.0000
22
-125.0000
32
-1.2015
13
50.0000
23
-125.0000
33
-1.2806
0
3DFACE
8
S_UMGEBUNG_GELAENDE
10
50.0000
20
-125.0000
30
-1.2806
11
55.0000
21
-125.0000
31
-1.2015
12
55.0000
22
-120.0000
32
-1.1115
13
50.0000
23
-120.0000
33
-1.1906
0
3DFACE
8
S_UMGEBUNG_GELAENDE
10
50.0000
20
-120.0000
30
-1.1906
11
55.0000
21
-120.0000
31
-1.1115
12
55.0000
22
-115.0000
32
-1.0215
13
50.0000
23
-115.0000
33
-1.1006
0
3DFACE
8
S_UMGEBUNG_GELAENDE
10
50.0000
20
-115.0000
30
-1.1006
11
55.0000
21
-115.0000
31
-1.0215
12
55.0000
22
-110.0000
32
-0.9315
13
50.0000
23
-110.0000
33
-1.0106
0
3DFACE
8
S_UMGEBUNG_GELAENDE
10
50.0000
20
-110.0000
30
-1.0106
11
55.0000
21
-110.0000
31
-0.9315
12
55.0000
22
-105.0000
32
-0.8415
13
50.0000
23
-105.0000
33
-0.9206
0
3DFACE
8
S_UMGEBUNG_GELAENDE
10
50.0000
20
-105.0000
30
-0.9206
11
55.0000
21
-105.0000
31
-0.8415
12
55.0000
22
-100.0000
32
-0.7515
13
50.0000
23
-100.0000
33
-0.8306
0
3DFACE
8
S_UMGEBUNG_GELAENDE
10
50.0000
20
-100.0000
30
-0.8306
11
55.0000
21
-100.0000
31
-0.7515
12
55.0000
22
-95.0000
32
-0.6615
13
50.0000
23
-95.0000
33
-0.7406
0
3DFACE
8
S_UMGEBUNG_GELAENDE
10
50.0000
20
-95.0000
30
-0.7406
11
55.0000
21
-95.0000
31
-0.6615
12
55.0000
22
-90.0000
32
-0.5715
13
50.0000
23
-90.0000
33
-0.6506
0
3DFACE
8
S_UMGEBUNG_GELAENDE
10
50.0000
20
-90.0000
30
-0.6506
11
55.0000
21
-90.0000
31
-0.5715
12
55.0000
22
-85.0000
32
-0.4815
13
50.0000
23
-85.0000
33
-0.5606
0
3DFACE
8
S_UMGEBUNG_GELAENDE
10
50.0000
20
-85.0000
30
-0.5606
11
55.0000
21
-85.0000
31
-0.4815
12
55.0000
22
-80.0000
32
-0.3915
13
50.0000
23
-80.0000
33
-0.4706
0
3DFACE
8
S_UMGEBUNG_GELAENDE
10
50.0000
20
-80.0000
30
-0.4706
11
55.0000
21
-80.0000
31
-0.3915
12
55.0000
22
-75.0000
32
-0.3015
13
50.0000
23
-75.0000
33
-0.3806
0
3DFACE
8
S_UMGEBUNG_GELAENDE
10
50.0000
20
-75.0000
30
-0.3806
11
55.0000
21
-75.0000
31
-0.3015
12
55.0000
22
-70.0000
32
-0.2115
13
50.0000
23
-70.0000
33
-0.2906
0
3DFACE
8
S_UMGEBUNG_GELAENDE
10
50.0000
20
-70.0000
30
-0.2906
11
55.0000
21
-70.0000
31
-0.2115
12
55.0000
22
-65.0000
32
-0.1215
13
50.0000
23
-65.0000
33
-0.2006
0
3DFACE
8
S_UMGEBUNG_GELAENDE
10
50.0000
20
-65.0000
30
-0.2006
11
55.0000
21
-65.0000
31
-0.1215
12
55.0000
22
-60.0000
32
-0.0315
13
50.0000
23
-60.0000
33
-0.1106
0
3DFACE
8
S_UMGEBUNG_GELAENDE
10
50.0000
20
-60.0000
30
-0.1106
11
55.0000
21
-60.0000
31
-0.0315
12
55.0000
22
-55.0000
32
0.0585
13
50.0000
23
-55.0000
33
-0.0206
0
3DFACE
8
S_UMGEBUNG_GELAENDE
10
50.0000
20
-55.0000
30
-0.0206
11
55.0000
21
-55.0000
31
0.0585
12
55.0000
22
-50.0000
32
0.1485
13
50.0000
23
-50.0000
33
0.0694
0
3DFACE
8
S_UMGEBUNG_GELAENDE
10
50.0000
20
-50.0000
30
0.0694
11
55.0000
21
-50.0000
31
0.1485
12
55.0000
22
-45.0000
32
0.2385
13
50.0000
23
-45.0000
33
0.1594
0
3DFACE
8
S_UMGEBUNG_GELAENDE
10
50.0000
20
-45.0000
30
0.1594
11
55.0000
21
-45.0000
31
0.2385
12
55.0000
22
-40.0000
32
0.3285
13
50.0000
23
-40.0000
33
0.2494
0
3DFACE
8
S_UMGEBUNG_GELAENDE
10
50.0000
20
-40.0000
30
0.2494
11
55.0000
21
-40.0000
31
0.3285
12
55.0000
22
-35.0000
32
0.4185
13
50.0000
23
-35.0000
33
0.3394
0
3DFACE
8
S_UMGEBUNG_GELAENDE
10
50.0000
20
-35.0000
30
0.3394
11
55.0000
21
-35.0000
31
0.4185
12
55.0000
22
-30.0000
32
0.5085
13
50.0000
23
-30.0000
33
0.4294
0
3DFACE
8
S_UMGEBUNG_GELAENDE
10
50.0000
20
-30.0000
30
0.4294
11
55.0000
21
-30.0000
31
0.5085
12
55.0000
22
-25.0000
32
0.5985
13
50.0000
23
-25.0000
33
0.5194
0
3DFACE
8
S_UMGEBUNG_GELAENDE
10
50.0000
20
-25.0000
30
0.5194
11
55.0000
21
-25.0000
31
0.5985
12
55.0000
22
-20.0000
32
0.6885
13
50.0000
23
-20.0000
33
0.6094
0
3DFACE
8
S_UMGEBUNG_GELAENDE
10
50.0000
20
-20.0000
30
0.6094
11
55.0000
21
-20.0000
31
0.6885
12
55.0000
22
-15.0000
32
0.7785
13
50.0000
23
-15.0000
33
0.6994
0
3DFACE
8
S_UMGEBUNG_GELAENDE
10
50.0000
20
-15.0000
30
0.6994
11
55.0000
21
-15.0000
31
0.7785
12
55.0000
22
-10.0000
32
0.8685
13
50.0000
23
-10.0000
33
0.7894
0
3DFACE
8
S_UMGEBUNG_GELAENDE
10
50.0000
20
-10.0000
30
0.7894
11
55.0000
21
-10.0000
31
0.8685
12
55.0000
22
-5.0000
32
0.9585
13
50.0000
23
-5.0000
33
0.8794
0
3DFACE
8
S_UMGEBUNG_GELAENDE
10
50.0000
20
-5.0000
30
0.8794
11
55.0000
21
-5.0000
31
0.9585
12
55.0000
22
0.0000
32
1.0485
13
50.0000
23
0.0000
33
0.9694
0
3DFACE
8
S_UMGEBUNG_GELAENDE
10
50.0000
20
0.0000
30
0.9694
11
55.0000
21
0.0000
31
1.0485
12
55.0000
22
5.0000
32
1.1385
13
50.0000
23
5.0000
33
1.0594
0
3DFACE
8
S_UMGEBUNG_GELAENDE
10
50.0000
20
5.0000
30
1.0594
11
55.0000
21
5.0000
31
1.1385
12
55.0000
22
10.0000
32
1.2285
13
50.0000
23
10.0000
33
1.1494
0
3DFACE
8
S_UMGEBUNG_GELAENDE
10
50.0000
20
10.0000
30
1.1494
11
55.0000
21
10.0000
31
1.2285
12
55.0000
22
15.0000
32
1.3185
13
50.0000
23
15.0000
33
1.2394
0
3DFACE
8
S_UMGEBUNG_GELAENDE
10
50.0000
20
15.0000
30
1.2394
11
55.0000
21
15.0000
31
1.3185
12
55.0000
22
20.0000
32
1.4085
13
50.0000
23
20.0000
33
1.3294
0
3DFACE
8
S_UMGEBUNG_GELAENDE
10
50.0000
20
20.0000
30
1.3294
11
55.0000
21
20.0000
31
1.4085
12
55.0000
22
25.0000
32
1.4985
13
50.0000
23
25.0000
33
1.4194
0
3DFACE
8
S_UMGEBUNG_GELAENDE
10
50.0000
20
25.0000
30
1.4194
11
55.0000
21
25.0000
31
1.4985
12
55.0000
22
30.0000
32
1.5885
13
50.0000
23
30.0000
33
1.5094
0
3DFACE
8
S_UMGEBUNG_GELAENDE
10
50.0000
20
30.0000
30
1.5094
11
55.0000
21
30.0000
31
1.5885
12
55.0000
22
35.0000
32
1.6785
13
50.0000
23
35.0000
33
1.5994
0
3DFACE
8
S_UMGEBUNG_GELAENDE
10
50.0000
20
35.0000
30
1.5994
11
55.0000
21
35.0000
31
1.6785
12
55.0000
22
40.0000
32
1.7685
13
50.0000
23
40.0000
33
1.6894
0
3DFACE
8
S_UMGEBUNG_GELAENDE
10
50.0000
20
40.0000
30
1.6894
11
55.0000
21
40.0000
31
1.7685
12
55.0000
22
45.0000
32
1.8585
13
50.0000
23
45.0000
33
1.7794
0
3DFACE
8
S_UMGEBUNG_GELAENDE
10
50.0000
20
45.0000
30
1.7794
11
55.0000
21
45.0000
31
1.8585
12
55.0000
22
50.0000
32
1.9485
13
50.0000
23
50.0000
33
1.8694
0
3DFACE
8
S_UMGEBUNG_GELAENDE
10
50.0000
20
50.0000
30
1.8694
11
55.0000
21
50.0000
31
1.9485
12
55.0000
22
55.0000
32
2.0385
13
50.0000
23
55.0000
33
1.9594
0
3DFACE
8
S_UMGEBUNG_GELAENDE
10
50.0000
20
55.0000
30
1.9594
11
55.0000
21
55.0000
31
2.0385
12
55.0000
22
60.0000
32
2.1285
13
50.0000
23
60.0000
33
2.0494
0
3DFACE
8
S_UMGEBUNG_GELAENDE
10
50.0000
20
60.0000
30
2.0494
11
55.0000
21
60.0000
31
2.1285
12
55.0000
22
65.0000
32
2.2185
13
50.0000
23
65.0000
33
2.1394
0
3DFACE
8
S_UMGEBUNG_GELAENDE
10
50.0000
20
65.0000
30
2.1394
11
55.0000
21
65.0000
31
2.2185
12
55.0000
22
70.0000
32
2.3085
13
50.0000
23
70.0000
33
2.2294
0
3DFACE
8
S_UMGEBUNG_GELAENDE
10
50.0000
20
70.0000
30
2.2294
11
55.0000
21
70.0000
31
2.3085
12
55.0000
22
75.0000
32
2.3985
13
50.0000
23
75.0000
33
2.3194
0
3DFACE
8
S_UMGEBUNG_GELAENDE
10
50.0000
20
75.0000
30
2.3194
11
55.0000
21
75.0000
31
2.3985
12
55.0000
22
80.0000
32
2.4885
13
50.0000
23
80.0000
33
2.4094
0
3DFACE
8
S_UMGEBUNG_GELAENDE
10
50.0000
20
80.0000
30
2.4094
11
55.0000
21
80.0000
31
2.4885
12
55.0000
22
85.0000
32
2.5785
13
50.0000
23
85.0000
33
2.4994
0
3DFACE
8
S_UMGEBUNG_GELAENDE
10
50.0000
20
85.0000
30
2.4994
11
55.0000
21
85.0000
31
2.5785
12
55.0000
22
90.0000
32
2.6685
13
50.0000
23
90.0000
33
2.5894
0
3DFACE
8
S_UMGEBUNG_GELAENDE
10
50.0000
20
90.0000
30
2.5894
11
55.0000
21
90.0000
31
2.6685
12
55.0000
22
95.0000
32
2.7585
13
50.0000
23
95.0000
33
2.6794
0
3DFACE
8
S_UMGEBUNG_GELAENDE
10
50.0000
20
95.0000
30
2.6794
11
55.0000
21
95.0000
31
2.7585
12
55.0000
22
100.0000
32
2.8485
13
50.0000
23
100.0000
33
2.7694
0
3DFACE
8
S_UMGEBUNG_GELAENDE
10
50.0000
20
100.0000
30
2.7694
11
55.0000
21
100.0000
31
2.8485
12
55.0000
22
105.0000
32
2.9385
13
50.0000
23
105.0000
33
2.8594
0
3DFACE
8
S_UMGEBUNG_GELAENDE
10
50.0000
20
105.0000
30
2.8594
11
55.0000
21
105.0000
31
2.9385
12
55.0000
22
110.0000
32
3.0285
13
50.0000
23
110.0000
33
2.9494
0
3DFACE
8
S_UMGEBUNG_GELAENDE
10
50.0000
20
110.0000
30
2.9494
11
55.0000
21
110.0000
31
3.0285
12
55.0000
22
115.0000
32
3.1185
13
50.0000
23
115.0000
33
3.0394
0
3DFACE
8
S_UMGEBUNG_GELAENDE
10
50.0000
20
115.0000
30
3.0394
11
55.0000
21
115.0000
31
3.1185
12
55.0000
22
120.0000
32
3.2085
13
50.0000
23
120.0000
33
3.1294
0
3DFACE
8
S_UMGEBUNG_GELAENDE
10
50.0000
20
120.0000
30
3.1294
11
55.0000
21
120.0000
31
3.2085
12
55.0000
22
125.0000
32
3.2985
13
50.0000
23
125.0000
33
3.2194
0
3DFACE
8
S_UMGEBUNG_GELAENDE
10
50.0000
20
125.0000
30
3.2194
11
55.0000
21
125.0000
31
3.2985
12
55.0000
22
130.0000
32
3.3885
13
50.0000
23
130.0000
33
3.3094
0
3DFACE
8
S_UMGEBUNG_GELAENDE
10
50.0000
20
130.0000
30
3.3094
11
55.0000
21
130.0000
31
3.3885
12
55.0000
22
135.0000
32
3.4785
13
50.0000
23
135.0000
33
3.3994
0
3DFACE
8
S_UMGEBUNG_GELAENDE
10
50.0000
20
135.0000
30
3.3994
11
55.0000
21
135.0000
31
3.4785
12
55.0000
22
140.0000
32
3.5685
13
50.0000
23
140.0000
33
3.4894
0
3DFACE
8
S_UMGEBUNG_GELAENDE
10
55.0000
20
-140.0000
30
-1.4715
11
60.0000
21
-140.0000
31
-1.4015
12
60.0000
22
-135.0000
32
-1.3115
13
55.0000
23
-135.0000
33
-1.3815
0
3DFACE
8
S_UMGEBUNG_GELAENDE
10
55.0000
20
-135.0000
30
-1.3815
11
60.0000
21
-135.0000
31
-1.3115
12
60.0000
22
-130.0000
32
-1.2215
13
55.0000
23
-130.0000
33
-1.2915
0
3DFACE
8
S_UMGEBUNG_GELAENDE
10
55.0000
20
-130.0000
30
-1.2915
11
60.0000
21
-130.0000
31
-1.2215
12
60.0000
22
-125.0000
32
-1.1315
13
55.0000
23
-125.0000
33
-1.2015
0
3DFACE
8
S_UMGEBUNG_GELAENDE
10
55.0000
20
-125.0000
30
-1.2015
11
60.0000
21
-125.0000
31
-1.1315
12
60.0000
22
-120.0000
32
-1.0415
13
55.0000
23
-120.0000
33
-1.1115
0
3DFACE
8
S_UMGEBUNG_GELAENDE
10
55.0000
20
-120.0000
30
-1.1115
11
60.0000
21
-120.0000
31
-1.0415
12
60.0000
22
-115.0000
32
-0.9515
13
55.0000
23
-115.0000
33
-1.0215
0
3DFACE
8
S_UMGEBUNG_GELAENDE
10
55.0000
20
-115.0000
30
-1.0215
11
60.0000
21
-115.0000
31
-0.9515
12
60.0000
22
-110.0000
32
-0.8615
13
55.0000
23
-110.0000
33
-0.9315
0
3DFACE
8
S_UMGEBUNG_GELAENDE
10
55.0000
20
-110.0000
30
-0.9315
11
60.0000
21
-110.0000
31
-0.8615
12
60.0000
22
-105.0000
32
-0.7715
13
55.0000
23
-105.0000
33
-0.8415
0
3DFACE
8
S_UMGEBUNG_GELAENDE
10
55.0000
20
-105.0000
30
-0.8415
11
60.0000
21
-105.0000
31
-0.7715
12
60.0000
22
-100.0000
32
-0.6815
13
55.0000
23
-100.0000
33
-0.7515
0
3DFACE
8
S_UMGEBUNG_GELAENDE
10
55.0000
20
-100.0000
30
-0.7515
11
60.0000
21
-100.0000
31
-0.6815
12
60.0000
22
-95.0000
32
-0.5915
13
55.0000
23
-95.0000
33
-0.6615
0
3DFACE
8
S_UMGEBUNG_GELAENDE
10
55.0000
20
-95.0000
30
-0.6615
11
60.0000
21
-95.0000
31
-0.5915
12
60.0000
22
-90.0000
32
-0.5015
13
55.0000
23
-90.0000
33
-0.5715
0
3DFACE
8
S_UMGEBUNG_GELAENDE
10
55.0000
20
-90.0000
30
-0.5715
11
60.0000
21
-90.0000
31
-0.5015
12
60.0000
22
-85.0000
32
-0.4115
13
55.0000
23
-85.0000
33
-0.4815
0
3DFACE
8
S_UMGEBUNG_GELAENDE
10
55.0000
20
-85.0000
30
-0.4815
11
60.0000
21
-85.0000
31
-0.4115
12
60.0000
22
-80.0000
32
-0.3215
13
55.0000
23
-80.0000
33
-0.3915
0
3DFACE
8
S_UMGEBUNG_GELAENDE
10
55.0000
20
-80.0000
30
-0.3915
11
60.0000
21
-80.0000
31
-0.3215
12
60.0000
22
-75.0000
32
-0.2315
13
55.0000
23
-75.0000
33
-0.3015
0
3DFACE
8
S_UMGEBUNG_GELAENDE
10
55.0000
20
-75.0000
30
-0.3015
11
60.0000
21
-75.0000
31
-0.2315
12
60.0000
22
-70.0000
32
-0.1415
13
55.0000
23
-70.0000
33
-0.2115
0
3DFACE
8
S_UMGEBUNG_GELAENDE
10
55.0000
20
-70.0000
30
-0.2115
11
60.0000
21
-70.0000
31
-0.1415
12
60.0000
22
-65.0000
32
-0.0515
13
55.0000
23
-65.0000
33
-0.1215
0
3DFACE
8
S_UMGEBUNG_GELAENDE
10
55.0000
20
-65.0000
30
-0.1215
11
60.0000
21
-65.0000
31
-0.0515
12
60.0000
22
-60.0000
32
0.0385
13
55.0000
23
-60.0000
33
-0.0315
0
3DFACE
8
S_UMGEBUNG_GELAENDE
10
55.0000
20
-60.0000
30
-0.0315
11
60.0000
21
-60.0000
31
0.0385
12
60.0000
22
-55.0000
32
0.1285
13
55.0000
23
-55.0000
33
0.0585
0
3DFACE
8
S_UMGEBUNG_GELAENDE
10
55.0000
20
-55.0000
30
0.0585
11
60.0000
21
-55.0000
31
0.1285
12
60.0000
22
-50.0000
32
0.2185
13
55.0000
23
-50.0000
33
0.1485
0
3DFACE
8
S_UMGEBUNG_GELAENDE
10
55.0000
20
-50.0000
30
0.1485
11
60.0000
21
-50.0000
31
0.2185
12
60.0000
22
-45.0000
32
0.3085
13
55.0000
23
-45.0000
33
0.2385
0
3DFACE
8
S_UMGEBUNG_GELAENDE
10
55.0000
20
-45.0000
30
0.2385
11
60.0000
21
-45.0000
31
0.3085
12
60.0000
22
-40.0000
32
0.3985
13
55.0000
23
-40.0000
33
0.3285
0
3DFACE
8
S_UMGEBUNG_GELAENDE
10
55.0000
20
-40.0000
30
0.3285
11
60.0000
21
-40.0000
31
0.3985
12
60.0000
22
-35.0000
32
0.4885
13
55.0000
23
-35.0000
33
0.4185
0
3DFACE
8
S_UMGEBUNG_GELAENDE
10
55.0000
20
-35.0000
30
0.4185
11
60.0000
21
-35.0000
31
0.4885
12
60.0000
22
-30.0000
32
0.5785
13
55.0000
23
-30.0000
33
0.5085
0
3DFACE
8
S_UMGEBUNG_GELAENDE
10
55.0000
20
-30.0000
30
0.5085
11
60.0000
21
-30.0000
31
0.5785
12
60.0000
22
-25.0000
32
0.6685
13
55.0000
23
-25.0000
33
0.5985
0
3DFACE
8
S_UMGEBUNG_GELAENDE
10
55.0000
20
-25.0000
30
0.5985
11
60.0000
21
-25.0000
31
0.6685
12
60.0000
22
-20.0000
32
0.7585
13
55.0000
23
-20.0000
33
0.6885
0
3DFACE
8
S_UMGEBUNG_GELAENDE
10
55.0000
20
-20.0000
30
0.6885
11
60.0000
21
-20.0000
31
0.7585
12
60.0000
22
-15.0000
32
0.8485
13
55.0000
23
-15.0000
33
0.7785
0
3DFACE
8
S_UMGEBUNG_GELAENDE
10
55.0000
20
-15.0000
30
0.7785
11
60.0000
21
-15.0000
31
0.8485
12
60.0000
22
-10.0000
32
0.9385
13
55.0000
23
-10.0000
33
0.8685
0
3DFACE
8
S_UMGEBUNG_GELAENDE
10
55.0000
20
-10.0000
30
0.8685
11
60.0000
21
-10.0000
31
0.9385
12
60.0000
22
-5.0000
32
1.0285
13
55.0000
23
-5.0000
33
0.9585
0
3DFACE
8
S_UMGEBUNG_GELAENDE
10
55.0000
20
-5.0000
30
0.9585
11
60.0000
21
-5.0000
31
1.0285
12
60.0000
22
0.0000
32
1.1185
13
55.0000
23
0.0000
33
1.0485
0
3DFACE
8
S_UMGEBUNG_GELAENDE
10
55.0000
20
0.0000
30
1.0485
11
60.0000
21
0.0000
31
1.1185
12
60.0000
22
5.0000
32
1.2085
13
55.0000
23
5.0000
33
1.1385
0
3DFACE
8
S_UMGEBUNG_GELAENDE
10
55.0000
20
5.0000
30
1.1385
11
60.0000
21
5.0000
31
1.2085
12
60.0000
22
10.0000
32
1.2985
13
55.0000
23
10.0000
33
1.2285
0
3DFACE
8
S_UMGEBUNG_GELAENDE
10
55.0000
20
10.0000
30
1.2285
11
60.0000
21
10.0000
31
1.2985
12
60.0000
22
15.0000
32
1.3885
13
55.0000
23
15.0000
33
1.3185
0
3DFACE
8
S_UMGEBUNG_GELAENDE
10
55.0000
20
15.0000
30
1.3185
11
60.0000
21
15.0000
31
1.3885
12
60.0000
22
20.0000
32
1.4785
13
55.0000
23
20.0000
33
1.4085
0
3DFACE
8
S_UMGEBUNG_GELAENDE
10
55.0000
20
20.0000
30
1.4085
11
60.0000
21
20.0000
31
1.4785
12
60.0000
22
25.0000
32
1.5685
13
55.0000
23
25.0000
33
1.4985
0
3DFACE
8
S_UMGEBUNG_GELAENDE
10
55.0000
20
25.0000
30
1.4985
11
60.0000
21
25.0000
31
1.5685
12
60.0000
22
30.0000
32
1.6585
13
55.0000
23
30.0000
33
1.5885
0
3DFACE
8
S_UMGEBUNG_GELAENDE
10
55.0000
20
30.0000
30
1.5885
11
60.0000
21
30.0000
31
1.6585
12
60.0000
22
35.0000
32
1.7485
13
55.0000
23
35.0000
33
1.6785
0
3DFACE
8
S_UMGEBUNG_GELAENDE
10
55.0000
20
35.0000
30
1.6785
11
60.0000
21
35.0000
31
1.7485
12
60.0000
22
40.0000
32
1.8385
13
55.0000
23
40.0000
33
1.7685
0
3DFACE
8
S_UMGEBUNG_GELAENDE
10
55.0000
20
40.0000
30
1.7685
11
60.0000
21
40.0000
31
1.8385
12
60.0000
22
45.0000
32
1.9285
13
55.0000
23
45.0000
33
1.8585
0
3DFACE
8
S_UMGEBUNG_GELAENDE
10
55.0000
20
45.0000
30
1.8585
11
60.0000
21
45.0000
31
1.9285
12
60.0000
22
50.0000
32
2.0185
13
55.0000
23
50.0000
33
1.9485
0
3DFACE
8
S_UMGEBUNG_GELAENDE
10
55.0000
20
50.0000
30
1.9485
11
60.0000
21
50.0000
31
2.0185
12
60.0000
22
55.0000
32
2.1085
13
55.0000
23
55.0000
33
2.0385
0
3DFACE
8
S_UMGEBUNG_GELAENDE
10
55.0000
20
55.0000
30
2.0385
11
60.0000
21
55.0000
31
2.1085
12
60.0000
22
60.0000
32
2.1985
13
55.0000
23
60.0000
33
2.1285
0
3DFACE
8
S_UMGEBUNG_GELAENDE
10
55.0000
20
60.0000
30
2.1285
11
60.0000
21
60.0000
31
2.1985
12
60.0000
22
65.0000
32
2.2885
13
55.0000
23
65.0000
33
2.2185
0
3DFACE
8
S_UMGEBUNG_GELAENDE
10
55.0000
20
65.0000
30
2.2185
11
60.0000
21
65.0000
31
2.2885
12
60.0000
22
70.0000
32
2.3785
13
55.0000
23
70.0000
33
2.3085
0
3DFACE
8
S_UMGEBUNG_GELAENDE
10
55.0000
20
70.0000
30
2.3085
11
60.0000
21
70.0000
31
2.3785
12
60.0000
22
75.0000
32
2.4685
13
55.0000
23
75.0000
33
2.3985
0
3DFACE
8
S_UMGEBUNG_GELAENDE
10
55.0000
20
75.0000
30
2.3985
11
60.0000
21
75.0000
31
2.4685
12
60.0000
22
80.0000
32
2.5585
13
55.0000
23
80.0000
33
2.4885
0
3DFACE
8
S_UMGEBUNG_GELAENDE
10
55.0000
20
80.0000
30
2.4885
11
60.0000
21
80.0000
31
2.5585
12
60.0000
22
85.0000
32
2.6485
13
55.0000
23
85.0000
33
2.5785
0
3DFACE
8
S_UMGEBUNG_GELAENDE
10
55.0000
20
85.0000
30
2.5785
11
60.0000
21
85.0000
31
2.6485
12
60.0000
22
90.0000
32
2.7385
13
55.0000
23
90.0000
33
2.6685
0
3DFACE
8
S_UMGEBUNG_GELAENDE
10
55.0000
20
90.0000
30
2.6685
11
60.0000
21
90.0000
31
2.7385
12
60.0000
22
95.0000
32
2.8285
13
55.0000
23
95.0000
33
2.7585
0
3DFACE
8
S_UMGEBUNG_GELAENDE
10
55.0000
20
95.0000
30
2.7585
11
60.0000
21
95.0000
31
2.8285
12
60.0000
22
100.0000
32
2.9185
13
55.0000
23
100.0000
33
2.8485
0
3DFACE
8
S_UMGEBUNG_GELAENDE
10
55.0000
20
100.0000
30
2.8485
11
60.0000
21
100.0000
31
2.9185
12
60.0000
22
105.0000
32
3.0085
13
55.0000
23
105.0000
33
2.9385
0
3DFACE
8
S_UMGEBUNG_GELAENDE
10
55.0000
20
105.0000
30
2.9385
11
60.0000
21
105.0000
31
3.0085
12
60.0000
22
110.0000
32
3.0985
13
55.0000
23
110.0000
33
3.0285
0
3DFACE
8
S_UMGEBUNG_GELAENDE
10
55.0000
20
110.0000
30
3.0285
11
60.0000
21
110.0000
31
3.0985
12
60.0000
22
115.0000
32
3.1885
13
55.0000
23
115.0000
33
3.1185
0
3DFACE
8
S_UMGEBUNG_GELAENDE
10
55.0000
20
115.0000
30
3.1185
11
60.0000
21
115.0000
31
3.1885
12
60.0000
22
120.0000
32
3.2785
13
55.0000
23
120.0000
33
3.2085
0
3DFACE
8
S_UMGEBUNG_GELAENDE
10
55.0000
20
120.0000
30
3.2085
11
60.0000
21
120.0000
31
3.2785
12
60.0000
22
125.0000
32
3.3685
13
55.0000
23
125.0000
33
3.2985
0
3DFACE
8
S_UMGEBUNG_GELAENDE
10
55.0000
20
125.0000
30
3.2985
11
60.0000
21
125.0000
31
3.3685
12
60.0000
22
130.0000
32
3.4585
13
55.0000
23
130.0000
33
3.3885
0
3DFACE
8
S_UMGEBUNG_GELAENDE
10
55.0000
20
130.0000
30
3.3885
11
60.0000
21
130.0000
31
3.4585
12
60.0000
22
135.0000
32
3.5485
13
55.0000
23
135.0000
33
3.4785
0
3DFACE
8
S_UMGEBUNG_GELAENDE
10
55.0000
20
135.0000
30
3.4785
11
60.0000
21
135.0000
31
3.5485
12
60.0000
22
140.0000
32
3.6385
13
55.0000
23
140.0000
33
3.5685
0
3DFACE
8
S_UMGEBUNG_GELAENDE
10
60.0000
20
-135.0000
30
-1.3115
11
65.0000
21
-135.0000
31
-1.2509
12
65.0000
22
-130.0000
32
-1.1609
13
60.0000
23
-130.0000
33
-1.2215
0
3DFACE
8
S_UMGEBUNG_GELAENDE
10
60.0000
20
-130.0000
30
-1.2215
11
65.0000
21
-130.0000
31
-1.1609
12
65.0000
22
-125.0000
32
-1.0709
13
60.0000
23
-125.0000
33
-1.1315
0
3DFACE
8
S_UMGEBUNG_GELAENDE
10
60.0000
20
-125.0000
30
-1.1315
11
65.0000
21
-125.0000
31
-1.0709
12
65.0000
22
-120.0000
32
-0.9809
13
60.0000
23
-120.0000
33
-1.0415
0
3DFACE
8
S_UMGEBUNG_GELAENDE
10
60.0000
20
-120.0000
30
-1.0415
11
65.0000
21
-120.0000
31
-0.9809
12
65.0000
22
-115.0000
32
-0.8909
13
60.0000
23
-115.0000
33
-0.9515
0
3DFACE
8
S_UMGEBUNG_GELAENDE
10
60.0000
20
-115.0000
30
-0.9515
11
65.0000
21
-115.0000
31
-0.8909
12
65.0000
22
-110.0000
32
-0.8009
13
60.0000
23
-110.0000
33
-0.8615
0
3DFACE
8
S_UMGEBUNG_GELAENDE
10
60.0000
20
-110.0000
30
-0.8615
11
65.0000
21
-110.0000
31
-0.8009
12
65.0000
22
-105.0000
32
-0.7109
13
60.0000
23
-105.0000
33
-0.7715
0
3DFACE
8
S_UMGEBUNG_GELAENDE
10
60.0000
20
-105.0000
30
-0.7715
11
65.0000
21
-105.0000
31
-0.7109
12
65.0000
22
-100.0000
32
-0.6209
13
60.0000
23
-100.0000
33
-0.6815
0
3DFACE
8
S_UMGEBUNG_GELAENDE
10
60.0000
20
-100.0000
30
-0.6815
11
65.0000
21
-100.0000
31
-0.6209
12
65.0000
22
-95.0000
32
-0.5309
13
60.0000
23
-95.0000
33
-0.5915
0
3DFACE
8
S_UMGEBUNG_GELAENDE
10
60.0000
20
-95.0000
30
-0.5915
11
65.0000
21
-95.0000
31
-0.5309
12
65.0000
22
-90.0000
32
-0.4409
13
60.0000
23
-90.0000
33
-0.5015
0
3DFACE
8
S_UMGEBUNG_GELAENDE
10
60.0000
20
-90.0000
30
-0.5015
11
65.0000
21
-90.0000
31
-0.4409
12
65.0000
22
-85.0000
32
-0.3509
13
60.0000
23
-85.0000
33
-0.4115
0
3DFACE
8
S_UMGEBUNG_GELAENDE
10
60.0000
20
-85.0000
30
-0.4115
11
65.0000
21
-85.0000
31
-0.3509
12
65.0000
22
-80.0000
32
-0.2609
13
60.0000
23
-80.0000
33
-0.3215
0
3DFACE
8
S_UMGEBUNG_GELAENDE
10
60.0000
20
-80.0000
30
-0.3215
11
65.0000
21
-80.0000
31
-0.2609
12
65.0000
22
-75.0000
32
-0.1709
13
60.0000
23
-75.0000
33
-0.2315
0
3DFACE
8
S_UMGEBUNG_GELAENDE
10
60.0000
20
-75.0000
30
-0.2315
11
65.0000
21
-75.0000
31
-0.1709
12
65.0000
22
-70.0000
32
-0.0809
13
60.0000
23
-70.0000
33
-0.1415
0
3DFACE
8
S_UMGEBUNG_GELAENDE
10
60.0000
20
-70.0000
30
-0.1415
11
65.0000
21
-70.0000
31
-0.0809
12
65.0000
22
-65.0000
32
0.0091
13
60.0000
23
-65.0000
33
-0.0515
0
3DFACE
8
S_UMGEBUNG_GELAENDE
10
60.0000
20
-65.0000
30
-0.0515
11
65.0000
21
-65.0000
31
0.0091
12
65.0000
22
-60.0000
32
0.0991
13
60.0000
23
-60.0000
33
0.0385
0
3DFACE
8
S_UMGEBUNG_GELAENDE
10
60.0000
20
-60.0000
30
0.0385
11
65.0000
21
-60.0000
31
0.0991
12
65.0000
22
-55.0000
32
0.1891
13
60.0000
23
-55.0000
33
0.1285
0
3DFACE
8
S_UMGEBUNG_GELAENDE
10
60.0000
20
-55.0000
30
0.1285
11
65.0000
21
-55.0000
31
0.1891
12
65.0000
22
-50.0000
32
0.2791
13
60.0000
23
-50.0000
33
0.2185
0
3DFACE
8
S_UMGEBUNG_GELAENDE
10
60.0000
20
-50.0000
30
0.2185
11
65.0000
21
-50.0000
31
0.2791
12
65.0000
22
-45.0000
32
0.3691
13
60.0000
23
-45.0000
33
0.3085
0
3DFACE
8
S_UMGEBUNG_GELAENDE
10
60.0000
20
-45.0000
30
0.3085
11
65.0000
21
-45.0000
31
0.3691
12
65.0000
22
-40.0000
32
0.4591
13
60.0000
23
-40.0000
33
0.3985
0
3DFACE
8
S_UMGEBUNG_GELAENDE
10
60.0000
20
-40.0000
30
0.3985
11
65.0000
21
-40.0000
31
0.4591
12
65.0000
22
-35.0000
32
0.5491
13
60.0000
23
-35.0000
33
0.4885
0
3DFACE
8
S_UMGEBUNG_GELAENDE
10
60.0000
20
-35.0000
30
0.4885
11
65.0000
21
-35.0000
31
0.5491
12
65.0000
22
-30.0000
32
0.6391
13
60.0000
23
-30.0000
33
0.5785
0
3DFACE
8
S_UMGEBUNG_GELAENDE
10
60.0000
20
-30.0000
30
0.5785
11
65.0000
21
-30.0000
31
0.6391
12
65.0000
22
-25.0000
32
0.7291
13
60.0000
23
-25.0000
33
0.6685
0
3DFACE
8
S_UMGEBUNG_GELAENDE
10
60.0000
20
-25.0000
30
0.6685
11
65.0000
21
-25.0000
31
0.7291
12
65.0000
22
-20.0000
32
0.8191
13
60.0000
23
-20.0000
33
0.7585
0
3DFACE
8
S_UMGEBUNG_GELAENDE
10
60.0000
20
-20.0000
30
0.7585
11
65.0000
21
-20.0000
31
0.8191
12
65.0000
22
-15.0000
32
0.9091
13
60.0000
23
-15.0000
33
0.8485
0
3DFACE
8
S_UMGEBUNG_GELAENDE
10
60.0000
20
-15.0000
30
0.8485
11
65.0000
21
-15.0000
31
0.9091
12
65.0000
22
-10.0000
32
0.9991
13
60.0000
23
-10.0000
33
0.9385
0
3DFACE
8
S_UMGEBUNG_GELAENDE
10
60.0000
20
-10.0000
30
0.9385
11
65.0000
21
-10.0000
31
0.9991
12
65.0000
22
-5.0000
32
1.0891
13
60.0000
23
-5.0000
33
1.0285
0
3DFACE
8
S_UMGEBUNG_GELAENDE
10
60.0000
20
-5.0000
30
1.0285
11
65.0000
21
-5.0000
31
1.0891
12
65.0000
22
0.0000
32
1.1791
13
60.0000
23
0.0000
33
1.1185
0
3DFACE
8
S_UMGEBUNG_GELAENDE
10
60.0000
20
0.0000
30
1.1185
11
65.0000
21
0.0000
31
1.1791
12
65.0000
22
5.0000
32
1.2691
13
60.0000
23
5.0000
33
1.2085
0
3DFACE
8
S_UMGEBUNG_GELAENDE
10
60.0000
20
5.0000
30
1.2085
11
65.0000
21
5.0000
31
1.2691
12
65.0000
22
10.0000
32
1.3591
13
60.0000
23
10.0000
33
1.2985
0
3DFACE
8
S_UMGEBUNG_GELAENDE
10
60.0000
20
10.0000
30
1.2985
11
65.0000
21
10.0000
31
1.3591
12
65.0000
22
15.0000
32
1.4491
13
60.0000
23
15.0000
33
1.3885
0
3DFACE
8
S_UMGEBUNG_GELAENDE
10
60.0000
20
15.0000
30
1.3885
11
65.0000
21
15.0000
31
1.4491
12
65.0000
22
20.0000
32
1.5391
13
60.0000
23
20.0000
33
1.4785
0
3DFACE
8
S_UMGEBUNG_GELAENDE
10
60.0000
20
20.0000
30
1.4785
11
65.0000
21
20.0000
31
1.5391
12
65.0000
22
25.0000
32
1.6291
13
60.0000
23
25.0000
33
1.5685
0
3DFACE
8
S_UMGEBUNG_GELAENDE
10
60.0000
20
25.0000
30
1.5685
11
65.0000
21
25.0000
31
1.6291
12
65.0000
22
30.0000
32
1.7191
13
60.0000
23
30.0000
33
1.6585
0
3DFACE
8
S_UMGEBUNG_GELAENDE
10
60.0000
20
30.0000
30
1.6585
11
65.0000
21
30.0000
31
1.7191
12
65.0000
22
35.0000
32
1.8091
13
60.0000
23
35.0000
33
1.7485
0
3DFACE
8
S_UMGEBUNG_GELAENDE
10
60.0000
20
35.0000
30
1.7485
11
65.0000
21
35.0000
31
1.8091
12
65.0000
22
40.0000
32
1.8991
13
60.0000
23
40.0000
33
1.8385
0
3DFACE
8
S_UMGEBUNG_GELAENDE
10
60.0000
20
40.0000
30
1.8385
11
65.0000
21
40.0000
31
1.8991
12
65.0000
22
45.0000
32
1.9891
13
60.0000
23
45.0000
33
1.9285
0
3DFACE
8
S_UMGEBUNG_GELAENDE
10
60.0000
20
45.0000
30
1.9285
11
65.0000
21
45.0000
31
1.9891
12
65.0000
22
50.0000
32
2.0791
13
60.0000
23
50.0000
33
2.0185
0
3DFACE
8
S_UMGEBUNG_GELAENDE
10
60.0000
20
50.0000
30
2.0185
11
65.0000
21
50.0000
31
2.0791
12
65.0000
22
55.0000
32
2.1691
13
60.0000
23
55.0000
33
2.1085
0
3DFACE
8
S_UMGEBUNG_GELAENDE
10
60.0000
20
55.0000
30
2.1085
11
65.0000
21
55.0000
31
2.1691
12
65.0000
22
60.0000
32
2.2591
13
60.0000
23
60.0000
33
2.1985
0
3DFACE
8
S_UMGEBUNG_GELAENDE
10
60.0000
20
60.0000
30
2.1985
11
65.0000
21
60.0000
31
2.2591
12
65.0000
22
65.0000
32
2.3491
13
60.0000
23
65.0000
33
2.2885
0
3DFACE
8
S_UMGEBUNG_GELAENDE
10
60.0000
20
65.0000
30
2.2885
11
65.0000
21
65.0000
31
2.3491
12
65.0000
22
70.0000
32
2.4391
13
60.0000
23
70.0000
33
2.3785
0
3DFACE
8
S_UMGEBUNG_GELAENDE
10
60.0000
20
70.0000
30
2.3785
11
65.0000
21
70.0000
31
2.4391
12
65.0000
22
75.0000
32
2.5291
13
60.0000
23
75.0000
33
2.4685
0
3DFACE
8
S_UMGEBUNG_GELAENDE
10
60.0000
20
75.0000
30
2.4685
11
65.0000
21
75.0000
31
2.5291
12
65.0000
22
80.0000
32
2.6191
13
60.0000
23
80.0000
33
2.5585
0
3DFACE
8
S_UMGEBUNG_GELAENDE
10
60.0000
20
80.0000
30
2.5585
11
65.0000
21
80.0000
31
2.6191
12
65.0000
22
85.0000
32
2.7091
13
60.0000
23
85.0000
33
2.6485
0
3DFACE
8
S_UMGEBUNG_GELAENDE
10
60.0000
20
85.0000
30
2.6485
11
65.0000
21
85.0000
31
2.7091
12
65.0000
22
90.0000
32
2.7991
13
60.0000
23
90.0000
33
2.7385
0
3DFACE
8
S_UMGEBUNG_GELAENDE
10
60.0000
20
90.0000
30
2.7385
11
65.0000
21
90.0000
31
2.7991
12
65.0000
22
95.0000
32
2.8891
13
60.0000
23
95.0000
33
2.8285
0
3DFACE
8
S_UMGEBUNG_GELAENDE
10
60.0000
20
95.0000
30
2.8285
11
65.0000
21
95.0000
31
2.8891
12
65.0000
22
100.0000
32
2.9791
13
60.0000
23
100.0000
33
2.9185
0
3DFACE
8
S_UMGEBUNG_GELAENDE
10
60.0000
20
100.0000
30
2.9185
11
65.0000
21
100.0000
31
2.9791
12
65.0000
22
105.0000
32
3.0691
13
60.0000
23
105.0000
33
3.0085
0
3DFACE
8
S_UMGEBUNG_GELAENDE
10
60.0000
20
105.0000
30
3.0085
11
65.0000
21
105.0000
31
3.0691
12
65.0000
22
110.0000
32
3.1591
13
60.0000
23
110.0000
33
3.0985
0
3DFACE
8
S_UMGEBUNG_GELAENDE
10
60.0000
20
110.0000
30
3.0985
11
65.0000
21
110.0000
31
3.1591
12
65.0000
22
115.0000
32
3.2491
13
60.0000
23
115.0000
33
3.1885
0
3DFACE
8
S_UMGEBUNG_GELAENDE
10
60.0000
20
115.0000
30
3.1885
11
65.0000
21
115.0000
31
3.2491
12
65.0000
22
120.0000
32
3.3391
13
60.0000
23
120.0000
33
3.2785
0
3DFACE
8
S_UMGEBUNG_GELAENDE
10
60.0000
20
120.0000
30
3.2785
11
65.0000
21
120.0000
31
3.3391
12
65.0000
22
125.0000
32
3.4291
13
60.0000
23
125.0000
33
3.3685
0
3DFACE
8
S_UMGEBUNG_GELAENDE
10
60.0000
20
125.0000
30
3.3685
11
65.0000
21
125.0000
31
3.4291
12
65.0000
22
130.0000
32
3.5191
13
60.0000
23
130.0000
33
3.4585
0
3DFACE
8
S_UMGEBUNG_GELAENDE
10
60.0000
20
130.0000
30
3.4585
11
65.0000
21
130.0000
31
3.5191
12
65.0000
22
135.0000
32
3.6091
13
60.0000
23
135.0000
33
3.5485
0
3DFACE
8
S_UMGEBUNG_GELAENDE
10
65.0000
20
-135.0000
30
-1.2509
11
70.0000
21
-135.0000
31
-1.1996
12
70.0000
22
-130.0000
32
-1.1096
13
65.0000
23
-130.0000
33
-1.1609
0
3DFACE
8
S_UMGEBUNG_GELAENDE
10
65.0000
20
-130.0000
30
-1.1609
11
70.0000
21
-130.0000
31
-1.1096
12
70.0000
22
-125.0000
32
-1.0196
13
65.0000
23
-125.0000
33
-1.0709
0
3DFACE
8
S_UMGEBUNG_GELAENDE
10
65.0000
20
-125.0000
30
-1.0709
11
70.0000
21
-125.0000
31
-1.0196
12
70.0000
22
-120.0000
32
-0.9296
13
65.0000
23
-120.0000
33
-0.9809
0
3DFACE
8
S_UMGEBUNG_GELAENDE
10
65.0000
20
-120.0000
30
-0.9809
11
70.0000
21
-120.0000
31
-0.9296
12
70.0000
22
-115.0000
32
-0.8396
13
65.0000
23
-115.0000
33
-0.8909
0
3DFACE
8
S_UMGEBUNG_GELAENDE
10
65.0000
20
-115.0000
30
-0.8909
11
70.0000
21
-115.0000
31
-0.8396
12
70.0000
22
-110.0000
32
-0.7496
13
65.0000
23
-110.0000
33
-0.8009
0
3DFACE
8
S_UMGEBUNG_GELAENDE
10
65.0000
20
-110.0000
30
-0.8009
11
70.0000
21
-110.0000
31
-0.7496
12
70.0000
22
-105.0000
32
-0.6596
13
65.0000
23
-105.0000
33
-0.7109
0
3DFACE
8
S_UMGEBUNG_GELAENDE
10
65.0000
20
-105.0000
30
-0.7109
11
70.0000
21
-105.0000
31
-0.6596
12
70.0000
22
-100.0000
32
-0.5696
13
65.0000
23
-100.0000
33
-0.6209
0
3DFACE
8
S_UMGEBUNG_GELAENDE
10
65.0000
20
-100.0000
30
-0.6209
11
70.0000
21
-100.0000
31
-0.5696
12
70.0000
22
-95.0000
32
-0.4796
13
65.0000
23
-95.0000
33
-0.5309
0
3DFACE
8
S_UMGEBUNG_GELAENDE
10
65.0000
20
-95.0000
30
-0.5309
11
70.0000
21
-95.0000
31
-0.4796
12
70.0000
22
-90.0000
32
-0.3896
13
65.0000
23
-90.0000
33
-0.4409
0
3DFACE
8
S_UMGEBUNG_GELAENDE
10
65.0000
20
-90.0000
30
-0.4409
11
70.0000
21
-90.0000
31
-0.3896
12
70.0000
22
-85.0000
32
-0.2996
13
65.0000
23
-85.0000
33
-0.3509
0
3DFACE
8
S_UMGEBUNG_GELAENDE
10
65.0000
20
-85.0000
30
-0.3509
11
70.0000
21
-85.0000
31
-0.2996
12
70.0000
22
-80.0000
32
-0.2096
13
65.0000
23
-80.0000
33
-0.2609
0
3DFACE
8
S_UMGEBUNG_GELAENDE
10
65.0000
20
-80.0000
30
-0.2609
11
70.0000
21
-80.0000
31
-0.2096
12
70.0000
22
-75.0000
32
-0.1196
13
65.0000
23
-75.0000
33
-0.1709
0
3DFACE
8
S_UMGEBUNG_GELAENDE
10
65.0000
20
-75.0000
30
-0.1709
11
70.0000
21
-75.0000
31
-0.1196
12
70.0000
22
-70.0000
32
-0.0296
13
65.0000
23
-70.0000
33
-0.0809
0
3DFACE
8
S_UMGEBUNG_GELAENDE
10
65.0000
20
-70.0000
30
-0.0809
11
70.0000
21
-70.0000
31
-0.0296
12
70.0000
22
-65.0000
32
0.0604
13
65.0000
23
-65.0000
33
0.0091
0
3DFACE
8
S_UMGEBUNG_GELAENDE
10
65.0000
20
-65.0000
30
0.0091
11
70.0000
21
-65.0000
31
0.0604
12
70.0000
22
-60.0000
32
0.1504
13
65.0000
23
-60.0000
33
0.0991
0
3DFACE
8
S_UMGEBUNG_GELAENDE
10
65.0000
20
-60.0000
30
0.0991
11
70.0000
21
-60.0000
31
0.1504
12
70.0000
22
-55.0000
32
0.2404
13
65.0000
23
-55.0000
33
0.1891
0
3DFACE
8
S_UMGEBUNG_GELAENDE
10
65.0000
20
-55.0000
30
0.1891
11
70.0000
21
-55.0000
31
0.2404
12
70.0000
22
-50.0000
32
0.3304
13
65.0000
23
-50.0000
33
0.2791
0
3DFACE
8
S_UMGEBUNG_GELAENDE
10
65.0000
20
-50.0000
30
0.2791
11
70.0000
21
-50.0000
31
0.3304
12
70.0000
22
-45.0000
32
0.4204
13
65.0000
23
-45.0000
33
0.3691
0
3DFACE
8
S_UMGEBUNG_GELAENDE
10
65.0000
20
-45.0000
30
0.3691
11
70.0000
21
-45.0000
31
0.4204
12
70.0000
22
-40.0000
32
0.5104
13
65.0000
23
-40.0000
33
0.4591
0
3DFACE
8
S_UMGEBUNG_GELAENDE
10
65.0000
20
-40.0000
30
0.4591
11
70.0000
21
-40.0000
31
0.5104
12
70.0000
22
-35.0000
32
0.6004
13
65.0000
23
-35.0000
33
0.5491
0
3DFACE
8
S_UMGEBUNG_GELAENDE
10
65.0000
20
-35.0000
30
0.5491
11
70.0000
21
-35.0000
31
0.6004
12
70.0000
22
-30.0000
32
0.6904
13
65.0000
23
-30.0000
33
0.6391
0
3DFACE
8
S_UMGEBUNG_GELAENDE
10
65.0000
20
-30.0000
30
0.6391
11
70.0000
21
-30.0000
31
0.6904
12
70.0000
22
-25.0000
32
0.7804
13
65.0000
23
-25.0000
33
0.7291
0
3DFACE
8
S_UMGEBUNG_GELAENDE
10
65.0000
20
-25.0000
30
0.7291
11
70.0000
21
-25.0000
31
0.7804
12
70.0000
22
-20.0000
32
0.8704
13
65.0000
23
-20.0000
33
0.8191
0
3DFACE
8
S_UMGEBUNG_GELAENDE
10
65.0000
20
-20.0000
30
0.8191
11
70.0000
21
-20.0000
31
0.8704
12
70.0000
22
-15.0000
32
0.9604
13
65.0000
23
-15.0000
33
0.9091
0
3DFACE
8
S_UMGEBUNG_GELAENDE
10
65.0000
20
-15.0000
30
0.9091
11
70.0000
21
-15.0000
31
0.9604
12
70.0000
22
-10.0000
32
1.0504
13
65.0000
23
-10.0000
33
0.9991
0
3DFACE
8
S_UMGEBUNG_GELAENDE
10
65.0000
20
-10.0000
30
0.9991
11
70.0000
21
-10.0000
31
1.0504
12
70.0000
22
-5.0000
32
1.1404
13
65.0000
23
-5.0000
33
1.0891
0
3DFACE
8
S_UMGEBUNG_GELAENDE
10
65.0000
20
-5.0000
30
1.0891
11
70.0000
21
-5.0000
31
1.1404
12
70.0000
22
0.0000
32
1.2304
13
65.0000
23
0.0000
33
1.1791
0
3DFACE
8
S_UMGEBUNG_GELAENDE
10
65.0000
20
0.0000
30
1.1791
11
70.0000
21
0.0000
31
1.2304
12
70.0000
22
5.0000
32
1.3204
13
65.0000
23
5.0000
33
1.2691
0
3DFACE
8
S_UMGEBUNG_GELAENDE
10
65.0000
20
5.0000
30
1.2691
11
70.0000
21
5.0000
31
1.3204
12
70.0000
22
10.0000
32
1.4104
13
65.0000
23
10.0000
33
1.3591
0
3DFACE
8
S_UMGEBUNG_GELAENDE
10
65.0000
20
10.0000
30
1.3591
11
70.0000
21
10.0000
31
1.4104
12
70.0000
22
15.0000
32
1.5004
13
65.0000
23
15.0000
33
1.4491
0
3DFACE
8
S_UMGEBUNG_GELAENDE
10
65.0000
20
15.0000
30
1.4491
11
70.0000
21
15.0000
31
1.5004
12
70.0000
22
20.0000
32
1.5904
13
65.0000
23
20.0000
33
1.5391
0
3DFACE
8
S_UMGEBUNG_GELAENDE
10
65.0000
20
20.0000
30
1.5391
11
70.0000
21
20.0000
31
1.5904
12
70.0000
22
25.0000
32
1.6804
13
65.0000
23
25.0000
33
1.6291
0
3DFACE
8
S_UMGEBUNG_GELAENDE
10
65.0000
20
25.0000
30
1.6291
11
70.0000
21
25.0000
31
1.6804
12
70.0000
22
30.0000
32
1.7704
13
65.0000
23
30.0000
33
1.7191
0
3DFACE
8
S_UMGEBUNG_GELAENDE
10
65.0000
20
30.0000
30
1.7191
11
70.0000
21
30.0000
31
1.7704
12
70.0000
22
35.0000
32
1.8604
13
65.0000
23
35.0000
33
1.8091
0
3DFACE
8
S_UMGEBUNG_GELAENDE
10
65.0000
20
35.0000
30
1.8091
11
70.0000
21
35.0000
31
1.8604
12
70.0000
22
40.0000
32
1.9504
13
65.0000
23
40.0000
33
1.8991
0
3DFACE
8
S_UMGEBUNG_GELAENDE
10
65.0000
20
40.0000
30
1.8991
11
70.0000
21
40.0000
31
1.9504
12
70.0000
22
45.0000
32
2.0404
13
65.0000
23
45.0000
33
1.9891
0
3DFACE
8
S_UMGEBUNG_GELAENDE
10
65.0000
20
45.0000
30
1.9891
11
70.0000
21
45.0000
31
2.0404
12
70.0000
22
50.0000
32
2.1304
13
65.0000
23
50.0000
33
2.0791
0
3DFACE
8
S_UMGEBUNG_GELAENDE
10
65.0000
20
50.0000
30
2.0791
11
70.0000
21
50.0000
31
2.1304
12
70.0000
22
55.0000
32
2.2204
13
65.0000
23
55.0000
33
2.1691
0
3DFACE
8
S_UMGEBUNG_GELAENDE
10
65.0000
20
55.0000
30
2.1691
11
70.0000
21
55.0000
31
2.2204
12
70.0000
22
60.0000
32
2.3104
13
65.0000
23
60.0000
33
2.2591
0
3DFACE
8
S_UMGEBUNG_GELAENDE
10
65.0000
20
60.0000
30
2.2591
11
70.0000
21
60.0000
31
2.3104
12
70.0000
22
65.0000
32
2.4004
13
65.0000
23
65.0000
33
2.3491
0
3DFACE
8
S_UMGEBUNG_GELAENDE
10
65.0000
20
65.0000
30
2.3491
11
70.0000
21
65.0000
31
2.4004
12
70.0000
22
70.0000
32
2.4904
13
65.0000
23
70.0000
33
2.4391
0
3DFACE
8
S_UMGEBUNG_GELAENDE
10
65.0000
20
70.0000
30
2.4391
11
70.0000
21
70.0000
31
2.4904
12
70.0000
22
75.0000
32
2.5804
13
65.0000
23
75.0000
33
2.5291
0
3DFACE
8
S_UMGEBUNG_GELAENDE
10
65.0000
20
75.0000
30
2.5291
11
70.0000
21
75.0000
31
2.5804
12
70.0000
22
80.0000
32
2.6704
13
65.0000
23
80.0000
33
2.6191
0
3DFACE
8
S_UMGEBUNG_GELAENDE
10
65.0000
20
80.0000
30
2.6191
11
70.0000
21
80.0000
31
2.6704
12
70.0000
22
85.0000
32
2.7604
13
65.0000
23
85.0000
33
2.7091
0
3DFACE
8
S_UMGEBUNG_GELAENDE
10
65.0000
20
85.0000
30
2.7091
11
70.0000
21
85.0000
31
2.7604
12
70.0000
22
90.0000
32
2.8504
13
65.0000
23
90.0000
33
2.7991
0
3DFACE
8
S_UMGEBUNG_GELAENDE
10
65.0000
20
90.0000
30
2.7991
11
70.0000
21
90.0000
31
2.8504
12
70.0000
22
95.0000
32
2.9404
13
65.0000
23
95.0000
33
2.8891
0
3DFACE
8
S_UMGEBUNG_GELAENDE
10
65.0000
20
95.0000
30
2.8891
11
70.0000
21
95.0000
31
2.9404
12
70.0000
22
100.0000
32
3.0304
13
65.0000
23
100.0000
33
2.9791
0
3DFACE
8
S_UMGEBUNG_GELAENDE
10
65.0000
20
100.0000
30
2.9791
11
70.0000
21
100.0000
31
3.0304
12
70.0000
22
105.0000
32
3.1204
13
65.0000
23
105.0000
33
3.0691
0
3DFACE
8
S_UMGEBUNG_GELAENDE
10
65.0000
20
105.0000
30
3.0691
11
70.0000
21
105.0000
31
3.1204
12
70.0000
22
110.0000
32
3.2104
13
65.0000
23
110.0000
33
3.1591
0
3DFACE
8
S_UMGEBUNG_GELAENDE
10
65.0000
20
110.0000
30
3.1591
11
70.0000
21
110.0000
31
3.2104
12
70.0000
22
115.0000
32
3.3004
13
65.0000
23
115.0000
33
3.2491
0
3DFACE
8
S_UMGEBUNG_GELAENDE
10
65.0000
20
115.0000
30
3.2491
11
70.0000
21
115.0000
31
3.3004
12
70.0000
22
120.0000
32
3.3904
13
65.0000
23
120.0000
33
3.3391
0
3DFACE
8
S_UMGEBUNG_GELAENDE
10
65.0000
20
120.0000
30
3.3391
11
70.0000
21
120.0000
31
3.3904
12
70.0000
22
125.0000
32
3.4804
13
65.0000
23
125.0000
33
3.4291
0
3DFACE
8
S_UMGEBUNG_GELAENDE
10
65.0000
20
125.0000
30
3.4291
11
70.0000
21
125.0000
31
3.4804
12
70.0000
22
130.0000
32
3.5704
13
65.0000
23
130.0000
33
3.5191
0
3DFACE
8
S_UMGEBUNG_GELAENDE
10
65.0000
20
130.0000
30
3.5191
11
70.0000
21
130.0000
31
3.5704
12
70.0000
22
135.0000
32
3.6604
13
65.0000
23
135.0000
33
3.6091
0
3DFACE
8
S_UMGEBUNG_GELAENDE
10
70.0000
20
-130.0000
30
-1.1096
11
75.0000
21
-130.0000
31
-1.0675
12
75.0000
22
-125.0000
32
-0.9775
13
70.0000
23
-125.0000
33
-1.0196
0
3DFACE
8
S_UMGEBUNG_GELAENDE
10
70.0000
20
-125.0000
30
-1.0196
11
75.0000
21
-125.0000
31
-0.9775
12
75.0000
22
-120.0000
32
-0.8875
13
70.0000
23
-120.0000
33
-0.9296
0
3DFACE
8
S_UMGEBUNG_GELAENDE
10
70.0000
20
-120.0000
30
-0.9296
11
75.0000
21
-120.0000
31
-0.8875
12
75.0000
22
-115.0000
32
-0.7975
13
70.0000
23
-115.0000
33
-0.8396
0
3DFACE
8
S_UMGEBUNG_GELAENDE
10
70.0000
20
-115.0000
30
-0.8396
11
75.0000
21
-115.0000
31
-0.7975
12
75.0000
22
-110.0000
32
-0.7075
13
70.0000
23
-110.0000
33
-0.7496
0
3DFACE
8
S_UMGEBUNG_GELAENDE
10
70.0000
20
-110.0000
30
-0.7496
11
75.0000
21
-110.0000
31
-0.7075
12
75.0000
22
-105.0000
32
-0.6175
13
70.0000
23
-105.0000
33
-0.6596
0
3DFACE
8
S_UMGEBUNG_GELAENDE
10
70.0000
20
-105.0000
30
-0.6596
11
75.0000
21
-105.0000
31
-0.6175
12
75.0000
22
-100.0000
32
-0.5275
13
70.0000
23
-100.0000
33
-0.5696
0
3DFACE
8
S_UMGEBUNG_GELAENDE
10
70.0000
20
-100.0000
30
-0.5696
11
75.0000
21
-100.0000
31
-0.5275
12
75.0000
22
-95.0000
32
-0.4375
13
70.0000
23
-95.0000
33
-0.4796
0
3DFACE
8
S_UMGEBUNG_GELAENDE
10
70.0000
20
-95.0000
30
-0.4796
11
75.0000
21
-95.0000
31
-0.4375
12
75.0000
22
-90.0000
32
-0.3475
13
70.0000
23
-90.0000
33
-0.3896
0
3DFACE
8
S_UMGEBUNG_GELAENDE
10
70.0000
20
-90.0000
30
-0.3896
11
75.0000
21
-90.0000
31
-0.3475
12
75.0000
22
-85.0000
32
-0.2575
13
70.0000
23
-85.0000
33
-0.2996
0
3DFACE
8
S_UMGEBUNG_GELAENDE
10
70.0000
20
-85.0000
30
-0.2996
11
75.0000
21
-85.0000
31
-0.2575
12
75.0000
22
-80.0000
32
-0.1675
13
70.0000
23
-80.0000
33
-0.2096
0
3DFACE
8
S_UMGEBUNG_GELAENDE
10
70.0000
20
-80.0000
30
-0.2096
11
75.0000
21
-80.0000
31
-0.1675
12
75.0000
22
-75.0000
32
-0.0775
13
70.0000
23
-75.0000
33
-0.1196
0
3DFACE
8
S_UMGEBUNG_GELAENDE
10
70.0000
20
-75.0000
30
-0.1196
11
75.0000
21
-75.0000
31
-0.0775
12
75.0000
22
-70.0000
32
0.0125
13
70.0000
23
-70.0000
33
-0.0296
0
3DFACE
8
S_UMGEBUNG_GELAENDE
10
70.0000
20
-70.0000
30
-0.0296
11
75.0000
21
-70.0000
31
0.0125
12
75.0000
22
-65.0000
32
0.1025
13
70.0000
23
-65.0000
33
0.0604
0
3DFACE
8
S_UMGEBUNG_GELAENDE
10
70.0000
20
-65.0000
30
0.0604
11
75.0000
21
-65.0000
31
0.1025
12
75.0000
22
-60.0000
32
0.1925
13
70.0000
23
-60.0000
33
0.1504
0
3DFACE
8
S_UMGEBUNG_GELAENDE
10
70.0000
20
-60.0000
30
0.1504
11
75.0000
21
-60.0000
31
0.1925
12
75.0000
22
-55.0000
32
0.2825
13
70.0000
23
-55.0000
33
0.2404
0
3DFACE
8
S_UMGEBUNG_GELAENDE
10
70.0000
20
-55.0000
30
0.2404
11
75.0000
21
-55.0000
31
0.2825
12
75.0000
22
-50.0000
32
0.3725
13
70.0000
23
-50.0000
33
0.3304
0
3DFACE
8
S_UMGEBUNG_GELAENDE
10
70.0000
20
-50.0000
30
0.3304
11
75.0000
21
-50.0000
31
0.3725
12
75.0000
22
-45.0000
32
0.4625
13
70.0000
23
-45.0000
33
0.4204
0
3DFACE
8
S_UMGEBUNG_GELAENDE
10
70.0000
20
-45.0000
30
0.4204
11
75.0000
21
-45.0000
31
0.4625
12
75.0000
22
-40.0000
32
0.5525
13
70.0000
23
-40.0000
33
0.5104
0
3DFACE
8
S_UMGEBUNG_GELAENDE
10
70.0000
20
-40.0000
30
0.5104
11
75.0000
21
-40.0000
31
0.5525
12
75.0000
22
-35.0000
32
0.6425
13
70.0000
23
-35.0000
33
0.6004
0
3DFACE
8
S_UMGEBUNG_GELAENDE
10
70.0000
20
-35.0000
30
0.6004
11
75.0000
21
-35.0000
31
0.6425
12
75.0000
22
-30.0000
32
0.7325
13
70.0000
23
-30.0000
33
0.6904
0
3DFACE
8
S_UMGEBUNG_GELAENDE
10
70.0000
20
-30.0000
30
0.6904
11
75.0000
21
-30.0000
31
0.7325
12
75.0000
22
-25.0000
32
0.8225
13
70.0000
23
-25.0000
33
0.7804
0
3DFACE
8
S_UMGEBUNG_GELAENDE
10
70.0000
20
-25.0000
30
0.7804
11
75.0000
21
-25.0000
31
0.8225
12
75.0000
22
-20.0000
32
0.9125
13
70.0000
23
-20.0000
33
0.8704
0
3DFACE
8
S_UMGEBUNG_GELAENDE
10
70.0000
20
-20.0000
30
0.8704
11
75.0000
21
-20.0000
31
0.9125
12
75.0000
22
-15.0000
32
1.0025
13
70.0000
23
-15.0000
33
0.9604
0
3DFACE
8
S_UMGEBUNG_GELAENDE
10
70.0000
20
-15.0000
30
0.9604
11
75.0000
21
-15.0000
31
1.0025
12
75.0000
22
-10.0000
32
1.0925
13
70.0000
23
-10.0000
33
1.0504
0
3DFACE
8
S_UMGEBUNG_GELAENDE
10
70.0000
20
-10.0000
30
1.0504
11
75.0000
21
-10.0000
31
1.0925
12
75.0000
22
-5.0000
32
1.1825
13
70.0000
23
-5.0000
33
1.1404
0
3DFACE
8
S_UMGEBUNG_GELAENDE
10
70.0000
20
-5.0000
30
1.1404
11
75.0000
21
-5.0000
31
1.1825
12
75.0000
22
0.0000
32
1.2725
13
70.0000
23
0.0000
33
1.2304
0
3DFACE
8
S_UMGEBUNG_GELAENDE
10
70.0000
20
0.0000
30
1.2304
11
75.0000
21
0.0000
31
1.2725
12
75.0000
22
5.0000
32
1.3625
13
70.0000
23
5.0000
33
1.3204
0
3DFACE
8
S_UMGEBUNG_GELAENDE
10
70.0000
20
5.0000
30
1.3204
11
75.0000
21
5.0000
31
1.3625
12
75.0000
22
10.0000
32
1.4525
13
70.0000
23
10.0000
33
1.4104
0
3DFACE
8
S_UMGEBUNG_GELAENDE
10
70.0000
20
10.0000
30
1.4104
11
75.0000
21
10.0000
31
1.4525
12
75.0000
22
15.0000
32
1.5425
13
70.0000
23
15.0000
33
1.5004
0
3DFACE
8
S_UMGEBUNG_GELAENDE
10
70.0000
20
15.0000
30
1.5004
11
75.0000
21
15.0000
31
1.5425
12
75.0000
22
20.0000
32
1.6325
13
70.0000
23
20.0000
33
1.5904
0
3DFACE
8
S_UMGEBUNG_GELAENDE
10
70.0000
20
20.0000
30
1.5904
11
75.0000
21
20.0000
31
1.6325
12
75.0000
22
25.0000
32
1.7225
13
70.0000
23
25.0000
33
1.6804
0
3DFACE
8
S_UMGEBUNG_GELAENDE
10
70.0000
20
25.0000
30
1.6804
11
75.0000
21
25.0000
31
1.7225
12
75.0000
22
30.0000
32
1.8125
13
70.0000
23
30.0000
33
1.7704
0
3DFACE
8
S_UMGEBUNG_GELAENDE
10
70.0000
20
30.0000
30
1.7704
11
75.0000
21
30.0000
31
1.8125
12
75.0000
22
35.0000
32
1.9025
13
70.0000
23
35.0000
33
1.8604
0
3DFACE
8
S_UMGEBUNG_GELAENDE
10
70.0000
20
35.0000
30
1.8604
11
75.0000
21
35.0000
31
1.9025
12
75.0000
22
40.0000
32
1.9925
13
70.0000
23
40.0000
33
1.9504
0
3DFACE
8
S_UMGEBUNG_GELAENDE
10
70.0000
20
40.0000
30
1.9504
11
75.0000
21
40.0000
31
1.9925
12
75.0000
22
45.0000
32
2.0825
13
70.0000
23
45.0000
33
2.0404
0
3DFACE
8
S_UMGEBUNG_GELAENDE
10
70.0000
20
45.0000
30
2.0404
11
75.0000
21
45.0000
31
2.0825
12
75.0000
22
50.0000
32
2.1725
13
70.0000
23
50.0000
33
2.1304
0
3DFACE
8
S_UMGEBUNG_GELAENDE
10
70.0000
20
50.0000
30
2.1304
11
75.0000
21
50.0000
31
2.1725
12
75.0000
22
55.0000
32
2.2625
13
70.0000
23
55.0000
33
2.2204
0
3DFACE
8
S_UMGEBUNG_GELAENDE
10
70.0000
20
55.0000
30
2.2204
11
75.0000
21
55.0000
31
2.2625
12
75.0000
22
60.0000
32
2.3525
13
70.0000
23
60.0000
33
2.3104
0
3DFACE
8
S_UMGEBUNG_GELAENDE
10
70.0000
20
60.0000
30
2.3104
11
75.0000
21
60.0000
31
2.3525
12
75.0000
22
65.0000
32
2.4425
13
70.0000
23
65.0000
33
2.4004
0
3DFACE
8
S_UMGEBUNG_GELAENDE
10
70.0000
20
65.0000
30
2.4004
11
75.0000
21
65.0000
31
2.4425
12
75.0000
22
70.0000
32
2.5325
13
70.0000
23
70.0000
33
2.4904
0
3DFACE
8
S_UMGEBUNG_GELAENDE
10
70.0000
20
70.0000
30
2.4904
11
75.0000
21
70.0000
31
2.5325
12
75.0000
22
75.0000
32
2.6225
13
70.0000
23
75.0000
33
2.5804
0
3DFACE
8
S_UMGEBUNG_GELAENDE
10
70.0000
20
75.0000
30
2.5804
11
75.0000
21
75.0000
31
2.6225
12
75.0000
22
80.0000
32
2.7125
13
70.0000
23
80.0000
33
2.6704
0
3DFACE
8
S_UMGEBUNG_GELAENDE
10
70.0000
20
80.0000
30
2.6704
11
75.0000
21
80.0000
31
2.7125
12
75.0000
22
85.0000
32
2.8025
13
70.0000
23
85.0000
33
2.7604
0
3DFACE
8
S_UMGEBUNG_GELAENDE
10
70.0000
20
85.0000
30
2.7604
11
75.0000
21
85.0000
31
2.8025
12
75.0000
22
90.0000
32
2.8925
13
70.0000
23
90.0000
33
2.8504
0
3DFACE
8
S_UMGEBUNG_GELAENDE
10
70.0000
20
90.0000
30
2.8504
11
75.0000
21
90.0000
31
2.8925
12
75.0000
22
95.0000
32
2.9825
13
70.0000
23
95.0000
33
2.9404
0
3DFACE
8
S_UMGEBUNG_GELAENDE
10
70.0000
20
95.0000
30
2.9404
11
75.0000
21
95.0000
31
2.9825
12
75.0000
22
100.0000
32
3.0725
13
70.0000
23
100.0000
33
3.0304
0
3DFACE
8
S_UMGEBUNG_GELAENDE
10
70.0000
20
100.0000
30
3.0304
11
75.0000
21
100.0000
31
3.0725
12
75.0000
22
105.0000
32
3.1625
13
70.0000
23
105.0000
33
3.1204
0
3DFACE
8
S_UMGEBUNG_GELAENDE
10
70.0000
20
105.0000
30
3.1204
11
75.0000
21
105.0000
31
3.1625
12
75.0000
22
110.0000
32
3.2525
13
70.0000
23
110.0000
33
3.2104
0
3DFACE
8
S_UMGEBUNG_GELAENDE
10
70.0000
20
110.0000
30
3.2104
11
75.0000
21
110.0000
31
3.2525
12
75.0000
22
115.0000
32
3.3425
13
70.0000
23
115.0000
33
3.3004
0
3DFACE
8
S_UMGEBUNG_GELAENDE
10
70.0000
20
115.0000
30
3.3004
11
75.0000
21
115.0000
31
3.3425
12
75.0000
22
120.0000
32
3.4325
13
70.0000
23
120.0000
33
3.3904
0
3DFACE
8
S_UMGEBUNG_GELAENDE
10
70.0000
20
120.0000
30
3.3904
11
75.0000
21
120.0000
31
3.4325
12
75.0000
22
125.0000
32
3.5225
13
70.0000
23
125.0000
33
3.4804
0
3DFACE
8
S_UMGEBUNG_GELAENDE
10
70.0000
20
125.0000
30
3.4804
11
75.0000
21
125.0000
31
3.5225
12
75.0000
22
130.0000
32
3.6125
13
70.0000
23
130.0000
33
3.5704
0
3DFACE
8
S_UMGEBUNG_GELAENDE
10
75.0000
20
-130.0000
30
-1.0675
11
80.0000
21
-130.0000
31
-1.0344
12
80.0000
22
-125.0000
32
-0.9444
13
75.0000
23
-125.0000
33
-0.9775
0
3DFACE
8
S_UMGEBUNG_GELAENDE
10
75.0000
20
-125.0000
30
-0.9775
11
80.0000
21
-125.0000
31
-0.9444
12
80.0000
22
-120.0000
32
-0.8544
13
75.0000
23
-120.0000
33
-0.8875
0
3DFACE
8
S_UMGEBUNG_GELAENDE
10
75.0000
20
-120.0000
30
-0.8875
11
80.0000
21
-120.0000
31
-0.8544
12
80.0000
22
-115.0000
32
-0.7644
13
75.0000
23
-115.0000
33
-0.7975
0
3DFACE
8
S_UMGEBUNG_GELAENDE
10
75.0000
20
-115.0000
30
-0.7975
11
80.0000
21
-115.0000
31
-0.7644
12
80.0000
22
-110.0000
32
-0.6744
13
75.0000
23
-110.0000
33
-0.7075
0
3DFACE
8
S_UMGEBUNG_GELAENDE
10
75.0000
20
-110.0000
30
-0.7075
11
80.0000
21
-110.0000
31
-0.6744
12
80.0000
22
-105.0000
32
-0.5844
13
75.0000
23
-105.0000
33
-0.6175
0
3DFACE
8
S_UMGEBUNG_GELAENDE
10
75.0000
20
-105.0000
30
-0.6175
11
80.0000
21
-105.0000
31
-0.5844
12
80.0000
22
-100.0000
32
-0.4944
13
75.0000
23
-100.0000
33
-0.5275
0
3DFACE
8
S_UMGEBUNG_GELAENDE
10
75.0000
20
-100.0000
30
-0.5275
11
80.0000
21
-100.0000
31
-0.4944
12
80.0000
22
-95.0000
32
-0.4044
13
75.0000
23
-95.0000
33
-0.4375
0
3DFACE
8
S_UMGEBUNG_GELAENDE
10
75.0000
20
-95.0000
30
-0.4375
11
80.0000
21
-95.0000
31
-0.4044
12
80.0000
22
-90.0000
32
-0.3144
13
75.0000
23
-90.0000
33
-0.3475
0
3DFACE
8
S_UMGEBUNG_GELAENDE
10
75.0000
20
-90.0000
30
-0.3475
11
80.0000
21
-90.0000
31
-0.3144
12
80.0000
22
-85.0000
32
-0.2244
13
75.0000
23
-85.0000
33
-0.2575
0
3DFACE
8
S_UMGEBUNG_GELAENDE
10
75.0000
20
-85.0000
30
-0.2575
11
80.0000
21
-85.0000
31
-0.2244
12
80.0000
22
-80.0000
32
-0.1344
13
75.0000
23
-80.0000
33
-0.1675
0
3DFACE
8
S_UMGEBUNG_GELAENDE
10
75.0000
20
-80.0000
30
-0.1675
11
80.0000
21
-80.0000
31
-0.1344
12
80.0000
22
-75.0000
32
-0.0444
13
75.0000
23
-75.0000
33
-0.0775
0
3DFACE
8
S_UMGEBUNG_GELAENDE
10
75.0000
20
-75.0000
30
-0.0775
11
80.0000
21
-75.0000
31
-0.0444
12
80.0000
22
-70.0000
32
0.0456
13
75.0000
23
-70.0000
33
0.0125
0
3DFACE
8
S_UMGEBUNG_GELAENDE
10
75.0000
20
-70.0000
30
0.0125
11
80.0000
21
-70.0000
31
0.0456
12
80.0000
22
-65.0000
32
0.1356
13
75.0000
23
-65.0000
33
0.1025
0
3DFACE
8
S_UMGEBUNG_GELAENDE
10
75.0000
20
-65.0000
30
0.1025
11
80.0000
21
-65.0000
31
0.1356
12
80.0000
22
-60.0000
32
0.2256
13
75.0000
23
-60.0000
33
0.1925
0
3DFACE
8
S_UMGEBUNG_GELAENDE
10
75.0000
20
-60.0000
30
0.1925
11
80.0000
21
-60.0000
31
0.2256
12
80.0000
22
-55.0000
32
0.3156
13
75.0000
23
-55.0000
33
0.2825
0
3DFACE
8
S_UMGEBUNG_GELAENDE
10
75.0000
20
-55.0000
30
0.2825
11
80.0000
21
-55.0000
31
0.3156
12
80.0000
22
-50.0000
32
0.4056
13
75.0000
23
-50.0000
33
0.3725
0
3DFACE
8
S_UMGEBUNG_GELAENDE
10
75.0000
20
-50.0000
30
0.3725
11
80.0000
21
-50.0000
31
0.4056
12
80.0000
22
-45.0000
32
0.4956
13
75.0000
23
-45.0000
33
0.4625
0
3DFACE
8
S_UMGEBUNG_GELAENDE
10
75.0000
20
-45.0000
30
0.4625
11
80.0000
21
-45.0000
31
0.4956
12
80.0000
22
-40.0000
32
0.5856
13
75.0000
23
-40.0000
33
0.5525
0
3DFACE
8
S_UMGEBUNG_GELAENDE
10
75.0000
20
-40.0000
30
0.5525
11
80.0000
21
-40.0000
31
0.5856
12
80.0000
22
-35.0000
32
0.6756
13
75.0000
23
-35.0000
33
0.6425
0
3DFACE
8
S_UMGEBUNG_GELAENDE
10
75.0000
20
-35.0000
30
0.6425
11
80.0000
21
-35.0000
31
0.6756
12
80.0000
22
-30.0000
32
0.7656
13
75.0000
23
-30.0000
33
0.7325
0
3DFACE
8
S_UMGEBUNG_GELAENDE
10
75.0000
20
-30.0000
30
0.7325
11
80.0000
21
-30.0000
31
0.7656
12
80.0000
22
-25.0000
32
0.8556
13
75.0000
23
-25.0000
33
0.8225
0
3DFACE
8
S_UMGEBUNG_GELAENDE
10
75.0000
20
-25.0000
30
0.8225
11
80.0000
21
-25.0000
31
0.8556
12
80.0000
22
-20.0000
32
0.9456
13
75.0000
23
-20.0000
33
0.9125
0
3DFACE
8
S_UMGEBUNG_GELAENDE
10
75.0000
20
-20.0000
30
0.9125
11
80.0000
21
-20.0000
31
0.9456
12
80.0000
22
-15.0000
32
1.0356
13
75.0000
23
-15.0000
33
1.0025
0
3DFACE
8
S_UMGEBUNG_GELAENDE
10
75.0000
20
-15.0000
30
1.0025
11
80.0000
21
-15.0000
31
1.0356
12
80.0000
22
-10.0000
32
1.1256
13
75.0000
23
-10.0000
33
1.0925
0
3DFACE
8
S_UMGEBUNG_GELAENDE
10
75.0000
20
-10.0000
30
1.0925
11
80.0000
21
-10.0000
31
1.1256
12
80.0000
22
-5.0000
32
1.2156
13
75.0000
23
-5.0000
33
1.1825
0
3DFACE
8
S_UMGEBUNG_GELAENDE
10
75.0000
20
-5.0000
30
1.1825
11
80.0000
21
-5.0000
31
1.2156
12
80.0000
22
0.0000
32
1.3056
13
75.0000
23
0.0000
33
1.2725
0
3DFACE
8
S_UMGEBUNG_GELAENDE
10
75.0000
20
0.0000
30
1.2725
11
80.0000
21
0.0000
31
1.3056
12
80.0000
22
5.0000
32
1.3956
13
75.0000
23
5.0000
33
1.3625
0
3DFACE
8
S_UMGEBUNG_GELAENDE
10
75.0000
20
5.0000
30
1.3625
11
80.0000
21
5.0000
31
1.3956
12
80.0000
22
10.0000
32
1.4856
13
75.0000
23
10.0000
33
1.4525
0
3DFACE
8
S_UMGEBUNG_GELAENDE
10
75.0000
20
10.0000
30
1.4525
11
80.0000
21
10.0000
31
1.4856
12
80.0000
22
15.0000
32
1.5756
13
75.0000
23
15.0000
33
1.5425
0
3DFACE
8
S_UMGEBUNG_GELAENDE
10
75.0000
20
15.0000
30
1.5425
11
80.0000
21
15.0000
31
1.5756
12
80.0000
22
20.0000
32
1.6656
13
75.0000
23
20.0000
33
1.6325
0
3DFACE
8
S_UMGEBUNG_GELAENDE
10
75.0000
20
20.0000
30
1.6325
11
80.0000
21
20.0000
31
1.6656
12
80.0000
22
25.0000
32
1.7556
13
75.0000
23
25.0000
33
1.7225
0
3DFACE
8
S_UMGEBUNG_GELAENDE
10
75.0000
20
25.0000
30
1.7225
11
80.0000
21
25.0000
31
1.7556
12
80.0000
22
30.0000
32
1.8456
13
75.0000
23
30.0000
33
1.8125
0
3DFACE
8
S_UMGEBUNG_GELAENDE
10
75.0000
20
30.0000
30
1.8125
11
80.0000
21
30.0000
31
1.8456
12
80.0000
22
35.0000
32
1.9356
13
75.0000
23
35.0000
33
1.9025
0
3DFACE
8
S_UMGEBUNG_GELAENDE
10
75.0000
20
35.0000
30
1.9025
11
80.0000
21
35.0000
31
1.9356
12
80.0000
22
40.0000
32
2.0256
13
75.0000
23
40.0000
33
1.9925
0
3DFACE
8
S_UMGEBUNG_GELAENDE
10
75.0000
20
40.0000
30
1.9925
11
80.0000
21
40.0000
31
2.0256
12
80.0000
22
45.0000
32
2.1156
13
75.0000
23
45.0000
33
2.0825
0
3DFACE
8
S_UMGEBUNG_GELAENDE
10
75.0000
20
45.0000
30
2.0825
11
80.0000
21
45.0000
31
2.1156
12
80.0000
22
50.0000
32
2.2056
13
75.0000
23
50.0000
33
2.1725
0
3DFACE
8
S_UMGEBUNG_GELAENDE
10
75.0000
20
50.0000
30
2.1725
11
80.0000
21
50.0000
31
2.2056
12
80.0000
22
55.0000
32
2.2956
13
75.0000
23
55.0000
33
2.2625
0
3DFACE
8
S_UMGEBUNG_GELAENDE
10
75.0000
20
55.0000
30
2.2625
11
80.0000
21
55.0000
31
2.2956
12
80.0000
22
60.0000
32
2.3856
13
75.0000
23
60.0000
33
2.3525
0
3DFACE
8
S_UMGEBUNG_GELAENDE
10
75.0000
20
60.0000
30
2.3525
11
80.0000
21
60.0000
31
2.3856
12
80.0000
22
65.0000
32
2.4756
13
75.0000
23
65.0000
33
2.4425
0
3DFACE
8
S_UMGEBUNG_GELAENDE
10
75.0000
20
65.0000
30
2.4425
11
80.0000
21
65.0000
31
2.4756
12
80.0000
22
70.0000
32
2.5656
13
75.0000
23
70.0000
33
2.5325
0
3DFACE
8
S_UMGEBUNG_GELAENDE
10
75.0000
20
70.0000
30
2.5325
11
80.0000
21
70.0000
31
2.5656
12
80.0000
22
75.0000
32
2.6556
13
75.0000
23
75.0000
33
2.6225
0
3DFACE
8
S_UMGEBUNG_GELAENDE
10
75.0000
20
75.0000
30
2.6225
11
80.0000
21
75.0000
31
2.6556
12
80.0000
22
80.0000
32
2.7456
13
75.0000
23
80.0000
33
2.7125
0
3DFACE
8
S_UMGEBUNG_GELAENDE
10
75.0000
20
80.0000
30
2.7125
11
80.0000
21
80.0000
31
2.7456
12
80.0000
22
85.0000
32
2.8356
13
75.0000
23
85.0000
33
2.8025
0
3DFACE
8
S_UMGEBUNG_GELAENDE
10
75.0000
20
85.0000
30
2.8025
11
80.0000
21
85.0000
31
2.8356
12
80.0000
22
90.0000
32
2.9256
13
75.0000
23
90.0000
33
2.8925
0
3DFACE
8
S_UMGEBUNG_GELAENDE
10
75.0000
20
90.0000
30
2.8925
11
80.0000
21
90.0000
31
2.9256
12
80.0000
22
95.0000
32
3.0156
13
75.0000
23
95.0000
33
2.9825
0
3DFACE
8
S_UMGEBUNG_GELAENDE
10
75.0000
20
95.0000
30
2.9825
11
80.0000
21
95.0000
31
3.0156
12
80.0000
22
100.0000
32
3.1056
13
75.0000
23
100.0000
33
3.0725
0
3DFACE
8
S_UMGEBUNG_GELAENDE
10
75.0000
20
100.0000
30
3.0725
11
80.0000
21
100.0000
31
3.1056
12
80.0000
22
105.0000
32
3.1956
13
75.0000
23
105.0000
33
3.1625
0
3DFACE
8
S_UMGEBUNG_GELAENDE
10
75.0000
20
105.0000
30
3.1625
11
80.0000
21
105.0000
31
3.1956
12
80.0000
22
110.0000
32
3.2856
13
75.0000
23
110.0000
33
3.2525
0
3DFACE
8
S_UMGEBUNG_GELAENDE
10
75.0000
20
110.0000
30
3.2525
11
80.0000
21
110.0000
31
3.2856
12
80.0000
22
115.0000
32
3.3756
13
75.0000
23
115.0000
33
3.3425
0
3DFACE
8
S_UMGEBUNG_GELAENDE
10
75.0000
20
115.0000
30
3.3425
11
80.0000
21
115.0000
31
3.3756
12
80.0000
22
120.0000
32
3.4656
13
75.0000
23
120.0000
33
3.4325
0
3DFACE
8
S_UMGEBUNG_GELAENDE
10
75.0000
20
120.0000
30
3.4325
11
80.0000
21
120.0000
31
3.4656
12
80.0000
22
125.0000
32
3.5556
13
75.0000
23
125.0000
33
3.5225
0
3DFACE
8
S_UMGEBUNG_GELAENDE
10
75.0000
20
125.0000
30
3.5225
11
80.0000
21
125.0000
31
3.5556
12
80.0000
22
130.0000
32
3.6456
13
75.0000
23
130.0000
33
3.6125
0
3DFACE
8
S_UMGEBUNG_GELAENDE
10
80.0000
20
-125.0000
30
-0.9444
11
85.0000
21
-125.0000
31
-0.9198
12
85.0000
22
-120.0000
32
-0.8298
13
80.0000
23
-120.0000
33
-0.8544
0
3DFACE
8
S_UMGEBUNG_GELAENDE
10
80.0000
20
-120.0000
30
-0.8544
11
85.0000
21
-120.0000
31
-0.8298
12
85.0000
22
-115.0000
32
-0.7398
13
80.0000
23
-115.0000
33
-0.7644
0
3DFACE
8
S_UMGEBUNG_GELAENDE
10
80.0000
20
-115.0000
30
-0.7644
11
85.0000
21
-115.0000
31
-0.7398
12
85.0000
22
-110.0000
32
-0.6498
13
80.0000
23
-110.0000
33
-0.6744
0
3DFACE
8
S_UMGEBUNG_GELAENDE
10
80.0000
20
-110.0000
30
-0.6744
11
85.0000
21
-110.0000
31
-0.6498
12
85.0000
22
-105.0000
32
-0.5598
13
80.0000
23
-105.0000
33
-0.5844
0
3DFACE
8
S_UMGEBUNG_GELAENDE
10
80.0000
20
-105.0000
30
-0.5844
11
85.0000
21
-105.0000
31
-0.5598
12
85.0000
22
-100.0000
32
-0.4698
13
80.0000
23
-100.0000
33
-0.4944
0
3DFACE
8
S_UMGEBUNG_GELAENDE
10
80.0000
20
-100.0000
30
-0.4944
11
85.0000
21
-100.0000
31
-0.4698
12
85.0000
22
-95.0000
32
-0.3798
13
80.0000
23
-95.0000
33
-0.4044
0
3DFACE
8
S_UMGEBUNG_GELAENDE
10
80.0000
20
-95.0000
30
-0.4044
11
85.0000
21
-95.0000
31
-0.3798
12
85.0000
22
-90.0000
32
-0.2898
13
80.0000
23
-90.0000
33
-0.3144
0
3DFACE
8
S_UMGEBUNG_GELAENDE
10
80.0000
20
-90.0000
30
-0.3144
11
85.0000
21
-90.0000
31
-0.2898
12
85.0000
22
-85.0000
32
-0.1998
13
80.0000
23
-85.0000
33
-0.2244
0
3DFACE
8
S_UMGEBUNG_GELAENDE
10
80.0000
20
-85.0000
30
-0.2244
11
85.0000
21
-85.0000
31
-0.1998
12
85.0000
22
-80.0000
32
-0.1098
13
80.0000
23
-80.0000
33
-0.1344
0
3DFACE
8
S_UMGEBUNG_GELAENDE
10
80.0000
20
-80.0000
30
-0.1344
11
85.0000
21
-80.0000
31
-0.1098
12
85.0000
22
-75.0000
32
-0.0198
13
80.0000
23
-75.0000
33
-0.0444
0
3DFACE
8
S_UMGEBUNG_GELAENDE
10
80.0000
20
-75.0000
30
-0.0444
11
85.0000
21
-75.0000
31
-0.0198
12
85.0000
22
-70.0000
32
0.0702
13
80.0000
23
-70.0000
33
0.0456
0
3DFACE
8
S_UMGEBUNG_GELAENDE
10
80.0000
20
-70.0000
30
0.0456
11
85.0000
21
-70.0000
31
0.0702
12
85.0000
22
-65.0000
32
0.1602
13
80.0000
23
-65.0000
33
0.1356
0
3DFACE
8
S_UMGEBUNG_GELAENDE
10
80.0000
20
-65.0000
30
0.1356
11
85.0000
21
-65.0000
31
0.1602
12
85.0000
22
-60.0000
32
0.2502
13
80.0000
23
-60.0000
33
0.2256
0
3DFACE
8
S_UMGEBUNG_GELAENDE
10
80.0000
20
-60.0000
30
0.2256
11
85.0000
21
-60.0000
31
0.2502
12
85.0000
22
-55.0000
32
0.3402
13
80.0000
23
-55.0000
33
0.3156
0
3DFACE
8
S_UMGEBUNG_GELAENDE
10
80.0000
20
-55.0000
30
0.3156
11
85.0000
21
-55.0000
31
0.3402
12
85.0000
22
-50.0000
32
0.4302
13
80.0000
23
-50.0000
33
0.4056
0
3DFACE
8
S_UMGEBUNG_GELAENDE
10
80.0000
20
-50.0000
30
0.4056
11
85.0000
21
-50.0000
31
0.4302
12
85.0000
22
-45.0000
32
0.5202
13
80.0000
23
-45.0000
33
0.4956
0
3DFACE
8
S_UMGEBUNG_GELAENDE
10
80.0000
20
-45.0000
30
0.4956
11
85.0000
21
-45.0000
31
0.5202
12
85.0000
22
-40.0000
32
0.6102
13
80.0000
23
-40.0000
33
0.5856
0
3DFACE
8
S_UMGEBUNG_GELAENDE
10
80.0000
20
-40.0000
30
0.5856
11
85.0000
21
-40.0000
31
0.6102
12
85.0000
22
-35.0000
32
0.7002
13
80.0000
23
-35.0000
33
0.6756
0
3DFACE
8
S_UMGEBUNG_GELAENDE
10
80.0000
20
-35.0000
30
0.6756
11
85.0000
21
-35.0000
31
0.7002
12
85.0000
22
-30.0000
32
0.7902
13
80.0000
23
-30.0000
33
0.7656
0
3DFACE
8
S_UMGEBUNG_GELAENDE
10
80.0000
20
-30.0000
30
0.7656
11
85.0000
21
-30.0000
31
0.7902
12
85.0000
22
-25.0000
32
0.8802
13
80.0000
23
-25.0000
33
0.8556
0
3DFACE
8
S_UMGEBUNG_GELAENDE
10
80.0000
20
-25.0000
30
0.8556
11
85.0000
21
-25.0000
31
0.8802
12
85.0000
22
-20.0000
32
0.9702
13
80.0000
23
-20.0000
33
0.9456
0
3DFACE
8
S_UMGEBUNG_GELAENDE
10
80.0000
20
-20.0000
30
0.9456
11
85.0000
21
-20.0000
31
0.9702
12
85.0000
22
-15.0000
32
1.0602
13
80.0000
23
-15.0000
33
1.0356
0
3DFACE
8
S_UMGEBUNG_GELAENDE
10
80.0000
20
-15.0000
30
1.0356
11
85.0000
21
-15.0000
31
1.0602
12
85.0000
22
-10.0000
32
1.1502
13
80.0000
23
-10.0000
33
1.1256
0
3DFACE
8
S_UMGEBUNG_GELAENDE
10
80.0000
20
-10.0000
30
1.1256
11
85.0000
21
-10.0000
31
1.1502
12
85.0000
22
-5.0000
32
1.2402
13
80.0000
23
-5.0000
33
1.2156
0
3DFACE
8
S_UMGEBUNG_GELAENDE
10
80.0000
20
-5.0000
30
1.2156
11
85.0000
21
-5.0000
31
1.2402
12
85.0000
22
0.0000
32
1.3302
13
80.0000
23
0.0000
33
1.3056
0
3DFACE
8
S_UMGEBUNG_GELAENDE
10
80.0000
20
0.0000
30
1.3056
11
85.0000
21
0.0000
31
1.3302
12
85.0000
22
5.0000
32
1.4202
13
80.0000
23
5.0000
33
1.3956
0
3DFACE
8
S_UMGEBUNG_GELAENDE
10
80.0000
20
5.0000
30
1.3956
11
85.0000
21
5.0000
31
1.4202
12
85.0000
22
10.0000
32
1.5102
13
80.0000
23
10.0000
33
1.4856
0
3DFACE
8
S_UMGEBUNG_GELAENDE
10
80.0000
20
10.0000
30
1.4856
11
85.0000
21
10.0000
31
1.5102
12
85.0000
22
15.0000
32
1.6002
13
80.0000
23
15.0000
33
1.5756
0
3DFACE
8
S_UMGEBUNG_GELAENDE
10
80.0000
20
15.0000
30
1.5756
11
85.0000
21
15.0000
31
1.6002
12
85.0000
22
20.0000
32
1.6902
13
80.0000
23
20.0000
33
1.6656
0
3DFACE
8
S_UMGEBUNG_GELAENDE
10
80.0000
20
20.0000
30
1.6656
11
85.0000
21
20.0000
31
1.6902
12
85.0000
22
25.0000
32
1.7802
13
80.0000
23
25.0000
33
1.7556
0
3DFACE
8
S_UMGEBUNG_GELAENDE
10
80.0000
20
25.0000
30
1.7556
11
85.0000
21
25.0000
31
1.7802
12
85.0000
22
30.0000
32
1.8702
13
80.0000
23
30.0000
33
1.8456
0
3DFACE
8
S_UMGEBUNG_GELAENDE
10
80.0000
20
30.0000
30
1.8456
11
85.0000
21
30.0000
31
1.8702
12
85.0000
22
35.0000
32
1.9602
13
80.0000
23
35.0000
33
1.9356
0
3DFACE
8
S_UMGEBUNG_GELAENDE
10
80.0000
20
35.0000
30
1.9356
11
85.0000
21
35.0000
31
1.9602
12
85.0000
22
40.0000
32
2.0502
13
80.0000
23
40.0000
33
2.0256
0
3DFACE
8
S_UMGEBUNG_GELAENDE
10
80.0000
20
40.0000
30
2.0256
11
85.0000
21
40.0000
31
2.0502
12
85.0000
22
45.0000
32
2.1402
13
80.0000
23
45.0000
33
2.1156
0
3DFACE
8
S_UMGEBUNG_GELAENDE
10
80.0000
20
45.0000
30
2.1156
11
85.0000
21
45.0000
31
2.1402
12
85.0000
22
50.0000
32
2.2302
13
80.0000
23
50.0000
33
2.2056
0
3DFACE
8
S_UMGEBUNG_GELAENDE
10
80.0000
20
50.0000
30
2.2056
11
85.0000
21
50.0000
31
2.2302
12
85.0000
22
55.0000
32
2.3202
13
80.0000
23
55.0000
33
2.2956
0
3DFACE
8
S_UMGEBUNG_GELAENDE
10
80.0000
20
55.0000
30
2.2956
11
85.0000
21
55.0000
31
2.3202
12
85.0000
22
60.0000
32
2.4102
13
80.0000
23
60.0000
33
2.3856
0
3DFACE
8
S_UMGEBUNG_GELAENDE
10
80.0000
20
60.0000
30
2.3856
11
85.0000
21
60.0000
31
2.4102
12
85.0000
22
65.0000
32
2.5002
13
80.0000
23
65.0000
33
2.4756
0
3DFACE
8
S_UMGEBUNG_GELAENDE
10
80.0000
20
65.0000
30
2.4756
11
85.0000
21
65.0000
31
2.5002
12
85.0000
22
70.0000
32
2.5902
13
80.0000
23
70.0000
33
2.5656
0
3DFACE
8
S_UMGEBUNG_GELAENDE
10
80.0000
20
70.0000
30
2.5656
11
85.0000
21
70.0000
31
2.5902
12
85.0000
22
75.0000
32
2.6802
13
80.0000
23
75.0000
33
2.6556
0
3DFACE
8
S_UMGEBUNG_GELAENDE
10
80.0000
20
75.0000
30
2.6556
11
85.0000
21
75.0000
31
2.6802
12
85.0000
22
80.0000
32
2.7702
13
80.0000
23
80.0000
33
2.7456
0
3DFACE
8
S_UMGEBUNG_GELAENDE
10
80.0000
20
80.0000
30
2.7456
11
85.0000
21
80.0000
31
2.7702
12
85.0000
22
85.0000
32
2.8602
13
80.0000
23
85.0000
33
2.8356
0
3DFACE
8
S_UMGEBUNG_GELAENDE
10
80.0000
20
85.0000
30
2.8356
11
85.0000
21
85.0000
31
2.8602
12
85.0000
22
90.0000
32
2.9502
13
80.0000
23
90.0000
33
2.9256
0
3DFACE
8
S_UMGEBUNG_GELAENDE
10
80.0000
20
90.0000
30
2.9256
11
85.0000
21
90.0000
31
2.9502
12
85.0000
22
95.0000
32
3.0402
13
80.0000
23
95.0000
33
3.0156
0
3DFACE
8
S_UMGEBUNG_GELAENDE
10
80.0000
20
95.0000
30
3.0156
11
85.0000
21
95.0000
31
3.0402
12
85.0000
22
100.0000
32
3.1302
13
80.0000
23
100.0000
33
3.1056
0
3DFACE
8
S_UMGEBUNG_GELAENDE
10
80.0000
20
100.0000
30
3.1056
11
85.0000
21
100.0000
31
3.1302
12
85.0000
22
105.0000
32
3.2202
13
80.0000
23
105.0000
33
3.1956
0
3DFACE
8
S_UMGEBUNG_GELAENDE
10
80.0000
20
105.0000
30
3.1956
11
85.0000
21
105.0000
31
3.2202
12
85.0000
22
110.0000
32
3.3102
13
80.0000
23
110.0000
33
3.2856
0
3DFACE
8
S_UMGEBUNG_GELAENDE
10
80.0000
20
110.0000
30
3.2856
11
85.0000
21
110.0000
31
3.3102
12
85.0000
22
115.0000
32
3.4002
13
80.0000
23
115.0000
33
3.3756
0
3DFACE
8
S_UMGEBUNG_GELAENDE
10
80.0000
20
115.0000
30
3.3756
11
85.0000
21
115.0000
31
3.4002
12
85.0000
22
120.0000
32
3.4902
13
80.0000
23
120.0000
33
3.4656
0
3DFACE
8
S_UMGEBUNG_GELAENDE
10
80.0000
20
120.0000
30
3.4656
11
85.0000
21
120.0000
31
3.4902
12
85.0000
22
125.0000
32
3.5802
13
80.0000
23
125.0000
33
3.5556
0
3DFACE
8
S_UMGEBUNG_GELAENDE
10
85.0000
20
-120.0000
30
-0.8298
11
90.0000
21
-120.0000
31
-0.8132
12
90.0000
22
-115.0000
32
-0.7232
13
85.0000
23
-115.0000
33
-0.7398
0
3DFACE
8
S_UMGEBUNG_GELAENDE
10
85.0000
20
-115.0000
30
-0.7398
11
90.0000
21
-115.0000
31
-0.7232
12
90.0000
22
-110.0000
32
-0.6332
13
85.0000
23
-110.0000
33
-0.6498
0
3DFACE
8
S_UMGEBUNG_GELAENDE
10
85.0000
20
-110.0000
30
-0.6498
11
90.0000
21
-110.0000
31
-0.6332
12
90.0000
22
-105.0000
32
-0.5432
13
85.0000
23
-105.0000
33
-0.5598
0
3DFACE
8
S_UMGEBUNG_GELAENDE
10
85.0000
20
-105.0000
30
-0.5598
11
90.0000
21
-105.0000
31
-0.5432
12
90.0000
22
-100.0000
32
-0.4532
13
85.0000
23
-100.0000
33
-0.4698
0
3DFACE
8
S_UMGEBUNG_GELAENDE
10
85.0000
20
-100.0000
30
-0.4698
11
90.0000
21
-100.0000
31
-0.4532
12
90.0000
22
-95.0000
32
-0.3632
13
85.0000
23
-95.0000
33
-0.3798
0
3DFACE
8
S_UMGEBUNG_GELAENDE
10
85.0000
20
-95.0000
30
-0.3798
11
90.0000
21
-95.0000
31
-0.3632
12
90.0000
22
-90.0000
32
-0.2732
13
85.0000
23
-90.0000
33
-0.2898
0
3DFACE
8
S_UMGEBUNG_GELAENDE
10
85.0000
20
-90.0000
30
-0.2898
11
90.0000
21
-90.0000
31
-0.2732
12
90.0000
22
-85.0000
32
-0.1832
13
85.0000
23
-85.0000
33
-0.1998
0
3DFACE
8
S_UMGEBUNG_GELAENDE
10
85.0000
20
-85.0000
30
-0.1998
11
90.0000
21
-85.0000
31
-0.1832
12
90.0000
22
-80.0000
32
-0.0932
13
85.0000
23
-80.0000
33
-0.1098
0
3DFACE
8
S_UMGEBUNG_GELAENDE
10
85.0000
20
-80.0000
30
-0.1098
11
90.0000
21
-80.0000
31
-0.0932
12
90.0000
22
-75.0000
32
-0.0032
13
85.0000
23
-75.0000
33
-0.0198
0
3DFACE
8
S_UMGEBUNG_GELAENDE
10
85.0000
20
-75.0000
30
-0.0198
11
90.0000
21
-75.0000
31
-0.0032
12
90.0000
22
-70.0000
32
0.0868
13
85.0000
23
-70.0000
33
0.0702
0
3DFACE
8
S_UMGEBUNG_GELAENDE
10
85.0000
20
-70.0000
30
0.0702
11
90.0000
21
-70.0000
31
0.0868
12
90.0000
22
-65.0000
32
0.1768
13
85.0000
23
-65.0000
33
0.1602
0
3DFACE
8
S_UMGEBUNG_GELAENDE
10
85.0000
20
-65.0000
30
0.1602
11
90.0000
21
-65.0000
31
0.1768
12
90.0000
22
-60.0000
32
0.2668
13
85.0000
23
-60.0000
33
0.2502
0
3DFACE
8
S_UMGEBUNG_GELAENDE
10
85.0000
20
-60.0000
30
0.2502
11
90.0000
21
-60.0000
31
0.2668
12
90.0000
22
-55.0000
32
0.3568
13
85.0000
23
-55.0000
33
0.3402
0
3DFACE
8
S_UMGEBUNG_GELAENDE
10
85.0000
20
-55.0000
30
0.3402
11
90.0000
21
-55.0000
31
0.3568
12
90.0000
22
-50.0000
32
0.4468
13
85.0000
23
-50.0000
33
0.4302
0
3DFACE
8
S_UMGEBUNG_GELAENDE
10
85.0000
20
-50.0000
30
0.4302
11
90.0000
21
-50.0000
31
0.4468
12
90.0000
22
-45.0000
32
0.5368
13
85.0000
23
-45.0000
33
0.5202
0
3DFACE
8
S_UMGEBUNG_GELAENDE
10
85.0000
20
-45.0000
30
0.5202
11
90.0000
21
-45.0000
31
0.5368
12
90.0000
22
-40.0000
32
0.6268
13
85.0000
23
-40.0000
33
0.6102
0
3DFACE
8
S_UMGEBUNG_GELAENDE
10
85.0000
20
-40.0000
30
0.6102
11
90.0000
21
-40.0000
31
0.6268
12
90.0000
22
-35.0000
32
0.7168
13
85.0000
23
-35.0000
33
0.7002
0
3DFACE
8
S_UMGEBUNG_GELAENDE
10
85.0000
20
-35.0000
30
0.7002
11
90.0000
21
-35.0000
31
0.7168
12
90.0000
22
-30.0000
32
0.8068
13
85.0000
23
-30.0000
33
0.7902
0
3DFACE
8
S_UMGEBUNG_GELAENDE
10
85.0000
20
-30.0000
30
0.7902
11
90.0000
21
-30.0000
31
0.8068
12
90.0000
22
-25.0000
32
0.8968
13
85.0000
23
-25.0000
33
0.8802
0
3DFACE
8
S_UMGEBUNG_GELAENDE
10
85.0000
20
-25.0000
30
0.8802
11
90.0000
21
-25.0000
31
0.8968
12
90.0000
22
-20.0000
32
0.9868
13
85.0000
23
-20.0000
33
0.9702
0
3DFACE
8
S_UMGEBUNG_GELAENDE
10
85.0000
20
-20.0000
30
0.9702
11
90.0000
21
-20.0000
31
0.9868
12
90.0000
22
-15.0000
32
1.0768
13
85.0000
23
-15.0000
33
1.0602
0
3DFACE
8
S_UMGEBUNG_GELAENDE
10
85.0000
20
-15.0000
30
1.0602
11
90.0000
21
-15.0000
31
1.0768
12
90.0000
22
-10.0000
32
1.1668
13
85.0000
23
-10.0000
33
1.1502
0
3DFACE
8
S_UMGEBUNG_GELAENDE
10
85.0000
20
-10.0000
30
1.1502
11
90.0000
21
-10.0000
31
1.1668
12
90.0000
22
-5.0000
32
1.2568
13
85.0000
23
-5.0000
33
1.2402
0
3DFACE
8
S_UMGEBUNG_GELAENDE
10
85.0000
20
-5.0000
30
1.2402
11
90.0000
21
-5.0000
31
1.2568
12
90.0000
22
0.0000
32
1.3468
13
85.0000
23
0.0000
33
1.3302
0
3DFACE
8
S_UMGEBUNG_GELAENDE
10
85.0000
20
0.0000
30
1.3302
11
90.0000
21
0.0000
31
1.3468
12
90.0000
22
5.0000
32
1.4368
13
85.0000
23
5.0000
33
1.4202
0
3DFACE
8
S_UMGEBUNG_GELAENDE
10
85.0000
20
5.0000
30
1.4202
11
90.0000
21
5.0000
31
1.4368
12
90.0000
22
10.0000
32
1.5268
13
85.0000
23
10.0000
33
1.5102
0
3DFACE
8
S_UMGEBUNG_GELAENDE
10
85.0000
20
10.0000
30
1.5102
11
90.0000
21
10.0000
31
1.5268
12
90.0000
22
15.0000
32
1.6168
13
85.0000
23
15.0000
33
1.6002
0
3DFACE
8
S_UMGEBUNG_GELAENDE
10
85.0000
20
15.0000
30
1.6002
11
90.0000
21
15.0000
31
1.6168
12
90.0000
22
20.0000
32
1.7068
13
85.0000
23
20.0000
33
1.6902
0
3DFACE
8
S_UMGEBUNG_GELAENDE
10
85.0000
20
20.0000
30
1.6902
11
90.0000
21
20.0000
31
1.7068
12
90.0000
22
25.0000
32
1.7968
13
85.0000
23
25.0000
33
1.7802
0
3DFACE
8
S_UMGEBUNG_GELAENDE
10
85.0000
20
25.0000
30
1.7802
11
90.0000
21
25.0000
31
1.7968
12
90.0000
22
30.0000
32
1.8868
13
85.0000
23
30.0000
33
1.8702
0
3DFACE
8
S_UMGEBUNG_GELAENDE
10
85.0000
20
30.0000
30
1.8702
11
90.0000
21
30.0000
31
1.8868
12
90.0000
22
35.0000
32
1.9768
13
85.0000
23
35.0000
33
1.9602
0
3DFACE
8
S_UMGEBUNG_GELAENDE
10
85.0000
20
35.0000
30
1.9602
11
90.0000
21
35.0000
31
1.9768
12
90.0000
22
40.0000
32
2.0668
13
85.0000
23
40.0000
33
2.0502
0
3DFACE
8
S_UMGEBUNG_GELAENDE
10
85.0000
20
40.0000
30
2.0502
11
90.0000
21
40.0000
31
2.0668
12
90.0000
22
45.0000
32
2.1568
13
85.0000
23
45.0000
33
2.1402
0
3DFACE
8
S_UMGEBUNG_GELAENDE
10
85.0000
20
45.0000
30
2.1402
11
90.0000
21
45.0000
31
2.1568
12
90.0000
22
50.0000
32
2.2468
13
85.0000
23
50.0000
33
2.2302
0
3DFACE
8
S_UMGEBUNG_GELAENDE
10
85.0000
20
50.0000
30
2.2302
11
90.0000
21
50.0000
31
2.2468
12
90.0000
22
55.0000
32
2.3368
13
85.0000
23
55.0000
33
2.3202
0
3DFACE
8
S_UMGEBUNG_GELAENDE
10
85.0000
20
55.0000
30
2.3202
11
90.0000
21
55.0000
31
2.3368
12
90.0000
22
60.0000
32
2.4268
13
85.0000
23
60.0000
33
2.4102
0
3DFACE
8
S_UMGEBUNG_GELAENDE
10
85.0000
20
60.0000
30
2.4102
11
90.0000
21
60.0000
31
2.4268
12
90.0000
22
65.0000
32
2.5168
13
85.0000
23
65.0000
33
2.5002
0
3DFACE
8
S_UMGEBUNG_GELAENDE
10
85.0000
20
65.0000
30
2.5002
11
90.0000
21
65.0000
31
2.5168
12
90.0000
22
70.0000
32
2.6068
13
85.0000
23
70.0000
33
2.5902
0
3DFACE
8
S_UMGEBUNG_GELAENDE
10
85.0000
20
70.0000
30
2.5902
11
90.0000
21
70.0000
31
2.6068
12
90.0000
22
75.0000
32
2.6968
13
85.0000
23
75.0000
33
2.6802
0
3DFACE
8
S_UMGEBUNG_GELAENDE
10
85.0000
20
75.0000
30
2.6802
11
90.0000
21
75.0000
31
2.6968
12
90.0000
22
80.0000
32
2.7868
13
85.0000
23
80.0000
33
2.7702
0
3DFACE
8
S_UMGEBUNG_GELAENDE
10
85.0000
20
80.0000
30
2.7702
11
90.0000
21
80.0000
31
2.7868
12
90.0000
22
85.0000
32
2.8768
13
85.0000
23
85.0000
33
2.8602
0
3DFACE
8
S_UMGEBUNG_GELAENDE
10
85.0000
20
85.0000
30
2.8602
11
90.0000
21
85.0000
31
2.8768
12
90.0000
22
90.0000
32
2.9668
13
85.0000
23
90.0000
33
2.9502
0
3DFACE
8
S_UMGEBUNG_GELAENDE
10
85.0000
20
90.0000
30
2.9502
11
90.0000
21
90.0000
31
2.9668
12
90.0000
22
95.0000
32
3.0568
13
85.0000
23
95.0000
33
3.0402
0
3DFACE
8
S_UMGEBUNG_GELAENDE
10
85.0000
20
95.0000
30
3.0402
11
90.0000
21
95.0000
31
3.0568
12
90.0000
22
100.0000
32
3.1468
13
85.0000
23
100.0000
33
3.1302
0
3DFACE
8
S_UMGEBUNG_GELAENDE
10
85.0000
20
100.0000
30
3.1302
11
90.0000
21
100.0000
31
3.1468
12
90.0000
22
105.0000
32
3.2368
13
85.0000
23
105.0000
33
3.2202
0
3DFACE
8
S_UMGEBUNG_GELAENDE
10
85.0000
20
105.0000
30
3.2202
11
90.0000
21
105.0000
31
3.2368
12
90.0000
22
110.0000
32
3.3268
13
85.0000
23
110.0000
33
3.3102
0
3DFACE
8
S_UMGEBUNG_GELAENDE
10
85.0000
20
110.0000
30
3.3102
11
90.0000
21
110.0000
31
3.3268
12
90.0000
22
115.0000
32
3.4168
13
85.0000
23
115.0000
33
3.4002
0
3DFACE
8
S_UMGEBUNG_GELAENDE
10
85.0000
20
115.0000
30
3.4002
11
90.0000
21
115.0000
31
3.4168
12
90.0000
22
120.0000
32
3.5068
13
85.0000
23
120.0000
33
3.4902
0
3DFACE
8
S_UMGEBUNG_GELAENDE
10
90.0000
20
-120.0000
30
-0.8132
11
95.0000
21
-120.0000
31
-0.8038
12
95.0000
22
-115.0000
32
-0.7138
13
90.0000
23
-115.0000
33
-0.7232
0
3DFACE
8
S_UMGEBUNG_GELAENDE
10
90.0000
20
-115.0000
30
-0.7232
11
95.0000
21
-115.0000
31
-0.7138
12
95.0000
22
-110.0000
32
-0.6238
13
90.0000
23
-110.0000
33
-0.6332
0
3DFACE
8
S_UMGEBUNG_GELAENDE
10
90.0000
20
-110.0000
30
-0.6332
11
95.0000
21
-110.0000
31
-0.6238
12
95.0000
22
-105.0000
32
-0.5338
13
90.0000
23
-105.0000
33
-0.5432
0
3DFACE
8
S_UMGEBUNG_GELAENDE
10
90.0000
20
-105.0000
30
-0.5432
11
95.0000
21
-105.0000
31
-0.5338
12
95.0000
22
-100.0000
32
-0.4438
13
90.0000
23
-100.0000
33
-0.4532
0
3DFACE
8
S_UMGEBUNG_GELAENDE
10
90.0000
20
-100.0000
30
-0.4532
11
95.0000
21
-100.0000
31
-0.4438
12
95.0000
22
-95.0000
32
-0.3538
13
90.0000
23
-95.0000
33
-0.3632
0
3DFACE
8
S_UMGEBUNG_GELAENDE
10
90.0000
20
-95.0000
30
-0.3632
11
95.0000
21
-95.0000
31
-0.3538
12
95.0000
22
-90.0000
32
-0.2638
13
90.0000
23
-90.0000
33
-0.2732
0
3DFACE
8
S_UMGEBUNG_GELAENDE
10
90.0000
20
-90.0000
30
-0.2732
11
95.0000
21
-90.0000
31
-0.2638
12
95.0000
22
-85.0000
32
-0.1738
13
90.0000
23
-85.0000
33
-0.1832
0
3DFACE
8
S_UMGEBUNG_GELAENDE
10
90.0000
20
-85.0000
30
-0.1832
11
95.0000
21
-85.0000
31
-0.1738
12
95.0000
22
-80.0000
32
-0.0838
13
90.0000
23
-80.0000
33
-0.0932
0
3DFACE
8
S_UMGEBUNG_GELAENDE
10
90.0000
20
-80.0000
30
-0.0932
11
95.0000
21
-80.0000
31
-0.0838
12
95.0000
22
-75.0000
32
0.0062
13
90.0000
23
-75.0000
33
-0.0032
0
3DFACE
8
S_UMGEBUNG_GELAENDE
10
90.0000
20
-75.0000
30
-0.0032
11
95.0000
21
-75.0000
31
0.0062
12
95.0000
22
-70.0000
32
0.0962
13
90.0000
23
-70.0000
33
0.0868
0
3DFACE
8
S_UMGEBUNG_GELAENDE
10
90.0000
20
-70.0000
30
0.0868
11
95.0000
21
-70.0000
31
0.0962
12
95.0000
22
-65.0000
32
0.1862
13
90.0000
23
-65.0000
33
0.1768
0
3DFACE
8
S_UMGEBUNG_GELAENDE
10
90.0000
20
-65.0000
30
0.1768
11
95.0000
21
-65.0000
31
0.1862
12
95.0000
22
-60.0000
32
0.2762
13
90.0000
23
-60.0000
33
0.2668
0
3DFACE
8
S_UMGEBUNG_GELAENDE
10
90.0000
20
-60.0000
30
0.2668
11
95.0000
21
-60.0000
31
0.2762
12
95.0000
22
-55.0000
32
0.3662
13
90.0000
23
-55.0000
33
0.3568
0
3DFACE
8
S_UMGEBUNG_GELAENDE
10
90.0000
20
-55.0000
30
0.3568
11
95.0000
21
-55.0000
31
0.3662
12
95.0000
22
-50.0000
32
0.4562
13
90.0000
23
-50.0000
33
0.4468
0
3DFACE
8
S_UMGEBUNG_GELAENDE
10
90.0000
20
-50.0000
30
0.4468
11
95.0000
21
-50.0000
31
0.4562
12
95.0000
22
-45.0000
32
0.5462
13
90.0000
23
-45.0000
33
0.5368
0
3DFACE
8
S_UMGEBUNG_GELAENDE
10
90.0000
20
-45.0000
30
0.5368
11
95.0000
21
-45.0000
31
0.5462
12
95.0000
22
-40.0000
32
0.6362
13
90.0000
23
-40.0000
33
0.6268
0
3DFACE
8
S_UMGEBUNG_GELAENDE
10
90.0000
20
-40.0000
30
0.6268
11
95.0000
21
-40.0000
31
0.6362
12
95.0000
22
-35.0000
32
0.7262
13
90.0000
23
-35.0000
33
0.7168
0
3DFACE
8
S_UMGEBUNG_GELAENDE
10
90.0000
20
-35.0000
30
0.7168
11
95.0000
21
-35.0000
31
0.7262
12
95.0000
22
-30.0000
32
0.8162
13
90.0000
23
-30.0000
33
0.8068
0
3DFACE
8
S_UMGEBUNG_GELAENDE
10
90.0000
20
-30.0000
30
0.8068
11
95.0000
21
-30.0000
31
0.8162
12
95.0000
22
-25.0000
32
0.9062
13
90.0000
23
-25.0000
33
0.8968
0
3DFACE
8
S_UMGEBUNG_GELAENDE
10
90.0000
20
-25.0000
30
0.8968
11
95.0000
21
-25.0000
31
0.9062
12
95.0000
22
-20.0000
32
0.9962
13
90.0000
23
-20.0000
33
0.9868
0
3DFACE
8
S_UMGEBUNG_GELAENDE
10
90.0000
20
-20.0000
30
0.9868
11
95.0000
21
-20.0000
31
0.9962
12
95.0000
22
-15.0000
32
1.0862
13
90.0000
23
-15.0000
33
1.0768
0
3DFACE
8
S_UMGEBUNG_GELAENDE
10
90.0000
20
-15.0000
30
1.0768
11
95.0000
21
-15.0000
31
1.0862
12
95.0000
22
-10.0000
32
1.1762
13
90.0000
23
-10.0000
33
1.1668
0
3DFACE
8
S_UMGEBUNG_GELAENDE
10
90.0000
20
-10.0000
30
1.1668
11
95.0000
21
-10.0000
31
1.1762
12
95.0000
22
-5.0000
32
1.2662
13
90.0000
23
-5.0000
33
1.2568
0
3DFACE
8
S_UMGEBUNG_GELAENDE
10
90.0000
20
-5.0000
30
1.2568
11
95.0000
21
-5.0000
31
1.2662
12
95.0000
22
0.0000
32
1.3562
13
90.0000
23
0.0000
33
1.3468
0
3DFACE
8
S_UMGEBUNG_GELAENDE
10
90.0000
20
0.0000
30
1.3468
11
95.0000
21
0.0000
31
1.3562
12
95.0000
22
5.0000
32
1.4462
13
90.0000
23
5.0000
33
1.4368
0
3DFACE
8
S_UMGEBUNG_GELAENDE
10
90.0000
20
5.0000
30
1.4368
11
95.0000
21
5.0000
31
1.4462
12
95.0000
22
10.0000
32
1.5362
13
90.0000
23
10.0000
33
1.5268
0
3DFACE
8
S_UMGEBUNG_GELAENDE
10
90.0000
20
10.0000
30
1.5268
11
95.0000
21
10.0000
31
1.5362
12
95.0000
22
15.0000
32
1.6262
13
90.0000
23
15.0000
33
1.6168
0
3DFACE
8
S_UMGEBUNG_GELAENDE
10
90.0000
20
15.0000
30
1.6168
11
95.0000
21
15.0000
31
1.6262
12
95.0000
22
20.0000
32
1.7162
13
90.0000
23
20.0000
33
1.7068
0
3DFACE
8
S_UMGEBUNG_GELAENDE
10
90.0000
20
20.0000
30
1.7068
11
95.0000
21
20.0000
31
1.7162
12
95.0000
22
25.0000
32
1.8062
13
90.0000
23
25.0000
33
1.7968
0
3DFACE
8
S_UMGEBUNG_GELAENDE
10
90.0000
20
25.0000
30
1.7968
11
95.0000
21
25.0000
31
1.8062
12
95.0000
22
30.0000
32
1.8962
13
90.0000
23
30.0000
33
1.8868
0
3DFACE
8
S_UMGEBUNG_GELAENDE
10
90.0000
20
30.0000
30
1.8868
11
95.0000
21
30.0000
31
1.8962
12
95.0000
22
35.0000
32
1.9862
13
90.0000
23
35.0000
33
1.9768
0
3DFACE
8
S_UMGEBUNG_GELAENDE
10
90.0000
20
35.0000
30
1.9768
11
95.0000
21
35.0000
31
1.9862
12
95.0000
22
40.0000
32
2.0762
13
90.0000
23
40.0000
33
2.0668
0
3DFACE
8
S_UMGEBUNG_GELAENDE
10
90.0000
20
40.0000
30
2.0668
11
95.0000
21
40.0000
31
2.0762
12
95.0000
22
45.0000
32
2.1662
13
90.0000
23
45.0000
33
2.1568
0
3DFACE
8
S_UMGEBUNG_GELAENDE
10
90.0000
20
45.0000
30
2.1568
11
95.0000
21
45.0000
31
2.1662
12
95.0000
22
50.0000
32
2.2562
13
90.0000
23
50.0000
33
2.2468
0
3DFACE
8
S_UMGEBUNG_GELAENDE
10
90.0000
20
50.0000
30
2.2468
11
95.0000
21
50.0000
31
2.2562
12
95.0000
22
55.0000
32
2.3462
13
90.0000
23
55.0000
33
2.3368
0
3DFACE
8
S_UMGEBUNG_GELAENDE
10
90.0000
20
55.0000
30
2.3368
11
95.0000
21
55.0000
31
2.3462
12
95.0000
22
60.0000
32
2.4362
13
90.0000
23
60.0000
33
2.4268
0
3DFACE
8
S_UMGEBUNG_GELAENDE
10
90.0000
20
60.0000
30
2.4268
11
95.0000
21
60.0000
31
2.4362
12
95.0000
22
65.0000
32
2.5262
13
90.0000
23
65.0000
33
2.5168
0
3DFACE
8
S_UMGEBUNG_GELAENDE
10
90.0000
20
65.0000
30
2.5168
11
95.0000
21
65.0000
31
2.5262
12
95.0000
22
70.0000
32
2.6162
13
90.0000
23
70.0000
33
2.6068
0
3DFACE
8
S_UMGEBUNG_GELAENDE
10
90.0000
20
70.0000
30
2.6068
11
95.0000
21
70.0000
31
2.6162
12
95.0000
22
75.0000
32
2.7062
13
90.0000
23
75.0000
33
2.6968
0
3DFACE
8
S_UMGEBUNG_GELAENDE
10
90.0000
20
75.0000
30
2.6968
11
95.0000
21
75.0000
31
2.7062
12
95.0000
22
80.0000
32
2.7962
13
90.0000
23
80.0000
33
2.7868
0
3DFACE
8
S_UMGEBUNG_GELAENDE
10
90.0000
20
80.0000
30
2.7868
11
95.0000
21
80.0000
31
2.7962
12
95.0000
22
85.0000
32
2.8862
13
90.0000
23
85.0000
33
2.8768
0
3DFACE
8
S_UMGEBUNG_GELAENDE
10
90.0000
20
85.0000
30
2.8768
11
95.0000
21
85.0000
31
2.8862
12
95.0000
22
90.0000
32
2.9762
13
90.0000
23
90.0000
33
2.9668
0
3DFACE
8
S_UMGEBUNG_GELAENDE
10
90.0000
20
90.0000
30
2.9668
11
95.0000
21
90.0000
31
2.9762
12
95.0000
22
95.0000
32
3.0662
13
90.0000
23
95.0000
33
3.0568
0
3DFACE
8
S_UMGEBUNG_GELAENDE
10
90.0000
20
95.0000
30
3.0568
11
95.0000
21
95.0000
31
3.0662
12
95.0000
22
100.0000
32
3.1562
13
90.0000
23
100.0000
33
3.1468
0
3DFACE
8
S_UMGEBUNG_GELAENDE
10
90.0000
20
100.0000
30
3.1468
11
95.0000
21
100.0000
31
3.1562
12
95.0000
22
105.0000
32
3.2462
13
90.0000
23
105.0000
33
3.2368
0
3DFACE
8
S_UMGEBUNG_GELAENDE
10
90.0000
20
105.0000
30
3.2368
11
95.0000
21
105.0000
31
3.2462
12
95.0000
22
110.0000
32
3.3362
13
90.0000
23
110.0000
33
3.3268
0
3DFACE
8
S_UMGEBUNG_GELAENDE
10
90.0000
20
110.0000
30
3.3268
11
95.0000
21
110.0000
31
3.3362
12
95.0000
22
115.0000
32
3.4262
13
90.0000
23
115.0000
33
3.4168
0
3DFACE
8
S_UMGEBUNG_GELAENDE
10
90.0000
20
115.0000
30
3.4168
11
95.0000
21
115.0000
31
3.4262
12
95.0000
22
120.0000
32
3.5162
13
90.0000
23
120.0000
33
3.5068
0
3DFACE
8
S_UMGEBUNG_GELAENDE
10
95.0000
20
-115.0000
30
-0.7138
11
100.0000
21
-115.0000
31
-0.7109
12
100.0000
22
-110.0000
32
-0.6209
13
95.0000
23
-110.0000
33
-0.6238
0
3DFACE
8
S_UMGEBUNG_GELAENDE
10
95.0000
20
-110.0000
30
-0.6238
11
100.0000
21
-110.0000
31
-0.6209
12
100.0000
22
-105.0000
32
-0.5309
13
95.0000
23
-105.0000
33
-0.5338
0
3DFACE
8
S_UMGEBUNG_GELAENDE
10
95.0000
20
-105.0000
30
-0.5338
11
100.0000
21
-105.0000
31
-0.5309
12
100.0000
22
-100.0000
32
-0.4409
13
95.0000
23
-100.0000
33
-0.4438
0
3DFACE
8
S_UMGEBUNG_GELAENDE
10
95.0000
20
-100.0000
30
-0.4438
11
100.0000
21
-100.0000
31
-0.4409
12
100.0000
22
-95.0000
32
-0.3509
13
95.0000
23
-95.0000
33
-0.3538
0
3DFACE
8
S_UMGEBUNG_GELAENDE
10
95.0000
20
-95.0000
30
-0.3538
11
100.0000
21
-95.0000
31
-0.3509
12
100.0000
22
-90.0000
32
-0.2609
13
95.0000
23
-90.0000
33
-0.2638
0
3DFACE
8
S_UMGEBUNG_GELAENDE
10
95.0000
20
-90.0000
30
-0.2638
11
100.0000
21
-90.0000
31
-0.2609
12
100.0000
22
-85.0000
32
-0.1709
13
95.0000
23
-85.0000
33
-0.1738
0
3DFACE
8
S_UMGEBUNG_GELAENDE
10
95.0000
20
-85.0000
30
-0.1738
11
100.0000
21
-85.0000
31
-0.1709
12
100.0000
22
-80.0000
32
-0.0809
13
95.0000
23
-80.0000
33
-0.0838
0
3DFACE
8
S_UMGEBUNG_GELAENDE
10
95.0000
20
-80.0000
30
-0.0838
11
100.0000
21
-80.0000
31
-0.0809
12
100.0000
22
-75.0000
32
0.0091
13
95.0000
23
-75.0000
33
0.0062
0
3DFACE
8
S_UMGEBUNG_GELAENDE
10
95.0000
20
-75.0000
30
0.0062
11
100.0000
21
-75.0000
31
0.0091
12
100.0000
22
-70.0000
32
0.0991
13
95.0000
23
-70.0000
33
0.0962
0
3DFACE
8
S_UMGEBUNG_GELAENDE
10
95.0000
20
-70.0000
30
0.0962
11
100.0000
21
-70.0000
31
0.0991
12
100.0000
22
-65.0000
32
0.1891
13
95.0000
23
-65.0000
33
0.1862
0
3DFACE
8
S_UMGEBUNG_GELAENDE
10
95.0000
20
-65.0000
30
0.1862
11
100.0000
21
-65.0000
31
0.1891
12
100.0000
22
-60.0000
32
0.2791
13
95.0000
23
-60.0000
33
0.2762
0
3DFACE
8
S_UMGEBUNG_GELAENDE
10
95.0000
20
-60.0000
30
0.2762
11
100.0000
21
-60.0000
31
0.2791
12
100.0000
22
-55.0000
32
0.3691
13
95.0000
23
-55.0000
33
0.3662
0
3DFACE
8
S_UMGEBUNG_GELAENDE
10
95.0000
20
-55.0000
30
0.3662
11
100.0000
21
-55.0000
31
0.3691
12
100.0000
22
-50.0000
32
0.4591
13
95.0000
23
-50.0000
33
0.4562
0
3DFACE
8
S_UMGEBUNG_GELAENDE
10
95.0000
20
-50.0000
30
0.4562
11
100.0000
21
-50.0000
31
0.4591
12
100.0000
22
-45.0000
32
0.5491
13
95.0000
23
-45.0000
33
0.5462
0
3DFACE
8
S_UMGEBUNG_GELAENDE
10
95.0000
20
-45.0000
30
0.5462
11
100.0000
21
-45.0000
31
0.5491
12
100.0000
22
-40.0000
32
0.6391
13
95.0000
23
-40.0000
33
0.6362
0
3DFACE
8
S_UMGEBUNG_GELAENDE
10
95.0000
20
-40.0000
30
0.6362
11
100.0000
21
-40.0000
31
0.6391
12
100.0000
22
-35.0000
32
0.7291
13
95.0000
23
-35.0000
33
0.7262
0
3DFACE
8
S_UMGEBUNG_GELAENDE
10
95.0000
20
-35.0000
30
0.7262
11
100.0000
21
-35.0000
31
0.7291
12
100.0000
22
-30.0000
32
0.8191
13
95.0000
23
-30.0000
33
0.8162
0
3DFACE
8
S_UMGEBUNG_GELAENDE
10
95.0000
20
-30.0000
30
0.8162
11
100.0000
21
-30.0000
31
0.8191
12
100.0000
22
-25.0000
32
0.9091
13
95.0000
23
-25.0000
33
0.9062
0
3DFACE
8
S_UMGEBUNG_GELAENDE
10
95.0000
20
-25.0000
30
0.9062
11
100.0000
21
-25.0000
31
0.9091
12
100.0000
22
-20.0000
32
0.9991
13
95.0000
23
-20.0000
33
0.9962
0
3DFACE
8
S_UMGEBUNG_GELAENDE
10
95.0000
20
-20.0000
30
0.9962
11
100.0000
21
-20.0000
31
0.9991
12
100.0000
22
-15.0000
32
1.0891
13
95.0000
23
-15.0000
33
1.0862
0
3DFACE
8
S_UMGEBUNG_GELAENDE
10
95.0000
20
-15.0000
30
1.0862
11
100.0000
21
-15.0000
31
1.0891
12
100.0000
22
-10.0000
32
1.1791
13
95.0000
23
-10.0000
33
1.1762
0
3DFACE
8
S_UMGEBUNG_GELAENDE
10
95.0000
20
-10.0000
30
1.1762
11
100.0000
21
-10.0000
31
1.1791
12
100.0000
22
-5.0000
32
1.2691
13
95.0000
23
-5.0000
33
1.2662
0
3DFACE
8
S_UMGEBUNG_GELAENDE
10
95.0000
20
-5.0000
30
1.2662
11
100.0000
21
-5.0000
31
1.2691
12
100.0000
22
0.0000
32
1.3591
13
95.0000
23
0.0000
33
1.3562
0
3DFACE
8
S_UMGEBUNG_GELAENDE
10
95.0000
20
0.0000
30
1.3562
11
100.0000
21
0.0000
31
1.3591
12
100.0000
22
5.0000
32
1.4491
13
95.0000
23
5.0000
33
1.4462
0
3DFACE
8
S_UMGEBUNG_GELAENDE
10
95.0000
20
5.0000
30
1.4462
11
100.0000
21
5.0000
31
1.4491
12
100.0000
22
10.0000
32
1.5391
13
95.0000
23
10.0000
33
1.5362
0
3DFACE
8
S_UMGEBUNG_GELAENDE
10
95.0000
20
10.0000
30
1.5362
11
100.0000
21
10.0000
31
1.5391
12
100.0000
22
15.0000
32
1.6291
13
95.0000
23
15.0000
33
1.6262
0
3DFACE
8
S_UMGEBUNG_GELAENDE
10
95.0000
20
15.0000
30
1.6262
11
100.0000
21
15.0000
31
1.6291
12
100.0000
22
20.0000
32
1.7191
13
95.0000
23
20.0000
33
1.7162
0
3DFACE
8
S_UMGEBUNG_GELAENDE
10
95.0000
20
20.0000
30
1.7162
11
100.0000
21
20.0000
31
1.7191
12
100.0000
22
25.0000
32
1.8091
13
95.0000
23
25.0000
33
1.8062
0
3DFACE
8
S_UMGEBUNG_GELAENDE
10
95.0000
20
25.0000
30
1.8062
11
100.0000
21
25.0000
31
1.8091
12
100.0000
22
30.0000
32
1.8991
13
95.0000
23
30.0000
33
1.8962
0
3DFACE
8
S_UMGEBUNG_GELAENDE
10
95.0000
20
30.0000
30
1.8962
11
100.0000
21
30.0000
31
1.8991
12
100.0000
22
35.0000
32
1.9891
13
95.0000
23
35.0000
33
1.9862
0
3DFACE
8
S_UMGEBUNG_GELAENDE
10
95.0000
20
35.0000
30
1.9862
11
100.0000
21
35.0000
31
1.9891
12
100.0000
22
40.0000
32
2.0791
13
95.0000
23
40.0000
33
2.0762
0
3DFACE
8
S_UMGEBUNG_GELAENDE
10
95.0000
20
40.0000
30
2.0762
11
100.0000
21
40.0000
31
2.0791
12
100.0000
22
45.0000
32
2.1691
13
95.0000
23
45.0000
33
2.1662
0
3DFACE
8
S_UMGEBUNG_GELAENDE
10
95.0000
20
45.0000
30
2.1662
11
100.0000
21
45.0000
31
2.1691
12
100.0000
22
50.0000
32
2.2591
13
95.0000
23
50.0000
33
2.2562
0
3DFACE
8
S_UMGEBUNG_GELAENDE
10
95.0000
20
50.0000
30
2.2562
11
100.0000
21
50.0000
31
2.2591
12
100.0000
22
55.0000
32
2.3491
13
95.0000
23
55.0000
33
2.3462
0
3DFACE
8
S_UMGEBUNG_GELAENDE
10
95.0000
20
55.0000
30
2.3462
11
100.0000
21
55.0000
31
2.3491
12
100.0000
22
60.0000
32
2.4391
13
95.0000
23
60.0000
33
2.4362
0
3DFACE
8
S_UMGEBUNG_GELAENDE
10
95.0000
20
60.0000
30
2.4362
11
100.0000
21
60.0000
31
2.4391
12
100.0000
22
65.0000
32
2.5291
13
95.0000
23
65.0000
33
2.5262
0
3DFACE
8
S_UMGEBUNG_GELAENDE
10
95.0000
20
65.0000
30
2.5262
11
100.0000
21
65.0000
31
2.5291
12
100.0000
22
70.0000
32
2.6191
13
95.0000
23
70.0000
33
2.6162
0
3DFACE
8
S_UMGEBUNG_GELAENDE
10
95.0000
20
70.0000
30
2.6162
11
100.0000
21
70.0000
31
2.6191
12
100.0000
22
75.0000
32
2.7091
13
95.0000
23
75.0000
33
2.7062
0
3DFACE
8
S_UMGEBUNG_GELAENDE
10
95.0000
20
75.0000
30
2.7062
11
100.0000
21
75.0000
31
2.7091
12
100.0000
22
80.0000
32
2.7991
13
95.0000
23
80.0000
33
2.7962
0
3DFACE
8
S_UMGEBUNG_GELAENDE
10
95.0000
20
80.0000
30
2.7962
11
100.0000
21
80.0000
31
2.7991
12
100.0000
22
85.0000
32
2.8891
13
95.0000
23
85.0000
33
2.8862
0
3DFACE
8
S_UMGEBUNG_GELAENDE
10
95.0000
20
85.0000
30
2.8862
11
100.0000
21
85.0000
31
2.8891
12
100.0000
22
90.0000
32
2.9791
13
95.0000
23
90.0000
33
2.9762
0
3DFACE
8
S_UMGEBUNG_GELAENDE
10
95.0000
20
90.0000
30
2.9762
11
100.0000
21
90.0000
31
2.9791
12
100.0000
22
95.0000
32
3.0691
13
95.0000
23
95.0000
33
3.0662
0
3DFACE
8
S_UMGEBUNG_GELAENDE
10
95.0000
20
95.0000
30
3.0662
11
100.0000
21
95.0000
31
3.0691
12
100.0000
22
100.0000
32
3.1591
13
95.0000
23
100.0000
33
3.1562
0
3DFACE
8
S_UMGEBUNG_GELAENDE
10
95.0000
20
100.0000
30
3.1562
11
100.0000
21
100.0000
31
3.1591
12
100.0000
22
105.0000
32
3.2491
13
95.0000
23
105.0000
33
3.2462
0
3DFACE
8
S_UMGEBUNG_GELAENDE
10
95.0000
20
105.0000
30
3.2462
11
100.0000
21
105.0000
31
3.2491
12
100.0000
22
110.0000
32
3.3391
13
95.0000
23
110.0000
33
3.3362
0
3DFACE
8
S_UMGEBUNG_GELAENDE
10
95.0000
20
110.0000
30
3.3362
11
100.0000
21
110.0000
31
3.3391
12
100.0000
22
115.0000
32
3.4291
13
95.0000
23
115.0000
33
3.4262
0
3DFACE
8
S_UMGEBUNG_GELAENDE
10
100.0000
20
-110.0000
30
-0.6209
11
105.0000
21
-110.0000
31
-0.6236
12
105.0000
22
-105.0000
32
-0.5336
13
100.0000
23
-105.0000
33
-0.5309
0
3DFACE
8
S_UMGEBUNG_GELAENDE
10
100.0000
20
-105.0000
30
-0.5309
11
105.0000
21
-105.0000
31
-0.5336
12
105.0000
22
-100.0000
32
-0.4436
13
100.0000
23
-100.0000
33
-0.4409
0
3DFACE
8
S_UMGEBUNG_GELAENDE
10
100.0000
20
-100.0000
30
-0.4409
11
105.0000
21
-100.0000
31
-0.4436
12
105.0000
22
-95.0000
32
-0.3536
13
100.0000
23
-95.0000
33
-0.3509
0
3DFACE
8
S_UMGEBUNG_GELAENDE
10
100.0000
20
-95.0000
30
-0.3509
11
105.0000
21
-95.0000
31
-0.3536
12
105.0000
22
-90.0000
32
-0.2636
13
100.0000
23
-90.0000
33
-0.2609
0
3DFACE
8
S_UMGEBUNG_GELAENDE
10
100.0000
20
-90.0000
30
-0.2609
11
105.0000
21
-90.0000
31
-0.2636
12
105.0000
22
-85.0000
32
-0.1736
13
100.0000
23
-85.0000
33
-0.1709
0
3DFACE
8
S_UMGEBUNG_GELAENDE
10
100.0000
20
-85.0000
30
-0.1709
11
105.0000
21
-85.0000
31
-0.1736
12
105.0000
22
-80.0000
32
-0.0836
13
100.0000
23
-80.0000
33
-0.0809
0
3DFACE
8
S_UMGEBUNG_GELAENDE
10
100.0000
20
-80.0000
30
-0.0809
11
105.0000
21
-80.0000
31
-0.0836
12
105.0000
22
-75.0000
32
0.0064
13
100.0000
23
-75.0000
33
0.0091
0
3DFACE
8
S_UMGEBUNG_GELAENDE
10
100.0000
20
-75.0000
30
0.0091
11
105.0000
21
-75.0000
31
0.0064
12
105.0000
22
-70.0000
32
0.0964
13
100.0000
23
-70.0000
33
0.0991
0
3DFACE
8
S_UMGEBUNG_GELAENDE
10
100.0000
20
-70.0000
30
0.0991
11
105.0000
21
-70.0000
31
0.0964
12
105.0000
22
-65.0000
32
0.1864
13
100.0000
23
-65.0000
33
0.1891
0
3DFACE
8
S_UMGEBUNG_GELAENDE
10
100.0000
20
-65.0000
30
0.1891
11
105.0000
21
-65.0000
31
0.1864
12
105.0000
22
-60.0000
32
0.2764
13
100.0000
23
-60.0000
33
0.2791
0
3DFACE
8
S_UMGEBUNG_GELAENDE
10
100.0000
20
-60.0000
30
0.2791
11
105.0000
21
-60.0000
31
0.2764
12
105.0000
22
-55.0000
32
0.3664
13
100.0000
23
-55.0000
33
0.3691
0
3DFACE
8
S_UMGEBUNG_GELAENDE
10
100.0000
20
-55.0000
30
0.3691
11
105.0000
21
-55.0000
31
0.3664
12
105.0000
22
-50.0000
32
0.4564
13
100.0000
23
-50.0000
33
0.4591
0
3DFACE
8
S_UMGEBUNG_GELAENDE
10
100.0000
20
-50.0000
30
0.4591
11
105.0000
21
-50.0000
31
0.4564
12
105.0000
22
-45.0000
32
0.5464
13
100.0000
23
-45.0000
33
0.5491
0
3DFACE
8
S_UMGEBUNG_GELAENDE
10
100.0000
20
-45.0000
30
0.5491
11
105.0000
21
-45.0000
31
0.5464
12
105.0000
22
-40.0000
32
0.6364
13
100.0000
23
-40.0000
33
0.6391
0
3DFACE
8
S_UMGEBUNG_GELAENDE
10
100.0000
20
-40.0000
30
0.6391
11
105.0000
21
-40.0000
31
0.6364
12
105.0000
22
-35.0000
32
0.7264
13
100.0000
23
-35.0000
33
0.7291
0
3DFACE
8
S_UMGEBUNG_GELAENDE
10
100.0000
20
-35.0000
30
0.7291
11
105.0000
21
-35.0000
31
0.7264
12
105.0000
22
-30.0000
32
0.8164
13
100.0000
23
-30.0000
33
0.8191
0
3DFACE
8
S_UMGEBUNG_GELAENDE
10
100.0000
20
-30.0000
30
0.8191
11
105.0000
21
-30.0000
31
0.8164
12
105.0000
22
-25.0000
32
0.9064
13
100.0000
23
-25.0000
33
0.9091
0
3DFACE
8
S_UMGEBUNG_GELAENDE
10
100.0000
20
-25.0000
30
0.9091
11
105.0000
21
-25.0000
31
0.9064
12
105.0000
22
-20.0000
32
0.9964
13
100.0000
23
-20.0000
33
0.9991
0
3DFACE
8
S_UMGEBUNG_GELAENDE
10
100.0000
20
-20.0000
30
0.9991
11
105.0000
21
-20.0000
31
0.9964
12
105.0000
22
-15.0000
32
1.0864
13
100.0000
23
-15.0000
33
1.0891
0
3DFACE
8
S_UMGEBUNG_GELAENDE
10
100.0000
20
-15.0000
30
1.0891
11
105.0000
21
-15.0000
31
1.0864
12
105.0000
22
-10.0000
32
1.1764
13
100.0000
23
-10.0000
33
1.1791
0
3DFACE
8
S_UMGEBUNG_GELAENDE
10
100.0000
20
-10.0000
30
1.1791
11
105.0000
21
-10.0000
31
1.1764
12
105.0000
22
-5.0000
32
1.2664
13
100.0000
23
-5.0000
33
1.2691
0
3DFACE
8
S_UMGEBUNG_GELAENDE
10
100.0000
20
-5.0000
30
1.2691
11
105.0000
21
-5.0000
31
1.2664
12
105.0000
22
0.0000
32
1.3564
13
100.0000
23
0.0000
33
1.3591
0
3DFACE
8
S_UMGEBUNG_GELAENDE
10
100.0000
20
0.0000
30
1.3591
11
105.0000
21
0.0000
31
1.3564
12
105.0000
22
5.0000
32
1.4464
13
100.0000
23
5.0000
33
1.4491
0
3DFACE
8
S_UMGEBUNG_GELAENDE
10
100.0000
20
5.0000
30
1.4491
11
105.0000
21
5.0000
31
1.4464
12
105.0000
22
10.0000
32
1.5364
13
100.0000
23
10.0000
33
1.5391
0
3DFACE
8
S_UMGEBUNG_GELAENDE
10
100.0000
20
10.0000
30
1.5391
11
105.0000
21
10.0000
31
1.5364
12
105.0000
22
15.0000
32
1.6264
13
100.0000
23
15.0000
33
1.6291
0
3DFACE
8
S_UMGEBUNG_GELAENDE
10
100.0000
20
15.0000
30
1.6291
11
105.0000
21
15.0000
31
1.6264
12
105.0000
22
20.0000
32
1.7164
13
100.0000
23
20.0000
33
1.7191
0
3DFACE
8
S_UMGEBUNG_GELAENDE
10
100.0000
20
20.0000
30
1.7191
11
105.0000
21
20.0000
31
1.7164
12
105.0000
22
25.0000
32
1.8064
13
100.0000
23
25.0000
33
1.8091
0
3DFACE
8
S_UMGEBUNG_GELAENDE
10
100.0000
20
25.0000
30
1.8091
11
105.0000
21
25.0000
31
1.8064
12
105.0000
22
30.0000
32
1.8964
13
100.0000
23
30.0000
33
1.8991
0
3DFACE
8
S_UMGEBUNG_GELAENDE
10
100.0000
20
30.0000
30
1.8991
11
105.0000
21
30.0000
31
1.8964
12
105.0000
22
35.0000
32
1.9864
13
100.0000
23
35.0000
33
1.9891
0
3DFACE
8
S_UMGEBUNG_GELAENDE
10
100.0000
20
35.0000
30
1.9891
11
105.0000
21
35.0000
31
1.9864
12
105.0000
22
40.0000
32
2.0764
13
100.0000
23
40.0000
33
2.0791
0
3DFACE
8
S_UMGEBUNG_GELAENDE
10
100.0000
20
40.0000
30
2.0791
11
105.0000
21
40.0000
31
2.0764
12
105.0000
22
45.0000
32
2.1664
13
100.0000
23
45.0000
33
2.1691
0
3DFACE
8
S_UMGEBUNG_GELAENDE
10
100.0000
20
45.0000
30
2.1691
11
105.0000
21
45.0000
31
2.1664
12
105.0000
22
50.0000
32
2.2564
13
100.0000
23
50.0000
33
2.2591
0
3DFACE
8
S_UMGEBUNG_GELAENDE
10
100.0000
20
50.0000
30
2.2591
11
105.0000
21
50.0000
31
2.2564
12
105.0000
22
55.0000
32
2.3464
13
100.0000
23
55.0000
33
2.3491
0
3DFACE
8
S_UMGEBUNG_GELAENDE
10
100.0000
20
55.0000
30
2.3491
11
105.0000
21
55.0000
31
2.3464
12
105.0000
22
60.0000
32
2.4364
13
100.0000
23
60.0000
33
2.4391
0
3DFACE
8
S_UMGEBUNG_GELAENDE
10
100.0000
20
60.0000
30
2.4391
11
105.0000
21
60.0000
31
2.4364
12
105.0000
22
65.0000
32
2.5264
13
100.0000
23
65.0000
33
2.5291
0
3DFACE
8
S_UMGEBUNG_GELAENDE
10
100.0000
20
65.0000
30
2.5291
11
105.0000
21
65.0000
31
2.5264
12
105.0000
22
70.0000
32
2.6164
13
100.0000
23
70.0000
33
2.6191
0
3DFACE
8
S_UMGEBUNG_GELAENDE
10
100.0000
20
70.0000
30
2.6191
11
105.0000
21
70.0000
31
2.6164
12
105.0000
22
75.0000
32
2.7064
13
100.0000
23
75.0000
33
2.7091
0
3DFACE
8
S_UMGEBUNG_GELAENDE
10
100.0000
20
75.0000
30
2.7091
11
105.0000
21
75.0000
31
2.7064
12
105.0000
22
80.0000
32
2.7964
13
100.0000
23
80.0000
33
2.7991
0
3DFACE
8
S_UMGEBUNG_GELAENDE
10
100.0000
20
80.0000
30
2.7991
11
105.0000
21
80.0000
31
2.7964
12
105.0000
22
85.0000
32
2.8864
13
100.0000
23
85.0000
33
2.8891
0
3DFACE
8
S_UMGEBUNG_GELAENDE
10
100.0000
20
85.0000
30
2.8891
11
105.0000
21
85.0000
31
2.8864
12
105.0000
22
90.0000
32
2.9764
13
100.0000
23
90.0000
33
2.9791
0
3DFACE
8
S_UMGEBUNG_GELAENDE
10
100.0000
20
90.0000
30
2.9791
11
105.0000
21
90.0000
31
2.9764
12
105.0000
22
95.0000
32
3.0664
13
100.0000
23
95.0000
33
3.0691
0
3DFACE
8
S_UMGEBUNG_GELAENDE
10
100.0000
20
95.0000
30
3.0691
11
105.0000
21
95.0000
31
3.0664
12
105.0000
22
100.0000
32
3.1564
13
100.0000
23
100.0000
33
3.1591
0
3DFACE
8
S_UMGEBUNG_GELAENDE
10
100.0000
20
100.0000
30
3.1591
11
105.0000
21
100.0000
31
3.1564
12
105.0000
22
105.0000
32
3.2464
13
100.0000
23
105.0000
33
3.2491
0
3DFACE
8
S_UMGEBUNG_GELAENDE
10
100.0000
20
105.0000
30
3.2491
11
105.0000
21
105.0000
31
3.2464
12
105.0000
22
110.0000
32
3.3364
13
100.0000
23
110.0000
33
3.3391
0
3DFACE
8
S_UMGEBUNG_GELAENDE
10
105.0000
20
-105.0000
30
-0.5336
11
110.0000
21
-105.0000
31
-0.5410
12
110.0000
22
-100.0000
32
-0.4510
13
105.0000
23
-100.0000
33
-0.4436
0
3DFACE
8
S_UMGEBUNG_GELAENDE
10
105.0000
20
-100.0000
30
-0.4436
11
110.0000
21
-100.0000
31
-0.4510
12
110.0000
22
-95.0000
32
-0.3610
13
105.0000
23
-95.0000
33
-0.3536
0
3DFACE
8
S_UMGEBUNG_GELAENDE
10
105.0000
20
-95.0000
30
-0.3536
11
110.0000
21
-95.0000
31
-0.3610
12
110.0000
22
-90.0000
32
-0.2710
13
105.0000
23
-90.0000
33
-0.2636
0
3DFACE
8
S_UMGEBUNG_GELAENDE
10
105.0000
20
-90.0000
30
-0.2636
11
110.0000
21
-90.0000
31
-0.2710
12
110.0000
22
-85.0000
32
-0.1810
13
105.0000
23
-85.0000
33
-0.1736
0
3DFACE
8
S_UMGEBUNG_GELAENDE
10
105.0000
20
-85.0000
30
-0.1736
11
110.0000
21
-85.0000
31
-0.1810
12
110.0000
22
-80.0000
32
-0.0910
13
105.0000
23
-80.0000
33
-0.0836
0
3DFACE
8
S_UMGEBUNG_GELAENDE
10
105.0000
20
-80.0000
30
-0.0836
11
110.0000
21
-80.0000
31
-0.0910
12
110.0000
22
-75.0000
32
-0.0010
13
105.0000
23
-75.0000
33
0.0064
0
3DFACE
8
S_UMGEBUNG_GELAENDE
10
105.0000
20
-75.0000
30
0.0064
11
110.0000
21
-75.0000
31
-0.0010
12
110.0000
22
-70.0000
32
0.0890
13
105.0000
23
-70.0000
33
0.0964
0
3DFACE
8
S_UMGEBUNG_GELAENDE
10
105.0000
20
-70.0000
30
0.0964
11
110.0000
21
-70.0000
31
0.0890
12
110.0000
22
-65.0000
32
0.1790
13
105.0000
23
-65.0000
33
0.1864
0
3DFACE
8
S_UMGEBUNG_GELAENDE
10
105.0000
20
-65.0000
30
0.1864
11
110.0000
21
-65.0000
31
0.1790
12
110.0000
22
-60.0000
32
0.2690
13
105.0000
23
-60.0000
33
0.2764
0
3DFACE
8
S_UMGEBUNG_GELAENDE
10
105.0000
20
-60.0000
30
0.2764
11
110.0000
21
-60.0000
31
0.2690
12
110.0000
22
-55.0000
32
0.3590
13
105.0000
23
-55.0000
33
0.3664
0
3DFACE
8
S_UMGEBUNG_GELAENDE
10
105.0000
20
-55.0000
30
0.3664
11
110.0000
21
-55.0000
31
0.3590
12
110.0000
22
-50.0000
32
0.4490
13
105.0000
23
-50.0000
33
0.4564
0
3DFACE
8
S_UMGEBUNG_GELAENDE
10
105.0000
20
-50.0000
30
0.4564
11
110.0000
21
-50.0000
31
0.4490
12
110.0000
22
-45.0000
32
0.5390
13
105.0000
23
-45.0000
33
0.5464
0
3DFACE
8
S_UMGEBUNG_GELAENDE
10
105.0000
20
-45.0000
30
0.5464
11
110.0000
21
-45.0000
31
0.5390
12
110.0000
22
-40.0000
32
0.6290
13
105.0000
23
-40.0000
33
0.6364
0
3DFACE
8
S_UMGEBUNG_GELAENDE
10
105.0000
20
-40.0000
30
0.6364
11
110.0000
21
-40.0000
31
0.6290
12
110.0000
22
-35.0000
32
0.7190
13
105.0000
23
-35.0000
33
0.7264
0
3DFACE
8
S_UMGEBUNG_GELAENDE
10
105.0000
20
-35.0000
30
0.7264
11
110.0000
21
-35.0000
31
0.7190
12
110.0000
22
-30.0000
32
0.8090
13
105.0000
23
-30.0000
33
0.8164
0
3DFACE
8
S_UMGEBUNG_GELAENDE
10
105.0000
20
-30.0000
30
0.8164
11
110.0000
21
-30.0000
31
0.8090
12
110.0000
22
-25.0000
32
0.8990
13
105.0000
23
-25.0000
33
0.9064
0
3DFACE
8
S_UMGEBUNG_GELAENDE
10
105.0000
20
-25.0000
30
0.9064
11
110.0000
21
-25.0000
31
0.8990
12
110.0000
22
-20.0000
32
0.9890
13
105.0000
23
-20.0000
33
0.9964
0
3DFACE
8
S_UMGEBUNG_GELAENDE
10
105.0000
20
-20.0000
30
0.9964
11
110.0000
21
-20.0000
31
0.9890
12
110.0000
22
-15.0000
32
1.0790
13
105.0000
23
-15.0000
33
1.0864
0
3DFACE
8
S_UMGEBUNG_GELAENDE
10
105.0000
20
-15.0000
30
1.0864
11
110.0000
21
-15.0000
31
1.0790
12
110.0000
22
-10.0000
32
1.1690
13
105.0000
23
-10.0000
33
1.1764
0
3DFACE
8
S_UMGEBUNG_GELAENDE
10
105.0000
20
-10.0000
30
1.1764
11
110.0000
21
-10.0000
31
1.1690
12
110.0000
22
-5.0000
32
1.2590
13
105.0000
23
-5.0000
33
1.2664
0
3DFACE
8
S_UMGEBUNG_GELAENDE
10
105.0000
20
-5.0000
30
1.2664
11
110.0000
21
-5.0000
31
1.2590
12
110.0000
22
0.0000
32
1.3490
13
105.0000
23
0.0000
33
1.3564
0
3DFACE
8
S_UMGEBUNG_GELAENDE
10
105.0000
20
0.0000
30
1.3564
11
110.0000
21
0.0000
31
1.3490
12
110.0000
22
5.0000
32
1.4390
13
105.0000
23
5.0000
33
1.4464
0
3DFACE
8
S_UMGEBUNG_GELAENDE
10
105.0000
20
5.0000
30
1.4464
11
110.0000
21
5.0000
31
1.4390
12
110.0000
22
10.0000
32
1.5290
13
105.0000
23
10.0000
33
1.5364
0
3DFACE
8
S_UMGEBUNG_GELAENDE
10
105.0000
20
10.0000
30
1.5364
11
110.0000
21
10.0000
31
1.5290
12
110.0000
22
15.0000
32
1.6190
13
105.0000
23
15.0000
33
1.6264
0
3DFACE
8
S_UMGEBUNG_GELAENDE
10
105.0000
20
15.0000
30
1.6264
11
110.0000
21
15.0000
31
1.6190
12
110.0000
22
20.0000
32
1.7090
13
105.0000
23
20.0000
33
1.7164
0
3DFACE
8
S_UMGEBUNG_GELAENDE
10
105.0000
20
20.0000
30
1.7164
11
110.0000
21
20.0000
31
1.7090
12
110.0000
22
25.0000
32
1.7990
13
105.0000
23
25.0000
33
1.8064
0
3DFACE
8
S_UMGEBUNG_GELAENDE
10
105.0000
20
25.0000
30
1.8064
11
110.0000
21
25.0000
31
1.7990
12
110.0000
22
30.0000
32
1.8890
13
105.0000
23
30.0000
33
1.8964
0
3DFACE
8
S_UMGEBUNG_GELAENDE
10
105.0000
20
30.0000
30
1.8964
11
110.0000
21
30.0000
31
1.8890
12
110.0000
22
35.0000
32
1.9790
13
105.0000
23
35.0000
33
1.9864
0
3DFACE
8
S_UMGEBUNG_GELAENDE
10
105.0000
20
35.0000
30
1.9864
11
110.0000
21
35.0000
31
1.9790
12
110.0000
22
40.0000
32
2.0690
13
105.0000
23
40.0000
33
2.0764
0
3DFACE
8
S_UMGEBUNG_GELAENDE
10
105.0000
20
40.0000
30
2.0764
11
110.0000
21
40.0000
31
2.0690
12
110.0000
22
45.0000
32
2.1590
13
105.0000
23
45.0000
33
2.1664
0
3DFACE
8
S_UMGEBUNG_GELAENDE
10
105.0000
20
45.0000
30
2.1664
11
110.0000
21
45.0000
31
2.1590
12
110.0000
22
50.0000
32
2.2490
13
105.0000
23
50.0000
33
2.2564
0
3DFACE
8
S_UMGEBUNG_GELAENDE
10
105.0000
20
50.0000
30
2.2564
11
110.0000
21
50.0000
31
2.2490
12
110.0000
22
55.0000
32
2.3390
13
105.0000
23
55.0000
33
2.3464
0
3DFACE
8
S_UMGEBUNG_GELAENDE
10
105.0000
20
55.0000
30
2.3464
11
110.0000
21
55.0000
31
2.3390
12
110.0000
22
60.0000
32
2.4290
13
105.0000
23
60.0000
33
2.4364
0
3DFACE
8
S_UMGEBUNG_GELAENDE
10
105.0000
20
60.0000
30
2.4364
11
110.0000
21
60.0000
31
2.4290
12
110.0000
22
65.0000
32
2.5190
13
105.0000
23
65.0000
33
2.5264
0
3DFACE
8
S_UMGEBUNG_GELAENDE
10
105.0000
20
65.0000
30
2.5264
11
110.0000
21
65.0000
31
2.5190
12
110.0000
22
70.0000
32
2.6090
13
105.0000
23
70.0000
33
2.6164
0
3DFACE
8
S_UMGEBUNG_GELAENDE
10
105.0000
20
70.0000
30
2.6164
11
110.0000
21
70.0000
31
2.6090
12
110.0000
22
75.0000
32
2.6990
13
105.0000
23
75.0000
33
2.7064
0
3DFACE
8
S_UMGEBUNG_GELAENDE
10
105.0000
20
75.0000
30
2.7064
11
110.0000
21
75.0000
31
2.6990
12
110.0000
22
80.0000
32
2.7890
13
105.0000
23
80.0000
33
2.7964
0
3DFACE
8
S_UMGEBUNG_GELAENDE
10
105.0000
20
80.0000
30
2.7964
11
110.0000
21
80.0000
31
2.7890
12
110.0000
22
85.0000
32
2.8790
13
105.0000
23
85.0000
33
2.8864
0
3DFACE
8
S_UMGEBUNG_GELAENDE
10
105.0000
20
85.0000
30
2.8864
11
110.0000
21
85.0000
31
2.8790
12
110.0000
22
90.0000
32
2.9690
13
105.0000
23
90.0000
33
2.9764
0
3DFACE
8
S_UMGEBUNG_GELAENDE
10
105.0000
20
90.0000
30
2.9764
11
110.0000
21
90.0000
31
2.9690
12
110.0000
22
95.0000
32
3.0590
13
105.0000
23
95.0000
33
3.0664
0
3DFACE
8
S_UMGEBUNG_GELAENDE
10
105.0000
20
95.0000
30
3.0664
11
110.0000
21
95.0000
31
3.0590
12
110.0000
22
100.0000
32
3.1490
13
105.0000
23
100.0000
33
3.1564
0
3DFACE
8
S_UMGEBUNG_GELAENDE
10
105.0000
20
100.0000
30
3.1564
11
110.0000
21
100.0000
31
3.1490
12
110.0000
22
105.0000
32
3.2390
13
105.0000
23
105.0000
33
3.2464
0
3DFACE
8
S_UMGEBUNG_GELAENDE
10
110.0000
20
-100.0000
30
-0.4510
11
115.0000
21
-100.0000
31
-0.4619
12
115.0000
22
-95.0000
32
-0.3719
13
110.0000
23
-95.0000
33
-0.3610
0
3DFACE
8
S_UMGEBUNG_GELAENDE
10
110.0000
20
-95.0000
30
-0.3610
11
115.0000
21
-95.0000
31
-0.3719
12
115.0000
22
-90.0000
32
-0.2819
13
110.0000
23
-90.0000
33
-0.2710
0
3DFACE
8
S_UMGEBUNG_GELAENDE
10
110.0000
20
-90.0000
30
-0.2710
11
115.0000
21
-90.0000
31
-0.2819
12
115.0000
22
-85.0000
32
-0.1919
13
110.0000
23
-85.0000
33
-0.1810
0
3DFACE
8
S_UMGEBUNG_GELAENDE
10
110.0000
20
-85.0000
30
-0.1810
11
115.0000
21
-85.0000
31
-0.1919
12
115.0000
22
-80.0000
32
-0.1019
13
110.0000
23
-80.0000
33
-0.0910
0
3DFACE
8
S_UMGEBUNG_GELAENDE
10
110.0000
20
-80.0000
30
-0.0910
11
115.0000
21
-80.0000
31
-0.1019
12
115.0000
22
-75.0000
32
-0.0119
13
110.0000
23
-75.0000
33
-0.0010
0
3DFACE
8
S_UMGEBUNG_GELAENDE
10
110.0000
20
-75.0000
30
-0.0010
11
115.0000
21
-75.0000
31
-0.0119
12
115.0000
22
-70.0000
32
0.0781
13
110.0000
23
-70.0000
33
0.0890
0
3DFACE
8
S_UMGEBUNG_GELAENDE
10
110.0000
20
-70.0000
30
0.0890
11
115.0000
21
-70.0000
31
0.0781
12
115.0000
22
-65.0000
32
0.1681
13
110.0000
23
-65.0000
33
0.1790
0
3DFACE
8
S_UMGEBUNG_GELAENDE
10
110.0000
20
-65.0000
30
0.1790
11
115.0000
21
-65.0000
31
0.1681
12
115.0000
22
-60.0000
32
0.2581
13
110.0000
23
-60.0000
33
0.2690
0
3DFACE
8
S_UMGEBUNG_GELAENDE
10
110.0000
20
-60.0000
30
0.2690
11
115.0000
21
-60.0000
31
0.2581
12
115.0000
22
-55.0000
32
0.3481
13
110.0000
23
-55.0000
33
0.3590
0
3DFACE
8
S_UMGEBUNG_GELAENDE
10
110.0000
20
-55.0000
30
0.3590
11
115.0000
21
-55.0000
31
0.3481
12
115.0000
22
-50.0000
32
0.4381
13
110.0000
23
-50.0000
33
0.4490
0
3DFACE
8
S_UMGEBUNG_GELAENDE
10
110.0000
20
-50.0000
30
0.4490
11
115.0000
21
-50.0000
31
0.4381
12
115.0000
22
-45.0000
32
0.5281
13
110.0000
23
-45.0000
33
0.5390
0
3DFACE
8
S_UMGEBUNG_GELAENDE
10
110.0000
20
-45.0000
30
0.5390
11
115.0000
21
-45.0000
31
0.5281
12
115.0000
22
-40.0000
32
0.6181
13
110.0000
23
-40.0000
33
0.6290
0
3DFACE
8
S_UMGEBUNG_GELAENDE
10
110.0000
20
-40.0000
30
0.6290
11
115.0000
21
-40.0000
31
0.6181
12
115.0000
22
-35.0000
32
0.7081
13
110.0000
23
-35.0000
33
0.7190
0
3DFACE
8
S_UMGEBUNG_GELAENDE
10
110.0000
20
-35.0000
30
0.7190
11
115.0000
21
-35.0000
31
0.7081
12
115.0000
22
-30.0000
32
0.7981
13
110.0000
23
-30.0000
33
0.8090
0
3DFACE
8
S_UMGEBUNG_GELAENDE
10
110.0000
20
-30.0000
30
0.8090
11
115.0000
21
-30.0000
31
0.7981
12
115.0000
22
-25.0000
32
0.8881
13
110.0000
23
-25.0000
33
0.8990
0
3DFACE
8
S_UMGEBUNG_GELAENDE
10
110.0000
20
-25.0000
30
0.8990
11
115.0000
21
-25.0000
31
0.8881
12
115.0000
22
-20.0000
32
0.9781
13
110.0000
23
-20.0000
33
0.9890
0
3DFACE
8
S_UMGEBUNG_GELAENDE
10
110.0000
20
-20.0000
30
0.9890
11
115.0000
21
-20.0000
31
0.9781
12
115.0000
22
-15.0000
32
1.0681
13
110.0000
23
-15.0000
33
1.0790
0
3DFACE
8
S_UMGEBUNG_GELAENDE
10
110.0000
20
-15.0000
30
1.0790
11
115.0000
21
-15.0000
31
1.0681
12
115.0000
22
-10.0000
32
1.1581
13
110.0000
23
-10.0000
33
1.1690
0
3DFACE
8
S_UMGEBUNG_GELAENDE
10
110.0000
20
-10.0000
30
1.1690
11
115.0000
21
-10.0000
31
1.1581
12
115.0000
22
-5.0000
32
1.2481
13
110.0000
23
-5.0000
33
1.2590
0
3DFACE
8
S_UMGEBUNG_GELAENDE
10
110.0000
20
-5.0000
30
1.2590
11
115.0000
21
-5.0000
31
1.2481
12
115.0000
22
0.0000
32
1.3381
13
110.0000
23
0.0000
33
1.3490
0
3DFACE
8
S_UMGEBUNG_GELAENDE
10
110.0000
20
0.0000
30
1.3490
11
115.0000
21
0.0000
31
1.3381
12
115.0000
22
5.0000
32
1.4281
13
110.0000
23
5.0000
33
1.4390
0
3DFACE
8
S_UMGEBUNG_GELAENDE
10
110.0000
20
5.0000
30
1.4390
11
115.0000
21
5.0000
31
1.4281
12
115.0000
22
10.0000
32
1.5181
13
110.0000
23
10.0000
33
1.5290
0
3DFACE
8
S_UMGEBUNG_GELAENDE
10
110.0000
20
10.0000
30
1.5290
11
115.0000
21
10.0000
31
1.5181
12
115.0000
22
15.0000
32
1.6081
13
110.0000
23
15.0000
33
1.6190
0
3DFACE
8
S_UMGEBUNG_GELAENDE
10
110.0000
20
15.0000
30
1.6190
11
115.0000
21
15.0000
31
1.6081
12
115.0000
22
20.0000
32
1.6981
13
110.0000
23
20.0000
33
1.7090
0
3DFACE
8
S_UMGEBUNG_GELAENDE
10
110.0000
20
20.0000
30
1.7090
11
115.0000
21
20.0000
31
1.6981
12
115.0000
22
25.0000
32
1.7881
13
110.0000
23
25.0000
33
1.7990
0
3DFACE
8
S_UMGEBUNG_GELAENDE
10
110.0000
20
25.0000
30
1.7990
11
115.0000
21
25.0000
31
1.7881
12
115.0000
22
30.0000
32
1.8781
13
110.0000
23
30.0000
33
1.8890
0
3DFACE
8
S_UMGEBUNG_GELAENDE
10
110.0000
20
30.0000
30
1.8890
11
115.0000
21
30.0000
31
1.8781
12
115.0000
22
35.0000
32
1.9681
13
110.0000
23
35.0000
33
1.9790
0
3DFACE
8
S_UMGEBUNG_GELAENDE
10
110.0000
20
35.0000
30
1.9790
11
115.0000
21
35.0000
31
1.9681
12
115.0000
22
40.0000
32
2.0581
13
110.0000
23
40.0000
33
2.0690
0
3DFACE
8
S_UMGEBUNG_GELAENDE
10
110.0000
20
40.0000
30
2.0690
11
115.0000
21
40.0000
31
2.0581
12
115.0000
22
45.0000
32
2.1481
13
110.0000
23
45.0000
33
2.1590
0
3DFACE
8
S_UMGEBUNG_GELAENDE
10
110.0000
20
45.0000
30
2.1590
11
115.0000
21
45.0000
31
2.1481
12
115.0000
22
50.0000
32
2.2381
13
110.0000
23
50.0000
33
2.2490
0
3DFACE
8
S_UMGEBUNG_GELAENDE
10
110.0000
20
50.0000
30
2.2490
11
115.0000
21
50.0000
31
2.2381
12
115.0000
22
55.0000
32
2.3281
13
110.0000
23
55.0000
33
2.3390
0
3DFACE
8
S_UMGEBUNG_GELAENDE
10
110.0000
20
55.0000
30
2.3390
11
115.0000
21
55.0000
31
2.3281
12
115.0000
22
60.0000
32
2.4181
13
110.0000
23
60.0000
33
2.4290
0
3DFACE
8
S_UMGEBUNG_GELAENDE
10
110.0000
20
60.0000
30
2.4290
11
115.0000
21
60.0000
31
2.4181
12
115.0000
22
65.0000
32
2.5081
13
110.0000
23
65.0000
33
2.5190
0
3DFACE
8
S_UMGEBUNG_GELAENDE
10
110.0000
20
65.0000
30
2.5190
11
115.0000
21
65.0000
31
2.5081
12
115.0000
22
70.0000
32
2.5981
13
110.0000
23
70.0000
33
2.6090
0
3DFACE
8
S_UMGEBUNG_GELAENDE
10
110.0000
20
70.0000
30
2.6090
11
115.0000
21
70.0000
31
2.5981
12
115.0000
22
75.0000
32
2.6881
13
110.0000
23
75.0000
33
2.6990
0
3DFACE
8
S_UMGEBUNG_GELAENDE
10
110.0000
20
75.0000
30
2.6990
11
115.0000
21
75.0000
31
2.6881
12
115.0000
22
80.0000
32
2.7781
13
110.0000
23
80.0000
33
2.7890
0
3DFACE
8
S_UMGEBUNG_GELAENDE
10
110.0000
20
80.0000
30
2.7890
11
115.0000
21
80.0000
31
2.7781
12
115.0000
22
85.0000
32
2.8681
13
110.0000
23
85.0000
33
2.8790
0
3DFACE
8
S_UMGEBUNG_GELAENDE
10
110.0000
20
85.0000
30
2.8790
11
115.0000
21
85.0000
31
2.8681
12
115.0000
22
90.0000
32
2.9581
13
110.0000
23
90.0000
33
2.9690
0
3DFACE
8
S_UMGEBUNG_GELAENDE
10
110.0000
20
90.0000
30
2.9690
11
115.0000
21
90.0000
31
2.9581
12
115.0000
22
95.0000
32
3.0481
13
110.0000
23
95.0000
33
3.0590
0
3DFACE
8
S_UMGEBUNG_GELAENDE
10
110.0000
20
95.0000
30
3.0590
11
115.0000
21
95.0000
31
3.0481
12
115.0000
22
100.0000
32
3.1381
13
110.0000
23
100.0000
33
3.1490
0
3DFACE
8
S_UMGEBUNG_GELAENDE
10
115.0000
20
-95.0000
30
-0.3719
11
120.0000
21
-95.0000
31
-0.3853
12
120.0000
22
-90.0000
32
-0.2953
13
115.0000
23
-90.0000
33
-0.2819
0
3DFACE
8
S_UMGEBUNG_GELAENDE
10
115.0000
20
-90.0000
30
-0.2819
11
120.0000
21
-90.0000
31
-0.2953
12
120.0000
22
-85.0000
32
-0.2053
13
115.0000
23
-85.0000
33
-0.1919
0
3DFACE
8
S_UMGEBUNG_GELAENDE
10
115.0000
20
-85.0000
30
-0.1919
11
120.0000
21
-85.0000
31
-0.2053
12
120.0000
22
-80.0000
32
-0.1153
13
115.0000
23
-80.0000
33
-0.1019
0
3DFACE
8
S_UMGEBUNG_GELAENDE
10
115.0000
20
-80.0000
30
-0.1019
11
120.0000
21
-80.0000
31
-0.1153
12
120.0000
22
-75.0000
32
-0.0253
13
115.0000
23
-75.0000
33
-0.0119
0
3DFACE
8
S_UMGEBUNG_GELAENDE
10
115.0000
20
-75.0000
30
-0.0119
11
120.0000
21
-75.0000
31
-0.0253
12
120.0000
22
-70.0000
32
0.0647
13
115.0000
23
-70.0000
33
0.0781
0
3DFACE
8
S_UMGEBUNG_GELAENDE
10
115.0000
20
-70.0000
30
0.0781
11
120.0000
21
-70.0000
31
0.0647
12
120.0000
22
-65.0000
32
0.1547
13
115.0000
23
-65.0000
33
0.1681
0
3DFACE
8
S_UMGEBUNG_GELAENDE
10
115.0000
20
-65.0000
30
0.1681
11
120.0000
21
-65.0000
31
0.1547
12
120.0000
22
-60.0000
32
0.2447
13
115.0000
23
-60.0000
33
0.2581
0
3DFACE
8
S_UMGEBUNG_GELAENDE
10
115.0000
20
-60.0000
30
0.2581
11
120.0000
21
-60.0000
31
0.2447
12
120.0000
22
-55.0000
32
0.3347
13
115.0000
23
-55.0000
33
0.3481
0
3DFACE
8
S_UMGEBUNG_GELAENDE
10
115.0000
20
-55.0000
30
0.3481
11
120.0000
21
-55.0000
31
0.3347
12
120.0000
22
-50.0000
32
0.4247
13
115.0000
23
-50.0000
33
0.4381
0
3DFACE
8
S_UMGEBUNG_GELAENDE
10
115.0000
20
-50.0000
30
0.4381
11
120.0000
21
-50.0000
31
0.4247
12
120.0000
22
-45.0000
32
0.5147
13
115.0000
23
-45.0000
33
0.5281
0
3DFACE
8
S_UMGEBUNG_GELAENDE
10
115.0000
20
-45.0000
30
0.5281
11
120.0000
21
-45.0000
31
0.5147
12
120.0000
22
-40.0000
32
0.6047
13
115.0000
23
-40.0000
33
0.6181
0
3DFACE
8
S_UMGEBUNG_GELAENDE
10
115.0000
20
-40.0000
30
0.6181
11
120.0000
21
-40.0000
31
0.6047
12
120.0000
22
-35.0000
32
0.6947
13
115.0000
23
-35.0000
33
0.7081
0
3DFACE
8
S_UMGEBUNG_GELAENDE
10
115.0000
20
-35.0000
30
0.7081
11
120.0000
21
-35.0000
31
0.6947
12
120.0000
22
-30.0000
32
0.7847
13
115.0000
23
-30.0000
33
0.7981
0
3DFACE
8
S_UMGEBUNG_GELAENDE
10
115.0000
20
-30.0000
30
0.7981
11
120.0000
21
-30.0000
31
0.7847
12
120.0000
22
-25.0000
32
0.8747
13
115.0000
23
-25.0000
33
0.8881
0
3DFACE
8
S_UMGEBUNG_GELAENDE
10
115.0000
20
-25.0000
30
0.8881
11
120.0000
21
-25.0000
31
0.8747
12
120.0000
22
-20.0000
32
0.9647
13
115.0000
23
-20.0000
33
0.9781
0
3DFACE
8
S_UMGEBUNG_GELAENDE
10
115.0000
20
-20.0000
30
0.9781
11
120.0000
21
-20.0000
31
0.9647
12
120.0000
22
-15.0000
32
1.0547
13
115.0000
23
-15.0000
33
1.0681
0
3DFACE
8
S_UMGEBUNG_GELAENDE
10
115.0000
20
-15.0000
30
1.0681
11
120.0000
21
-15.0000
31
1.0547
12
120.0000
22
-10.0000
32
1.1447
13
115.0000
23
-10.0000
33
1.1581
0
3DFACE
8
S_UMGEBUNG_GELAENDE
10
115.0000
20
-10.0000
30
1.1581
11
120.0000
21
-10.0000
31
1.1447
12
120.0000
22
-5.0000
32
1.2347
13
115.0000
23
-5.0000
33
1.2481
0
3DFACE
8
S_UMGEBUNG_GELAENDE
10
115.0000
20
-5.0000
30
1.2481
11
120.0000
21
-5.0000
31
1.2347
12
120.0000
22
0.0000
32
1.3247
13
115.0000
23
0.0000
33
1.3381
0
3DFACE
8
S_UMGEBUNG_GELAENDE
10
115.0000
20
0.0000
30
1.3381
11
120.0000
21
0.0000
31
1.3247
12
120.0000
22
5.0000
32
1.4147
13
115.0000
23
5.0000
33
1.4281
0
3DFACE
8
S_UMGEBUNG_GELAENDE
10
115.0000
20
5.0000
30
1.4281
11
120.0000
21
5.0000
31
1.4147
12
120.0000
22
10.0000
32
1.5047
13
115.0000
23
10.0000
33
1.5181
0
3DFACE
8
S_UMGEBUNG_GELAENDE
10
115.0000
20
10.0000
30
1.5181
11
120.0000
21
10.0000
31
1.5047
12
120.0000
22
15.0000
32
1.5947
13
115.0000
23
15.0000
33
1.6081
0
3DFACE
8
S_UMGEBUNG_GELAENDE
10
115.0000
20
15.0000
30
1.6081
11
120.0000
21
15.0000
31
1.5947
12
120.0000
22
20.0000
32
1.6847
13
115.0000
23
20.0000
33
1.6981
0
3DFACE
8
S_UMGEBUNG_GELAENDE
10
115.0000
20
20.0000
30
1.6981
11
120.0000
21
20.0000
31
1.6847
12
120.0000
22
25.0000
32
1.7747
13
115.0000
23
25.0000
33
1.7881
0
3DFACE
8
S_UMGEBUNG_GELAENDE
10
115.0000
20
25.0000
30
1.7881
11
120.0000
21
25.0000
31
1.7747
12
120.0000
22
30.0000
32
1.8647
13
115.0000
23
30.0000
33
1.8781
0
3DFACE
8
S_UMGEBUNG_GELAENDE
10
115.0000
20
30.0000
30
1.8781
11
120.0000
21
30.0000
31
1.8647
12
120.0000
22
35.0000
32
1.9547
13
115.0000
23
35.0000
33
1.9681
0
3DFACE
8
S_UMGEBUNG_GELAENDE
10
115.0000
20
35.0000
30
1.9681
11
120.0000
21
35.0000
31
1.9547
12
120.0000
22
40.0000
32
2.0447
13
115.0000
23
40.0000
33
2.0581
0
3DFACE
8
S_UMGEBUNG_GELAENDE
10
115.0000
20
40.0000
30
2.0581
11
120.0000
21
40.0000
31
2.0447
12
120.0000
22
45.0000
32
2.1347
13
115.0000
23
45.0000
33
2.1481
0
3DFACE
8
S_UMGEBUNG_GELAENDE
10
115.0000
20
45.0000
30
2.1481
11
120.0000
21
45.0000
31
2.1347
12
120.0000
22
50.0000
32
2.2247
13
115.0000
23
50.0000
33
2.2381
0
3DFACE
8
S_UMGEBUNG_GELAENDE
10
115.0000
20
50.0000
30
2.2381
11
120.0000
21
50.0000
31
2.2247
12
120.0000
22
55.0000
32
2.3147
13
115.0000
23
55.0000
33
2.3281
0
3DFACE
8
S_UMGEBUNG_GELAENDE
10
115.0000
20
55.0000
30
2.3281
11
120.0000
21
55.0000
31
2.3147
12
120.0000
22
60.0000
32
2.4047
13
115.0000
23
60.0000
33
2.4181
0
3DFACE
8
S_UMGEBUNG_GELAENDE
10
115.0000
20
60.0000
30
2.4181
11
120.0000
21
60.0000
31
2.4047
12
120.0000
22
65.0000
32
2.4947
13
115.0000
23
65.0000
33
2.5081
0
3DFACE
8
S_UMGEBUNG_GELAENDE
10
115.0000
20
65.0000
30
2.5081
11
120.0000
21
65.0000
31
2.4947
12
120.0000
22
70.0000
32
2.5847
13
115.0000
23
70.0000
33
2.5981
0
3DFACE
8
S_UMGEBUNG_GELAENDE
10
115.0000
20
70.0000
30
2.5981
11
120.0000
21
70.0000
31
2.5847
12
120.0000
22
75.0000
32
2.6747
13
115.0000
23
75.0000
33
2.6881
0
3DFACE
8
S_UMGEBUNG_GELAENDE
10
115.0000
20
75.0000
30
2.6881
11
120.0000
21
75.0000
31
2.6747
12
120.0000
22
80.0000
32
2.7647
13
115.0000
23
80.0000
33
2.7781
0
3DFACE
8
S_UMGEBUNG_GELAENDE
10
115.0000
20
80.0000
30
2.7781
11
120.0000
21
80.0000
31
2.7647
12
120.0000
22
85.0000
32
2.8547
13
115.0000
23
85.0000
33
2.8681
0
3DFACE
8
S_UMGEBUNG_GELAENDE
10
115.0000
20
85.0000
30
2.8681
11
120.0000
21
85.0000
31
2.8547
12
120.0000
22
90.0000
32
2.9447
13
115.0000
23
90.0000
33
2.9581
0
3DFACE
8
S_UMGEBUNG_GELAENDE
10
115.0000
20
90.0000
30
2.9581
11
120.0000
21
90.0000
31
2.9447
12
120.0000
22
95.0000
32
3.0347
13
115.0000
23
95.0000
33
3.0481
0
3DFACE
8
S_UMGEBUNG_GELAENDE
10
120.0000
20
-85.0000
30
-0.2053
11
125.0000
21
-85.0000
31
-0.2200
12
125.0000
22
-80.0000
32
-0.1300
13
120.0000
23
-80.0000
33
-0.1153
0
3DFACE
8
S_UMGEBUNG_GELAENDE
10
120.0000
20
-80.0000
30
-0.1153
11
125.0000
21
-80.0000
31
-0.1300
12
125.0000
22
-75.0000
32
-0.0400
13
120.0000
23
-75.0000
33
-0.0253
0
3DFACE
8
S_UMGEBUNG_GELAENDE
10
120.0000
20
-75.0000
30
-0.0253
11
125.0000
21
-75.0000
31
-0.0400
12
125.0000
22
-70.0000
32
0.0500
13
120.0000
23
-70.0000
33
0.0647
0
3DFACE
8
S_UMGEBUNG_GELAENDE
10
120.0000
20
-70.0000
30
0.0647
11
125.0000
21
-70.0000
31
0.0500
12
125.0000
22
-65.0000
32
0.1400
13
120.0000
23
-65.0000
33
0.1547
0
3DFACE
8
S_UMGEBUNG_GELAENDE
10
120.0000
20
-65.0000
30
0.1547
11
125.0000
21
-65.0000
31
0.1400
12
125.0000
22
-60.0000
32
0.2300
13
120.0000
23
-60.0000
33
0.2447
0
3DFACE
8
S_UMGEBUNG_GELAENDE
10
120.0000
20
-60.0000
30
0.2447
11
125.0000
21
-60.0000
31
0.2300
12
125.0000
22
-55.0000
32
0.3200
13
120.0000
23
-55.0000
33
0.3347
0
3DFACE
8
S_UMGEBUNG_GELAENDE
10
120.0000
20
-55.0000
30
0.3347
11
125.0000
21
-55.0000
31
0.3200
12
125.0000
22
-50.0000
32
0.4100
13
120.0000
23
-50.0000
33
0.4247
0
3DFACE
8
S_UMGEBUNG_GELAENDE
10
120.0000
20
-50.0000
30
0.4247
11
125.0000
21
-50.0000
31
0.4100
12
125.0000
22
-45.0000
32
0.5000
13
120.0000
23
-45.0000
33
0.5147
0
3DFACE
8
S_UMGEBUNG_GELAENDE
10
120.0000
20
-45.0000
30
0.5147
11
125.0000
21
-45.0000
31
0.5000
12
125.0000
22
-40.0000
32
0.5900
13
120.0000
23
-40.0000
33
0.6047
0
3DFACE
8
S_UMGEBUNG_GELAENDE
10
120.0000
20
-40.0000
30
0.6047
11
125.0000
21
-40.0000
31
0.5900
12
125.0000
22
-35.0000
32
0.6800
13
120.0000
23
-35.0000
33
0.6947
0
3DFACE
8
S_UMGEBUNG_GELAENDE
10
120.0000
20
-35.0000
30
0.6947
11
125.0000
21
-35.0000
31
0.6800
12
125.0000
22
-30.0000
32
0.7700
13
120.0000
23
-30.0000
33
0.7847
0
3DFACE
8
S_UMGEBUNG_GELAENDE
10
120.0000
20
-30.0000
30
0.7847
11
125.0000
21
-30.0000
31
0.7700
12
125.0000
22
-25.0000
32
0.8600
13
120.0000
23
-25.0000
33
0.8747
0
3DFACE
8
S_UMGEBUNG_GELAENDE
10
120.0000
20
-25.0000
30
0.8747
11
125.0000
21
-25.0000
31
0.8600
12
125.0000
22
-20.0000
32
0.9500
13
120.0000
23
-20.0000
33
0.9647
0
3DFACE
8
S_UMGEBUNG_GELAENDE
10
120.0000
20
-20.0000
30
0.9647
11
125.0000
21
-20.0000
31
0.9500
12
125.0000
22
-15.0000
32
1.0400
13
120.0000
23
-15.0000
33
1.0547
0
3DFACE
8
S_UMGEBUNG_GELAENDE
10
120.0000
20
-15.0000
30
1.0547
11
125.0000
21
-15.0000
31
1.0400
12
125.0000
22
-10.0000
32
1.1300
13
120.0000
23
-10.0000
33
1.1447
0
3DFACE
8
S_UMGEBUNG_GELAENDE
10
120.0000
20
-10.0000
30
1.1447
11
125.0000
21
-10.0000
31
1.1300
12
125.0000
22
-5.0000
32
1.2200
13
120.0000
23
-5.0000
33
1.2347
0
3DFACE
8
S_UMGEBUNG_GELAENDE
10
120.0000
20
-5.0000
30
1.2347
11
125.0000
21
-5.0000
31
1.2200
12
125.0000
22
0.0000
32
1.3100
13
120.0000
23
0.0000
33
1.3247
0
3DFACE
8
S_UMGEBUNG_GELAENDE
10
120.0000
20
0.0000
30
1.3247
11
125.0000
21
0.0000
31
1.3100
12
125.0000
22
5.0000
32
1.4000
13
120.0000
23
5.0000
33
1.4147
0
3DFACE
8
S_UMGEBUNG_GELAENDE
10
120.0000
20
5.0000
30
1.4147
11
125.0000
21
5.0000
31
1.4000
12
125.0000
22
10.0000
32
1.4900
13
120.0000
23
10.0000
33
1.5047
0
3DFACE
8
S_UMGEBUNG_GELAENDE
10
120.0000
20
10.0000
30
1.5047
11
125.0000
21
10.0000
31
1.4900
12
125.0000
22
15.0000
32
1.5800
13
120.0000
23
15.0000
33
1.5947
0
3DFACE
8
S_UMGEBUNG_GELAENDE
10
120.0000
20
15.0000
30
1.5947
11
125.0000
21
15.0000
31
1.5800
12
125.0000
22
20.0000
32
1.6700
13
120.0000
23
20.0000
33
1.6847
0
3DFACE
8
S_UMGEBUNG_GELAENDE
10
120.0000
20
20.0000
30
1.6847
11
125.0000
21
20.0000
31
1.6700
12
125.0000
22
25.0000
32
1.7600
13
120.0000
23
25.0000
33
1.7747
0
3DFACE
8
S_UMGEBUNG_GELAENDE
10
120.0000
20
25.0000
30
1.7747
11
125.0000
21
25.0000
31
1.7600
12
125.0000
22
30.0000
32
1.8500
13
120.0000
23
30.0000
33
1.8647
0
3DFACE
8
S_UMGEBUNG_GELAENDE
10
120.0000
20
30.0000
30
1.8647
11
125.0000
21
30.0000
31
1.8500
12
125.0000
22
35.0000
32
1.9400
13
120.0000
23
35.0000
33
1.9547
0
3DFACE
8
S_UMGEBUNG_GELAENDE
10
120.0000
20
35.0000
30
1.9547
11
125.0000
21
35.0000
31
1.9400
12
125.0000
22
40.0000
32
2.0300
13
120.0000
23
40.0000
33
2.0447
0
3DFACE
8
S_UMGEBUNG_GELAENDE
10
120.0000
20
40.0000
30
2.0447
11
125.0000
21
40.0000
31
2.0300
12
125.0000
22
45.0000
32
2.1200
13
120.0000
23
45.0000
33
2.1347
0
3DFACE
8
S_UMGEBUNG_GELAENDE
10
120.0000
20
45.0000
30
2.1347
11
125.0000
21
45.0000
31
2.1200
12
125.0000
22
50.0000
32
2.2100
13
120.0000
23
50.0000
33
2.2247
0
3DFACE
8
S_UMGEBUNG_GELAENDE
10
120.0000
20
50.0000
30
2.2247
11
125.0000
21
50.0000
31
2.2100
12
125.0000
22
55.0000
32
2.3000
13
120.0000
23
55.0000
33
2.3147
0
3DFACE
8
S_UMGEBUNG_GELAENDE
10
120.0000
20
55.0000
30
2.3147
11
125.0000
21
55.0000
31
2.3000
12
125.0000
22
60.0000
32
2.3900
13
120.0000
23
60.0000
33
2.4047
0
3DFACE
8
S_UMGEBUNG_GELAENDE
10
120.0000
20
60.0000
30
2.4047
11
125.0000
21
60.0000
31
2.3900
12
125.0000
22
65.0000
32
2.4800
13
120.0000
23
65.0000
33
2.4947
0
3DFACE
8
S_UMGEBUNG_GELAENDE
10
120.0000
20
65.0000
30
2.4947
11
125.0000
21
65.0000
31
2.4800
12
125.0000
22
70.0000
32
2.5700
13
120.0000
23
70.0000
33
2.5847
0
3DFACE
8
S_UMGEBUNG_GELAENDE
10
120.0000
20
70.0000
30
2.5847
11
125.0000
21
70.0000
31
2.5700
12
125.0000
22
75.0000
32
2.6600
13
120.0000
23
75.0000
33
2.6747
0
3DFACE
8
S_UMGEBUNG_GELAENDE
10
120.0000
20
75.0000
30
2.6747
11
125.0000
21
75.0000
31
2.6600
12
125.0000
22
80.0000
32
2.7500
13
120.0000
23
80.0000
33
2.7647
0
3DFACE
8
S_UMGEBUNG_GELAENDE
10
120.0000
20
80.0000
30
2.7647
11
125.0000
21
80.0000
31
2.7500
12
125.0000
22
85.0000
32
2.8400
13
120.0000
23
85.0000
33
2.8547
0
3DFACE
8
S_UMGEBUNG_GELAENDE
10
125.0000
20
-80.0000
30
-0.1300
11
130.0000
21
-80.0000
31
-0.1449
12
130.0000
22
-75.0000
32
-0.0549
13
125.0000
23
-75.0000
33
-0.0400
0
3DFACE
8
S_UMGEBUNG_GELAENDE
10
125.0000
20
-75.0000
30
-0.0400
11
130.0000
21
-75.0000
31
-0.0549
12
130.0000
22
-70.0000
32
0.0351
13
125.0000
23
-70.0000
33
0.0500
0
3DFACE
8
S_UMGEBUNG_GELAENDE
10
125.0000
20
-70.0000
30
0.0500
11
130.0000
21
-70.0000
31
0.0351
12
130.0000
22
-65.0000
32
0.1251
13
125.0000
23
-65.0000
33
0.1400
0
3DFACE
8
S_UMGEBUNG_GELAENDE
10
125.0000
20
-65.0000
30
0.1400
11
130.0000
21
-65.0000
31
0.1251
12
130.0000
22
-60.0000
32
0.2151
13
125.0000
23
-60.0000
33
0.2300
0
3DFACE
8
S_UMGEBUNG_GELAENDE
10
125.0000
20
-60.0000
30
0.2300
11
130.0000
21
-60.0000
31
0.2151
12
130.0000
22
-55.0000
32
0.3051
13
125.0000
23
-55.0000
33
0.3200
0
3DFACE
8
S_UMGEBUNG_GELAENDE
10
125.0000
20
-55.0000
30
0.3200
11
130.0000
21
-55.0000
31
0.3051
12
130.0000
22
-50.0000
32
0.3951
13
125.0000
23
-50.0000
33
0.4100
0
3DFACE
8
S_UMGEBUNG_GELAENDE
10
125.0000
20
-50.0000
30
0.4100
11
130.0000
21
-50.0000
31
0.3951
12
130.0000
22
-45.0000
32
0.4851
13
125.0000
23
-45.0000
33
0.5000
0
3DFACE
8
S_UMGEBUNG_GELAENDE
10
125.0000
20
-45.0000
30
0.5000
11
130.0000
21
-45.0000
31
0.4851
12
130.0000
22
-40.0000
32
0.5751
13
125.0000
23
-40.0000
33
0.5900
0
3DFACE
8
S_UMGEBUNG_GELAENDE
10
125.0000
20
-40.0000
30
0.5900
11
130.0000
21
-40.0000
31
0.5751
12
130.0000
22
-35.0000
32
0.6651
13
125.0000
23
-35.0000
33
0.6800
0
3DFACE
8
S_UMGEBUNG_GELAENDE
10
125.0000
20
-35.0000
30
0.6800
11
130.0000
21
-35.0000
31
0.6651
12
130.0000
22
-30.0000
32
0.7551
13
125.0000
23
-30.0000
33
0.7700
0
3DFACE
8
S_UMGEBUNG_GELAENDE
10
125.0000
20
-30.0000
30
0.7700
11
130.0000
21
-30.0000
31
0.7551
12
130.0000
22
-25.0000
32
0.8451
13
125.0000
23
-25.0000
33
0.8600
0
3DFACE
8
S_UMGEBUNG_GELAENDE
10
125.0000
20
-25.0000
30
0.8600
11
130.0000
21
-25.0000
31
0.8451
12
130.0000
22
-20.0000
32
0.9351
13
125.0000
23
-20.0000
33
0.9500
0
3DFACE
8
S_UMGEBUNG_GELAENDE
10
125.0000
20
-20.0000
30
0.9500
11
130.0000
21
-20.0000
31
0.9351
12
130.0000
22
-15.0000
32
1.0251
13
125.0000
23
-15.0000
33
1.0400
0
3DFACE
8
S_UMGEBUNG_GELAENDE
10
125.0000
20
-15.0000
30
1.0400
11
130.0000
21
-15.0000
31
1.0251
12
130.0000
22
-10.0000
32
1.1151
13
125.0000
23
-10.0000
33
1.1300
0
3DFACE
8
S_UMGEBUNG_GELAENDE
10
125.0000
20
-10.0000
30
1.1300
11
130.0000
21
-10.0000
31
1.1151
12
130.0000
22
-5.0000
32
1.2051
13
125.0000
23
-5.0000
33
1.2200
0
3DFACE
8
S_UMGEBUNG_GELAENDE
10
125.0000
20
-5.0000
30
1.2200
11
130.0000
21
-5.0000
31
1.2051
12
130.0000
22
0.0000
32
1.2951
13
125.0000
23
0.0000
33
1.3100
0
3DFACE
8
S_UMGEBUNG_GELAENDE
10
125.0000
20
0.0000
30
1.3100
11
130.0000
21
0.0000
31
1.2951
12
130.0000
22
5.0000
32
1.3851
13
125.0000
23
5.0000
33
1.4000
0
3DFACE
8
S_UMGEBUNG_GELAENDE
10
125.0000
20
5.0000
30
1.4000
11
130.0000
21
5.0000
31
1.3851
12
130.0000
22
10.0000
32
1.4751
13
125.0000
23
10.0000
33
1.4900
0
3DFACE
8
S_UMGEBUNG_GELAENDE
10
125.0000
20
10.0000
30
1.4900
11
130.0000
21
10.0000
31
1.4751
12
130.0000
22
15.0000
32
1.5651
13
125.0000
23
15.0000
33
1.5800
0
3DFACE
8
S_UMGEBUNG_GELAENDE
10
125.0000
20
15.0000
30
1.5800
11
130.0000
21
15.0000
31
1.5651
12
130.0000
22
20.0000
32
1.6551
13
125.0000
23
20.0000
33
1.6700
0
3DFACE
8
S_UMGEBUNG_GELAENDE
10
125.0000
20
20.0000
30
1.6700
11
130.0000
21
20.0000
31
1.6551
12
130.0000
22
25.0000
32
1.7451
13
125.0000
23
25.0000
33
1.7600
0
3DFACE
8
S_UMGEBUNG_GELAENDE
10
125.0000
20
25.0000
30
1.7600
11
130.0000
21
25.0000
31
1.7451
12
130.0000
22
30.0000
32
1.8351
13
125.0000
23
30.0000
33
1.8500
0
3DFACE
8
S_UMGEBUNG_GELAENDE
10
125.0000
20
30.0000
30
1.8500
11
130.0000
21
30.0000
31
1.8351
12
130.0000
22
35.0000
32
1.9251
13
125.0000
23
35.0000
33
1.9400
0
3DFACE
8
S_UMGEBUNG_GELAENDE
10
125.0000
20
35.0000
30
1.9400
11
130.0000
21
35.0000
31
1.9251
12
130.0000
22
40.0000
32
2.0151
13
125.0000
23
40.0000
33
2.0300
0
3DFACE
8
S_UMGEBUNG_GELAENDE
10
125.0000
20
40.0000
30
2.0300
11
130.0000
21
40.0000
31
2.0151
12
130.0000
22
45.0000
32
2.1051
13
125.0000
23
45.0000
33
2.1200
0
3DFACE
8
S_UMGEBUNG_GELAENDE
10
125.0000
20
45.0000
30
2.1200
11
130.0000
21
45.0000
31
2.1051
12
130.0000
22
50.0000
32
2.1951
13
125.0000
23
50.0000
33
2.2100
0
3DFACE
8
S_UMGEBUNG_GELAENDE
10
125.0000
20
50.0000
30
2.2100
11
130.0000
21
50.0000
31
2.1951
12
130.0000
22
55.0000
32
2.2851
13
125.0000
23
55.0000
33
2.3000
0
3DFACE
8
S_UMGEBUNG_GELAENDE
10
125.0000
20
55.0000
30
2.3000
11
130.0000
21
55.0000
31
2.2851
12
130.0000
22
60.0000
32
2.3751
13
125.0000
23
60.0000
33
2.3900
0
3DFACE
8
S_UMGEBUNG_GELAENDE
10
125.0000
20
60.0000
30
2.3900
11
130.0000
21
60.0000
31
2.3751
12
130.0000
22
65.0000
32
2.4651
13
125.0000
23
65.0000
33
2.4800
0
3DFACE
8
S_UMGEBUNG_GELAENDE
10
125.0000
20
65.0000
30
2.4800
11
130.0000
21
65.0000
31
2.4651
12
130.0000
22
70.0000
32
2.5551
13
125.0000
23
70.0000
33
2.5700
0
3DFACE
8
S_UMGEBUNG_GELAENDE
10
125.0000
20
70.0000
30
2.5700
11
130.0000
21
70.0000
31
2.5551
12
130.0000
22
75.0000
32
2.6451
13
125.0000
23
75.0000
33
2.6600
0
3DFACE
8
S_UMGEBUNG_GELAENDE
10
125.0000
20
75.0000
30
2.6600
11
130.0000
21
75.0000
31
2.6451
12
130.0000
22
80.0000
32
2.7351
13
125.0000
23
80.0000
33
2.7500
0
3DFACE
8
S_UMGEBUNG_GELAENDE
10
130.0000
20
-70.0000
30
0.0351
11
135.0000
21
-70.0000
31
0.0212
12
135.0000
22
-65.0000
32
0.1112
13
130.0000
23
-65.0000
33
0.1251
0
3DFACE
8
S_UMGEBUNG_GELAENDE
10
130.0000
20
-65.0000
30
0.1251
11
135.0000
21
-65.0000
31
0.1112
12
135.0000
22
-60.0000
32
0.2012
13
130.0000
23
-60.0000
33
0.2151
0
3DFACE
8
S_UMGEBUNG_GELAENDE
10
130.0000
20
-60.0000
30
0.2151
11
135.0000
21
-60.0000
31
0.2012
12
135.0000
22
-55.0000
32
0.2912
13
130.0000
23
-55.0000
33
0.3051
0
3DFACE
8
S_UMGEBUNG_GELAENDE
10
130.0000
20
-55.0000
30
0.3051
11
135.0000
21
-55.0000
31
0.2912
12
135.0000
22
-50.0000
32
0.3812
13
130.0000
23
-50.0000
33
0.3951
0
3DFACE
8
S_UMGEBUNG_GELAENDE
10
130.0000
20
-50.0000
30
0.3951
11
135.0000
21
-50.0000
31
0.3812
12
135.0000
22
-45.0000
32
0.4712
13
130.0000
23
-45.0000
33
0.4851
0
3DFACE
8
S_UMGEBUNG_GELAENDE
10
130.0000
20
-45.0000
30
0.4851
11
135.0000
21
-45.0000
31
0.4712
12
135.0000
22
-40.0000
32
0.5612
13
130.0000
23
-40.0000
33
0.5751
0
3DFACE
8
S_UMGEBUNG_GELAENDE
10
130.0000
20
-40.0000
30
0.5751
11
135.0000
21
-40.0000
31
0.5612
12
135.0000
22
-35.0000
32
0.6512
13
130.0000
23
-35.0000
33
0.6651
0
3DFACE
8
S_UMGEBUNG_GELAENDE
10
130.0000
20
-35.0000
30
0.6651
11
135.0000
21
-35.0000
31
0.6512
12
135.0000
22
-30.0000
32
0.7412
13
130.0000
23
-30.0000
33
0.7551
0
3DFACE
8
S_UMGEBUNG_GELAENDE
10
130.0000
20
-30.0000
30
0.7551
11
135.0000
21
-30.0000
31
0.7412
12
135.0000
22
-25.0000
32
0.8312
13
130.0000
23
-25.0000
33
0.8451
0
3DFACE
8
S_UMGEBUNG_GELAENDE
10
130.0000
20
-25.0000
30
0.8451
11
135.0000
21
-25.0000
31
0.8312
12
135.0000
22
-20.0000
32
0.9212
13
130.0000
23
-20.0000
33
0.9351
0
3DFACE
8
S_UMGEBUNG_GELAENDE
10
130.0000
20
-20.0000
30
0.9351
11
135.0000
21
-20.0000
31
0.9212
12
135.0000
22
-15.0000
32
1.0112
13
130.0000
23
-15.0000
33
1.0251
0
3DFACE
8
S_UMGEBUNG_GELAENDE
10
130.0000
20
-15.0000
30
1.0251
11
135.0000
21
-15.0000
31
1.0112
12
135.0000
22
-10.0000
32
1.1012
13
130.0000
23
-10.0000
33
1.1151
0
3DFACE
8
S_UMGEBUNG_GELAENDE
10
130.0000
20
-10.0000
30
1.1151
11
135.0000
21
-10.0000
31
1.1012
12
135.0000
22
-5.0000
32
1.1912
13
130.0000
23
-5.0000
33
1.2051
0
3DFACE
8
S_UMGEBUNG_GELAENDE
10
130.0000
20
-5.0000
30
1.2051
11
135.0000
21
-5.0000
31
1.1912
12
135.0000
22
0.0000
32
1.2812
13
130.0000
23
0.0000
33
1.2951
0
3DFACE
8
S_UMGEBUNG_GELAENDE
10
130.0000
20
0.0000
30
1.2951
11
135.0000
21
0.0000
31
1.2812
12
135.0000
22
5.0000
32
1.3712
13
130.0000
23
5.0000
33
1.3851
0
3DFACE
8
S_UMGEBUNG_GELAENDE
10
130.0000
20
5.0000
30
1.3851
11
135.0000
21
5.0000
31
1.3712
12
135.0000
22
10.0000
32
1.4612
13
130.0000
23
10.0000
33
1.4751
0
3DFACE
8
S_UMGEBUNG_GELAENDE
10
130.0000
20
10.0000
30
1.4751
11
135.0000
21
10.0000
31
1.4612
12
135.0000
22
15.0000
32
1.5512
13
130.0000
23
15.0000
33
1.5651
0
3DFACE
8
S_UMGEBUNG_GELAENDE
10
130.0000
20
15.0000
30
1.5651
11
135.0000
21
15.0000
31
1.5512
12
135.0000
22
20.0000
32
1.6412
13
130.0000
23
20.0000
33
1.6551
0
3DFACE
8
S_UMGEBUNG_GELAENDE
10
130.0000
20
20.0000
30
1.6551
11
135.0000
21
20.0000
31
1.6412
12
135.0000
22
25.0000
32
1.7312
13
130.0000
23
25.0000
33
1.7451
0
3DFACE
8
S_UMGEBUNG_GELAENDE
10
130.0000
20
25.0000
30
1.7451
11
135.0000
21
25.0000
31
1.7312
12
135.0000
22
30.0000
32
1.8212
13
130.0000
23
30.0000
33
1.8351
0
3DFACE
8
S_UMGEBUNG_GELAENDE
10
130.0000
20
30.0000
30
1.8351
11
135.0000
21
30.0000
31
1.8212
12
135.0000
22
35.0000
32
1.9112
13
130.0000
23
35.0000
33
1.9251
0
3DFACE
8
S_UMGEBUNG_GELAENDE
10
130.0000
20
35.0000
30
1.9251
11
135.0000
21
35.0000
31
1.9112
12
135.0000
22
40.0000
32
2.0012
13
130.0000
23
40.0000
33
2.0151
0
3DFACE
8
S_UMGEBUNG_GELAENDE
10
130.0000
20
40.0000
30
2.0151
11
135.0000
21
40.0000
31
2.0012
12
135.0000
22
45.0000
32
2.0912
13
130.0000
23
45.0000
33
2.1051
0
3DFACE
8
S_UMGEBUNG_GELAENDE
10
130.0000
20
45.0000
30
2.1051
11
135.0000
21
45.0000
31
2.0912
12
135.0000
22
50.0000
32
2.1812
13
130.0000
23
50.0000
33
2.1951
0
3DFACE
8
S_UMGEBUNG_GELAENDE
10
130.0000
20
50.0000
30
2.1951
11
135.0000
21
50.0000
31
2.1812
12
135.0000
22
55.0000
32
2.2712
13
130.0000
23
55.0000
33
2.2851
0
3DFACE
8
S_UMGEBUNG_GELAENDE
10
130.0000
20
55.0000
30
2.2851
11
135.0000
21
55.0000
31
2.2712
12
135.0000
22
60.0000
32
2.3612
13
130.0000
23
60.0000
33
2.3751
0
3DFACE
8
S_UMGEBUNG_GELAENDE
10
130.0000
20
60.0000
30
2.3751
11
135.0000
21
60.0000
31
2.3612
12
135.0000
22
65.0000
32
2.4512
13
130.0000
23
65.0000
33
2.4651
0
3DFACE
8
S_UMGEBUNG_GELAENDE
10
130.0000
20
65.0000
30
2.4651
11
135.0000
21
65.0000
31
2.4512
12
135.0000
22
70.0000
32
2.5412
13
130.0000
23
70.0000
33
2.5551
0
3DFACE
8
S_UMGEBUNG_GELAENDE
10
135.0000
20
-60.0000
30
0.2012
11
140.0000
21
-60.0000
31
0.1895
12
140.0000
22
-55.0000
32
0.2795
13
135.0000
23
-55.0000
33
0.2912
0
3DFACE
8
S_UMGEBUNG_GELAENDE
10
135.0000
20
-55.0000
30
0.2912
11
140.0000
21
-55.0000
31
0.2795
12
140.0000
22
-50.0000
32
0.3695
13
135.0000
23
-50.0000
33
0.3812
0
3DFACE
8
S_UMGEBUNG_GELAENDE
10
135.0000
20
-50.0000
30
0.3812
11
140.0000
21
-50.0000
31
0.3695
12
140.0000
22
-45.0000
32
0.4595
13
135.0000
23
-45.0000
33
0.4712
0
3DFACE
8
S_UMGEBUNG_GELAENDE
10
135.0000
20
-45.0000
30
0.4712
11
140.0000
21
-45.0000
31
0.4595
12
140.0000
22
-40.0000
32
0.5495
13
135.0000
23
-40.0000
33
0.5612
0
3DFACE
8
S_UMGEBUNG_GELAENDE
10
135.0000
20
-40.0000
30
0.5612
11
140.0000
21
-40.0000
31
0.5495
12
140.0000
22
-35.0000
32
0.6395
13
135.0000
23
-35.0000
33
0.6512
0
3DFACE
8
S_UMGEBUNG_GELAENDE
10
135.0000
20
-35.0000
30
0.6512
11
140.0000
21
-35.0000
31
0.6395
12
140.0000
22
-30.0000
32
0.7295
13
135.0000
23
-30.0000
33
0.7412
0
3DFACE
8
S_UMGEBUNG_GELAENDE
10
135.0000
20
-30.0000
30
0.7412
11
140.0000
21
-30.0000
31
0.7295
12
140.0000
22
-25.0000
32
0.8195
13
135.0000
23
-25.0000
33
0.8312
0
3DFACE
8
S_UMGEBUNG_GELAENDE
10
135.0000
20
-25.0000
30
0.8312
11
140.0000
21
-25.0000
31
0.8195
12
140.0000
22
-20.0000
32
0.9095
13
135.0000
23
-20.0000
33
0.9212
0
3DFACE
8
S_UMGEBUNG_GELAENDE
10
135.0000
20
-20.0000
30
0.9212
11
140.0000
21
-20.0000
31
0.9095
12
140.0000
22
-15.0000
32
0.9995
13
135.0000
23
-15.0000
33
1.0112
0
3DFACE
8
S_UMGEBUNG_GELAENDE
10
135.0000
20
-15.0000
30
1.0112
11
140.0000
21
-15.0000
31
0.9995
12
140.0000
22
-10.0000
32
1.0895
13
135.0000
23
-10.0000
33
1.1012
0
3DFACE
8
S_UMGEBUNG_GELAENDE
10
135.0000
20
-10.0000
30
1.1012
11
140.0000
21
-10.0000
31
1.0895
12
140.0000
22
-5.0000
32
1.1795
13
135.0000
23
-5.0000
33
1.1912
0
3DFACE
8
S_UMGEBUNG_GELAENDE
10
135.0000
20
-5.0000
30
1.1912
11
140.0000
21
-5.0000
31
1.1795
12
140.0000
22
0.0000
32
1.2695
13
135.0000
23
0.0000
33
1.2812
0
3DFACE
8
S_UMGEBUNG_GELAENDE
10
135.0000
20
0.0000
30
1.2812
11
140.0000
21
0.0000
31
1.2695
12
140.0000
22
5.0000
32
1.3595
13
135.0000
23
5.0000
33
1.3712
0
3DFACE
8
S_UMGEBUNG_GELAENDE
10
135.0000
20
5.0000
30
1.3712
11
140.0000
21
5.0000
31
1.3595
12
140.0000
22
10.0000
32
1.4495
13
135.0000
23
10.0000
33
1.4612
0
3DFACE
8
S_UMGEBUNG_GELAENDE
10
135.0000
20
10.0000
30
1.4612
11
140.0000
21
10.0000
31
1.4495
12
140.0000
22
15.0000
32
1.5395
13
135.0000
23
15.0000
33
1.5512
0
3DFACE
8
S_UMGEBUNG_GELAENDE
10
135.0000
20
15.0000
30
1.5512
11
140.0000
21
15.0000
31
1.5395
12
140.0000
22
20.0000
32
1.6295
13
135.0000
23
20.0000
33
1.6412
0
3DFACE
8
S_UMGEBUNG_GELAENDE
10
135.0000
20
20.0000
30
1.6412
11
140.0000
21
20.0000
31
1.6295
12
140.0000
22
25.0000
32
1.7195
13
135.0000
23
25.0000
33
1.7312
0
3DFACE
8
S_UMGEBUNG_GELAENDE
10
135.0000
20
25.0000
30
1.7312
11
140.0000
21
25.0000
31
1.7195
12
140.0000
22
30.0000
32
1.8095
13
135.0000
23
30.0000
33
1.8212
0
3DFACE
8
S_UMGEBUNG_GELAENDE
10
135.0000
20
30.0000
30
1.8212
11
140.0000
21
30.0000
31
1.8095
12
140.0000
22
35.0000
32
1.8995
13
135.0000
23
35.0000
33
1.9112
0
3DFACE
8
S_UMGEBUNG_GELAENDE
10
135.0000
20
35.0000
30
1.9112
11
140.0000
21
35.0000
31
1.8995
12
140.0000
22
40.0000
32
1.9895
13
135.0000
23
40.0000
33
2.0012
0
3DFACE
8
S_UMGEBUNG_GELAENDE
10
135.0000
20
40.0000
30
2.0012
11
140.0000
21
40.0000
31
1.9895
12
140.0000
22
45.0000
32
2.0795
13
135.0000
23
45.0000
33
2.0912
0
3DFACE
8
S_UMGEBUNG_GELAENDE
10
135.0000
20
45.0000
30
2.0912
11
140.0000
21
45.0000
31
2.0795
12
140.0000
22
50.0000
32
2.1695
13
135.0000
23
50.0000
33
2.1812
0
3DFACE
8
S_UMGEBUNG_GELAENDE
10
135.0000
20
50.0000
30
2.1812
11
140.0000
21
50.0000
31
2.1695
12
140.0000
22
55.0000
32
2.2595
13
135.0000
23
55.0000
33
2.2712
0
3DFACE
8
S_UMGEBUNG_GELAENDE
10
135.0000
20
55.0000
30
2.2712
11
140.0000
21
55.0000
31
2.2595
12
140.0000
22
60.0000
32
2.3495
13
135.0000
23
60.0000
33
2.3612
0
3DFACE
8
S_UMGEBUNG_GELAENDE
10
140.0000
20
-45.0000
30
0.4595
11
145.0000
21
-45.0000
31
0.4511
12
145.0000
22
-40.0000
32
0.5411
13
140.0000
23
-40.0000
33
0.5495
0
3DFACE
8
S_UMGEBUNG_GELAENDE
10
140.0000
20
-40.0000
30
0.5495
11
145.0000
21
-40.0000
31
0.5411
12
145.0000
22
-35.0000
32
0.6311
13
140.0000
23
-35.0000
33
0.6395
0
3DFACE
8
S_UMGEBUNG_GELAENDE
10
140.0000
20
-35.0000
30
0.6395
11
145.0000
21
-35.0000
31
0.6311
12
145.0000
22
-30.0000
32
0.7211
13
140.0000
23
-30.0000
33
0.7295
0
3DFACE
8
S_UMGEBUNG_GELAENDE
10
140.0000
20
-30.0000
30
0.7295
11
145.0000
21
-30.0000
31
0.7211
12
145.0000
22
-25.0000
32
0.8111
13
140.0000
23
-25.0000
33
0.8195
0
3DFACE
8
S_UMGEBUNG_GELAENDE
10
140.0000
20
-25.0000
30
0.8195
11
145.0000
21
-25.0000
31
0.8111
12
145.0000
22
-20.0000
32
0.9011
13
140.0000
23
-20.0000
33
0.9095
0
3DFACE
8
S_UMGEBUNG_GELAENDE
10
140.0000
20
-20.0000
30
0.9095
11
145.0000
21
-20.0000
31
0.9011
12
145.0000
22
-15.0000
32
0.9911
13
140.0000
23
-15.0000
33
0.9995
0
3DFACE
8
S_UMGEBUNG_GELAENDE
10
140.0000
20
-15.0000
30
0.9995
11
145.0000
21
-15.0000
31
0.9911
12
145.0000
22
-10.0000
32
1.0811
13
140.0000
23
-10.0000
33
1.0895
0
3DFACE
8
S_UMGEBUNG_GELAENDE
10
140.0000
20
-10.0000
30
1.0895
11
145.0000
21
-10.0000
31
1.0811
12
145.0000
22
-5.0000
32
1.1711
13
140.0000
23
-5.0000
33
1.1795
0
3DFACE
8
S_UMGEBUNG_GELAENDE
10
140.0000
20
-5.0000
30
1.1795
11
145.0000
21
-5.0000
31
1.1711
12
145.0000
22
0.0000
32
1.2611
13
140.0000
23
0.0000
33
1.2695
0
3DFACE
8
S_UMGEBUNG_GELAENDE
10
140.0000
20
0.0000
30
1.2695
11
145.0000
21
0.0000
31
1.2611
12
145.0000
22
5.0000
32
1.3511
13
140.0000
23
5.0000
33
1.3595
0
3DFACE
8
S_UMGEBUNG_GELAENDE
10
140.0000
20
5.0000
30
1.3595
11
145.0000
21
5.0000
31
1.3511
12
145.0000
22
10.0000
32
1.4411
13
140.0000
23
10.0000
33
1.4495
0
3DFACE
8
S_UMGEBUNG_GELAENDE
10
140.0000
20
10.0000
30
1.4495
11
145.0000
21
10.0000
31
1.4411
12
145.0000
22
15.0000
32
1.5311
13
140.0000
23
15.0000
33
1.5395
0
3DFACE
8
S_UMGEBUNG_GELAENDE
10
140.0000
20
15.0000
30
1.5395
11
145.0000
21
15.0000
31
1.5311
12
145.0000
22
20.0000
32
1.6211
13
140.0000
23
20.0000
33
1.6295
0
3DFACE
8
S_UMGEBUNG_GELAENDE
10
140.0000
20
20.0000
30
1.6295
11
145.0000
21
20.0000
31
1.6211
12
145.0000
22
25.0000
32
1.7111
13
140.0000
23
25.0000
33
1.7195
0
3DFACE
8
S_UMGEBUNG_GELAENDE
10
140.0000
20
25.0000
30
1.7195
11
145.0000
21
25.0000
31
1.7111
12
145.0000
22
30.0000
32
1.8011
13
140.0000
23
30.0000
33
1.8095
0
3DFACE
8
S_UMGEBUNG_GELAENDE
10
140.0000
20
30.0000
30
1.8095
11
145.0000
21
30.0000
31
1.8011
12
145.0000
22
35.0000
32
1.8911
13
140.0000
23
35.0000
33
1.8995
0
3DFACE
8
S_UMGEBUNG_GELAENDE
10
140.0000
20
35.0000
30
1.8995
11
145.0000
21
35.0000
31
1.8911
12
145.0000
22
40.0000
32
1.9811
13
140.0000
23
40.0000
33
1.9895
0
3DFACE
8
S_UMGEBUNG_GELAENDE
10
140.0000
20
40.0000
30
1.9895
11
145.0000
21
40.0000
31
1.9811
12
145.0000
22
45.0000
32
2.0711
13
140.0000
23
45.0000
33
2.0795
0
3DFACE
8
S_UMGEBUNG_GELAENDE
10
145.0000
20
-25.0000
30
0.8111
11
150.0000
21
-25.0000
31
0.8071
12
150.0000
22
-20.0000
32
0.8971
13
145.0000
23
-20.0000
33
0.9011
0
3DFACE
8
S_UMGEBUNG_GELAENDE
10
145.0000
20
-20.0000
30
0.9011
11
150.0000
21
-20.0000
31
0.8971
12
150.0000
22
-15.0000
32
0.9871
13
145.0000
23
-15.0000
33
0.9911
0
3DFACE
8
S_UMGEBUNG_GELAENDE
10
145.0000
20
-15.0000
30
0.9911
11
150.0000
21
-15.0000
31
0.9871
12
150.0000
22
-10.0000
32
1.0771
13
145.0000
23
-10.0000
33
1.0811
0
3DFACE
8
S_UMGEBUNG_GELAENDE
10
145.0000
20
-10.0000
30
1.0811
11
150.0000
21
-10.0000
31
1.0771
12
150.0000
22
-5.0000
32
1.1671
13
145.0000
23
-5.0000
33
1.1711
0
3DFACE
8
S_UMGEBUNG_GELAENDE
10
145.0000
20
-5.0000
30
1.1711
11
150.0000
21
-5.0000
31
1.1671
12
150.0000
22
0.0000
32
1.2571
13
145.0000
23
0.0000
33
1.2611
0
3DFACE
8
S_UMGEBUNG_GELAENDE
10
145.0000
20
0.0000
30
1.2611
11
150.0000
21
0.0000
31
1.2571
12
150.0000
22
5.0000
32
1.3471
13
145.0000
23
5.0000
33
1.3511
0
3DFACE
8
S_UMGEBUNG_GELAENDE
10
145.0000
20
5.0000
30
1.3511
11
150.0000
21
5.0000
31
1.3471
12
150.0000
22
10.0000
32
1.4371
13
145.0000
23
10.0000
33
1.4411
0
3DFACE
8
S_UMGEBUNG_GELAENDE
10
145.0000
20
10.0000
30
1.4411
11
150.0000
21
10.0000
31
1.4371
12
150.0000
22
15.0000
32
1.5271
13
145.0000
23
15.0000
33
1.5311
0
3DFACE
8
S_UMGEBUNG_GELAENDE
10
145.0000
20
15.0000
30
1.5311
11
150.0000
21
15.0000
31
1.5271
12
150.0000
22
20.0000
32
1.6171
13
145.0000
23
20.0000
33
1.6211
0
3DFACE
8
S_UMGEBUNG_GELAENDE
10
145.0000
20
20.0000
30
1.6211
11
150.0000
21
20.0000
31
1.6171
12
150.0000
22
25.0000
32
1.7071
13
145.0000
23
25.0000
33
1.7111
0
ENDBLK
8
0
0
BLOCK
8
0
2
CEVRE_KALDIRIM
70
0
10
0
20
0
30
0
3
CEVRE_KALDIRIM
0
LWPOLYLINE
8
S_UMGEBUNG_GEHWEG
90
4
70
1
38
0.000
10
38.5000
20
-15.0000
10
41.5000
20
-15.0000
10
41.5000
20
67.5000
10
38.5000
20
67.5000
0
LWPOLYLINE
8
S_UMGEBUNG_GEHWEG
90
4
70
1
38
0.000
10
-148.2262
20
-23.0000
10
148.2262
20
-23.0000
10
148.2262
20
-21.0000
10
-148.2262
20
-21.0000
0
LWPOLYLINE
8
S_UMGEBUNG_GEHWEG
90
4
70
1
38
0.000
10
-149.4356
20
-15.0000
10
149.4356
20
-15.0000
10
149.4356
20
-13.0000
10
-149.4356
20
-13.0000
0
ENDBLK
8
0
0
BLOCK
8
0
2
CEVRE_YOLLAR
70
0
10
0
20
0
30
0
3
CEVRE_YOLLAR
0
LWPOLYLINE
8
S_UMGEBUNG_STRASSE
90
4
70
1
38
0.000
10
-148.9161
20
-21.0000
10
148.9161
20
-21.0000
10
148.9161
20
-15.0000
10
-148.9161
20
-15.0000
0
LWPOLYLINE
8
S_UMGEBUNG_STRASSE
90
4
70
1
38
0.000
10
-132.6650
20
67.5000
10
132.6650
20
67.5000
10
132.6650
20
72.5000
10
-132.6650
20
72.5000
0
LWPOLYLINE
8
S_UMGEBUNG_STRASSE
90
4
70
1
38
0.000
10
-73.5000
20
-132.6650
10
-66.5000
20
-132.6650
10
-66.5000
20
132.6650
10
-73.5000
20
132.6650
0
ENDBLK
8
0
0
BLOCK
8
0
2
CEVRE_YOL_EKSENI
70
0
10
0
20
0
30
0
3
CEVRE_YOL_EKSENI
0
LWPOLYLINE
8
S_UMGEBUNG_STRASSE_AKS
90
2
70
0
38
0.000
10
-148.9161
20
-18.0000
10
148.9161
20
-18.0000
0
LWPOLYLINE
8
S_UMGEBUNG_STRASSE_AKS
90
2
70
0
38
0.000
10
-132.6650
20
70.0000
10
132.6650
20
70.0000
0
LWPOLYLINE
8
S_UMGEBUNG_STRASSE_AKS
90
2
70
0
38
0.000
10
-70.0000
20
-132.6650
10
-70.0000
20
132.6650
0
ENDBLK
8
0
0
BLOCK
8
0
2
CEVRE_SOKAK_ADLARI
70
0
10
0
20
0
30
0
3
CEVRE_SOKAK_ADLARI
0
TEXT
8
S_UMGEBUNG_YOL_ADI
10
-100.000
20
-18.000
30
0
40
2.5
1
Musterweg
50
0.000
72
1
11
-100.000
21
-18.000
31
0
73
2
0
TEXT
8
S_UMGEBUNG_YOL_ADI
10
60.000
20
70.000
30
0
40
2.5
1
Am Mühlenbach
50
0.000
72
1
11
60.000
21
70.000
31
0
73
2
0
TEXT
8
S_UMGEBUNG_YOL_ADI
10
-70.000
20
-90.000
30
0
40
2.5
1
Lindenstraße
50
90.000
72
1
11
-70.000
21
-90.000
31
0
73
2
0
ENDBLK
8
0
0
BLOCK
8
0
2
CEVRE_YESIL_ALAN
70
0
10
0
20
0
30
0
3
CEVRE_YESIL_ALAN
0
LWPOLYLINE
8
S_UMGEBUNG_YESIL
90
5
70
1
38
0.000
10
-140.0000
20
20.0000
10
-80.0000
20
20.0000
10
-80.0000
20
48.0000
10
-120.0000
20
48.0000
10
-138.0000
20
35.0000
0
LWPOLYLINE
8
S_UMGEBUNG_YESIL
90
4
70
1
38
0.000
10
80.0000
20
10.0000
10
130.0000
20
10.0000
10
128.0000
20
45.0000
10
95.0000
20
48.0000
0
ENDBLK
8
0
0
BLOCK
8
0
2
CEVRE_SU
70
0
10
0
20
0
30
0
3
CEVRE_SU
0
LWPOLYLINE
8
S_UMGEBUNG_SU
90
42
70
1
38
0.000
10
-100.0000
20
104.7623
10
-90.0000
20
103.4355
10
-80.0000
20
102.1709
10
-70.0000
20
101.1077
10
-60.0000
20
100.3628
10
-50.0000
20
100.0184
10
-40.0000
20
100.1122
10
-30.0000
20
100.6341
10
-20.0000
20
101.5265
10
-10.0000
20
102.6912
10
0.0000
20
104.0000
10
10.0000
20
105.3088
10
20.0000
20
106.4735
10
30.0000
20
107.3659
10
40.0000
20
107.8878
10
50.0000
20
107.9816
10
60.0000
20
107.6372
10
70.0000
20
106.8923
10
80.0000
20
105.8291
10
90.0000
20
104.5645
10
100.0000
20
103.2377
10
100.0000
20
97.2377
10
90.0000
20
98.5645
10
80.0000
20
99.8291
10
70.0000
20
100.8923
10
60.0000
20
101.6372
10
50.0000
20
101.9816
10
40.0000
20
101.8878
10
30.0000
20
101.3659
10
20.0000
20
100.4735
10
10.0000
20
99.3088
10
0.0000
20
98.0000
10
-10.0000
20
96.6912
10
-20.0000
20
95.5265
10
-30.0000
20
94.6341
10
-40.0000
20
94.1122
10
-50.0000
20
94.0184
10
-60.0000
20
94.3628
10
-70.0000
20
95.1077
10
-80.0000
20
96.1709
10
-90.0000
20
97.4355
10
-100.0000
20
98.7623
0
ENDBLK
8
0
0
BLOCK
8
0
2
CEVRE_DEMIRYOLU
70
0
10
0
20
0
30
0
3
CEVRE_DEMIRYOLU
0
LWPOLYLINE
8
S_UMGEBUNG_BAHN
90
2
70
0
38
0.000
10
-110.0000
20
-95.0000
10
105.0000
20
-118.0000
0
ENDBLK
8
0
0
ENDSEC
0
SECTION
2
ENTITIES
0
INSERT
8
S_UMGEBUNG_WAND
2
UMG_DEBY_LOD2_4001
10
0
20
0
30
0
0
INSERT
8
S_UMGEBUNG_WAND
2
UMG_DEBY_LOD2_4002
10
0
20
0
30
0
0
INSERT
8
S_UMGEBUNG_WAND
2
UMG_DEBY_LOD2_4003
10
0
20
0
30
0
0
INSERT
8
S_UMGEBUNG_WAND
2
UMG_DEBY_LOD2_4004
10
0
20
0
30
0
0
INSERT
8
S_UMGEBUNG_WAND
2
UMG_DEBY_LOD2_4005
10
0
20
0
30
0
0
INSERT
8
S_UMGEBUNG_WAND
2
UMG_DEBY_LOD2_4006
10
0
20
0
30
0
0
INSERT
8
S_UMGEBUNG_WAND
2
UMG_DEBY_LOD2_4007
10
0
20
0
30
0
0
INSERT
8
S_UMGEBUNG_WAND
2
UMG_DEBY_LOD2_4008
10
0
20
0
30
0
0
INSERT
8
S_UMGEBUNG_WAND
2
UMG_DEBY_LOD2_4009
10
0
20
0
30
0
0
INSERT
8
S_UMGEBUNG_WAND
2
UMG_DEBY_LOD2_4010
10
0
20
0
30
0
0
INSERT
8
S_UMGEBUNG_WAND
2
UMG_DEBY_LOD2_4011
10
0
20
0
30
0
0
INSERT
8
S_UMGEBUNG_WAND
2
UMG_DEBY_LOD2_4012
10
0
20
0
30
0
0
INSERT
8
S_UMGEBUNG_WAND
2
UMG_DEBY_LOD2_4013
10
0
20
0
30
0
0
INSERT
8
S_UMGEBUNG_WAND
2
UMG_DEBY_LOD2_4014
10
0
20
0
30
0
0
INSERT
8
S_UMGEBUNG_WAND
2
UMG_DEBY_LOD2_4015
10
0
20
0
30
0
0
INSERT
8
S_UMGEBUNG_WAND
2
UMG_DEBY_LOD2_4016
10
0
20
0
30
0
0
INSERT
8
S_UMGEBUNG_WAND
2
UMG_DEBY_LOD2_4017
10
0
20
0
30
0
0
INSERT
8
S_UMGEBUNG_WAND
2
UMG_DEBY_LOD2_4018
10
0
20
0
30
0
0
INSERT
8
S_UMGEBUNG_WAND
2
UMG_DEBY_LOD2_4019
10
0
20
0
30
0
0
INSERT
8
S_UMGEBUNG_WAND
2
UMG_DEBY_LOD2_4020
10
0
20
0
30
0
0
INSERT
8
S_UMGEBUNG_WAND
2
UMG_DEBY_LOD2_4021
10
0
20
0
30
0
0
INSERT
8
S_UMGEBUNG_WAND
2
UMG_DEBY_LOD2_4022
10
0
20
0
30
0
0
INSERT
8
S_UMGEBUNG_WAND
2
UMG_DEBY_LOD2_4023
10
0
20
0
30
0
0
INSERT
8
S_UMGEBUNG_WAND
2
UMG_DEBY_LOD2_4024
10
0
20
0
30
0
0
INSERT
8
S_UMGEBUNG_WAND
2
UMG_DEBY_LOD2_4025
10
0
20
0
30
0
0
INSERT
8
S_UMGEBUNG_WAND
2
UMG_DEBY_LOD2_4026
10
0
20
0
30
0
0
INSERT
8
S_UMGEBUNG_WAND
2
UMG_DEBY_LOD2_4027
10
0
20
0
30
0
0
INSERT
8
S_UMGEBUNG_WAND
2
UMG_DEBY_LOD2_4028
10
0
20
0
30
0
0
INSERT
8
S_UMGEBUNG_WAND
2
UMG_DEBY_LOD2_4029
10
0
20
0
30
0
0
INSERT
8
S_UMGEBUNG_WAND
2
UMG_DEBY_LOD2_4030
10
0
20
0
30
0
0
INSERT
8
S_UMGEBUNG_WAND
2
UMG_DEBY_LOD2_4031
10
0
20
0
30
0
0
INSERT
8
S_UMGEBUNG_WAND
2
UMG_DEBY_LOD2_4032
10
0
20
0
30
0
0
INSERT
8
S_UMGEBUNG_WAND
2
UMG_DEBY_LOD2_4033
10
0
20
0
30
0
0
INSERT
8
S_UMGEBUNG_WAND
2
UMG_DEBY_LOD2_4034
10
0
20
0
30
0
0
INSERT
8
S_UMGEBUNG_WAND
2
UMG_DEBY_LOD2_4035
10
0
20
0
30
0
0
INSERT
8
S_UMGEBUNG_WAND
2
UMG_DEBY_LOD2_4036
10
0
20
0
30
0
0
INSERT
8
S_UMGEBUNG_WAND
2
UMG_DEBY_LOD2_4037
10
0
20
0
30
0
0
INSERT
8
S_UMGEBUNG_WAND
2
UMG_DEBY_LOD2_4038
10
0
20
0
30
0
0
INSERT
8
S_UMGEBUNG_WAND
2
UMG_DEBY_LOD2_4039
10
0
20
0
30
0
0
INSERT
8
S_UMGEBUNG_WAND
2
UMG_DEBY_LOD2_4040
10
0
20
0
30
0
0
INSERT
8
S_UMGEBUNG_WAND
2
UMG_DEBY_LOD2_4041
10
0
20
0
30
0
0
INSERT
8
S_UMGEBUNG_WAND
2
UMG_DEBY_LOD2_4042
10
0
20
0
30
0
0
INSERT
8
S_UMGEBUNG_WAND
2
UMG_DEBY_LOD2_4043
10
0
20
0
30
0
0
INSERT
8
S_UMGEBUNG_WAND
2
UMG_DEBY_LOD2_4044
10
0
20
0
30
0
0
INSERT
8
S_UMGEBUNG_WAND
2
UMG_DEBY_LOD2_4045
10
0
20
0
30
0
0
INSERT
8
S_UMGEBUNG_WAND
2
UMG_DEBY_LOD2_4046
10
0
20
0
30
0
0
INSERT
8
S_UMGEBUNG_WAND
2
UMG_DEBY_LOD2_4047
10
0
20
0
30
0
0
INSERT
8
S_UMGEBUNG_WAND
2
UMG_DEBY_LOD2_4048
10
0
20
0
30
0
0
INSERT
8
S_UMGEBUNG_WAND
2
UMG_DEBY_LOD2_4049
10
0
20
0
30
0
0
INSERT
8
S_UMGEBUNG_WAND
2
UMG_DEBY_LOD2_4050
10
0
20
0
30
0
0
INSERT
8
S_UMGEBUNG_WAND
2
UMG_DEBY_LOD2_4051
10
0
20
0
30
0
0
INSERT
8
S_UMGEBUNG_WAND
2
UMG_DEBY_LOD2_4052
10
0
20
0
30
0
0
INSERT
8
S_UMGEBUNG_WAND
2
UMG_DEBY_LOD2_4053
10
0
20
0
30
0
0
INSERT
8
S_UMGEBUNG_WAND
2
UMG_DEBY_LOD2_4054
10
0
20
0
30
0
0
INSERT
8
S_UMGEBUNG_WAND
2
UMG_DEBY_LOD2_4055
10
0
20
0
30
0
0
INSERT
8
S_UMGEBUNG_WAND
2
UMG_DEBY_LOD2_4056
10
0
20
0
30
0
0
INSERT
8
S_UMGEBUNG_GRUNDRISS
2
CEVRE_TABAN_HATLARI
10
0
20
0
30
0
0
INSERT
8
S_UMGEBUNG_GELAENDE
2
CEVRE_ARAZI
10
0
20
0
30
0
0
INSERT
8
S_UMGEBUNG_STRASSE
2
CEVRE_KALDIRIM
10
0
20
0
30
0
0
INSERT
8
S_UMGEBUNG_STRASSE
2
CEVRE_YOLLAR
10
0
20
0
30
0
0
INSERT
8
S_UMGEBUNG_STRASSE
2
CEVRE_YOL_EKSENI
10
0
20
0
30
0
0
INSERT
8
S_UMGEBUNG_STRASSE
2
CEVRE_SOKAK_ADLARI
10
0
20
0
30
0
0
INSERT
8
S_UMGEBUNG_STRASSE
2
CEVRE_YESIL_ALAN
10
0
20
0
30
0
0
INSERT
8
S_UMGEBUNG_STRASSE
2
CEVRE_SU
10
0
20
0
30
0
0
INSERT
8
S_UMGEBUNG_STRASSE
2
CEVRE_DEMIRYOLU
10
0
20
0
30
0
0
ENDSEC
0
EOF
